draw,entry,eci
0,Gemma 1.1 2B IT [Instruction-tuned (IT)],101.4046398231573
0,Gemma 1.1 7B IT [Instruction-tuned (IT)],110.82203374721541
0,Gemma 2 27B IT [Instruction-tuned (IT)],121.66925762207386
0,Gemma 2 27B [Pretrained (PT)],116.70801221146445
0,Gemma 2 2B IT [Instruction-tuned (IT)],108.12855730209142
0,Gemma 2 2B [Pretrained (PT)],99.33075154851211
0,Gemma 2 9B IT [Instruction-tuned (IT)],119.6853076046401
0,Gemma 2 9B [Pretrained (PT)],111.96512190759222
0,Gemma 2B IT [Instruction-tuned (IT)],91.28146175849697
0,Gemma 2B [Pretrained (PT)],95.9817876456087
0,Gemma 3 12B IT [Instruction-tuned (IT)],128.58001511981243
0,Gemma 3 12B [Pretrained (PT)],117.07694856822953
0,Gemma 3 1B IT [Instruction-tuned (IT)],106.32183922317762
0,Gemma 3 1B [Pretrained (PT)],77.82183867209875
0,Gemma 3 27B IT [Instruction-tuned (IT)],130.67442514544896
0,Gemma 3 27B [Pretrained (PT)],120.28540260075056
0,Gemma 3 4B IT [Instruction-tuned (IT)],119.15998197055103
0,Gemma 3 4B [Pretrained (PT)],105.42182914182453
0,Gemma 3n E2B IT [Instruction-tuned (IT)],114.68847025926317
0,Gemma 3n E2B [Pretrained (PT)],98.0289956233224
0,Gemma 3n E4B IT [Instruction-tuned (IT)],113.49941364014202
0,Gemma 3n E4B [Pretrained (PT)],106.42643812732051
0,"Gemma 4 12B [IT, Thinking mode]",141.9579760131202
0,"Gemma 4 26B A4B [IT, Thinking mode]",142.25847578010413
0,"Gemma 4 31B [IT, Thinking mode]",144.67861127319298
0,"Gemma 4 E2B [IT, Thinking mode]",129.73221322594105
0,"Gemma 4 E4B [IT, Thinking mode]",134.69080127392192
0,Gemma 7B IT [Instruction-tuned (IT)],102.52341491992154
0,Gemma 7B [Pretrained (PT)],111.05955005679547
0,Llama-2-13b-chat-hf [Instruct/chat],105.89951275740026
0,Llama-2-13b-hf [Pretrained (PT)],103.19848960536947
0,Llama-2-7b-chat-hf [Instruct/chat],105.05372582518417
0,Llama-2-7b-hf [Pretrained (PT)],98.97556391789473
0,Llama-3.1-8B [Pretrained (PT)],95.3103684475849
0,Llama-3.1-8B-Instruct [Instruct/chat],118.4208408073557
0,Llama-3.2-1B [Pretrained (PT)],88.70236631647639
0,Llama-3.2-1B-Instruct [Instruct/chat],106.47381712952563
0,Llama-3.2-3B [Pretrained (PT)],106.30115814206475
0,Llama-3.2-3B-Instruct [Instruct/chat],117.32626783129191
0,Meta-Llama-3-8B [Pretrained (PT)],102.75290077690663
0,Meta-Llama-3-8B-Instruct [Instruct/chat],121.52005818547771
0,OLMo-1B-hf [Pretrained (PT)],92.96576555667053
0,OLMo-2-1124-7B-Instruct [Instruct/chat],114.83242710925538
0,OLMo-7B-Instruct-hf [Instruct/chat],104.50754650739802
0,OLMo-7B-hf [Pretrained (PT)],98.23103961096265
0,OLMoE-1B-7B-0125-Instruct [Instruct/chat],115.03784251336474
0,OLMoE-1B-7B-0924 [Pretrained (PT)],96.8884083685868
0,OLMoE-1B-7B-0924-Instruct [Instruct/chat],110.93471219618107
0,Phi-3-medium-128k-instruct [Instruct/chat],120.41343205529246
0,Phi-3-medium-4k-instruct [Instruct/chat],122.29832267094461
0,Phi-3-mini-128k-instruct [Instruct/chat],117.67722291703666
0,Phi-3-mini-4k-instruct [Instruct/chat],117.94540015493234
0,Phi-3-small-128k-instruct [Instruct/chat],121.12432040479877
0,Phi-3-small-8k-instruct [Instruct/chat],121.80670647967021
0,Phi-3.5-mini-instruct [Instruct/chat],119.21946767204095
0,Phi-4-mini-instruct [Instruct/chat],121.02709356927215
0,Qwen-1.8B-Chat [Instruct/chat],100.22148402685426
0,Qwen-14B-Chat [Instruct/chat],110.65759912857835
0,Qwen-7B-Chat [Instruct/chat],105.15779525254023
0,Qwen1.5-0.5B-Chat [Instruct/chat],79.0408314324128
0,Qwen1.5-1.8B [Base (no official chat academic scores)],100.91430188058283
0,Qwen1.5-1.8B-Chat [Instruct/chat],91.8363129437981
0,Qwen1.5-14B [Base (no official chat academic scores)],110.39407777626965
0,Qwen1.5-14B-Chat [Instruct/chat],102.65313535605968
0,Qwen1.5-32B [Base (no official chat academic scores)],111.96435023005237
0,Qwen1.5-32B-Chat [Instruct/chat],120.3165955223457
0,Qwen1.5-4B [Base (no official chat academic scores)],106.61654861159259
0,Qwen1.5-4B-Chat [Instruct/chat],104.27747157744443
0,Qwen1.5-7B [Base (no official chat academic scores)],108.43808408845756
0,Qwen1.5-7B-Chat [Instruct/chat],107.41470573892141
0,Qwen2-0.5B-Instruct [Instruct/chat],95.66633781774496
0,Qwen2-1.5B-Instruct [Instruct/chat],107.54500711904956
0,Qwen2-7B-Instruct [Instruct/chat],118.78594467827318
0,Qwen2.5-0.5B-Instruct [Instruct/chat],105.85179657789654
0,Qwen2.5-1.5B-Instruct [Instruct/chat],113.95661446628216
0,Qwen2.5-14B-Instruct [Instruct/chat],127.8045088263709
0,Qwen2.5-32B-Instruct [Instruct/chat],130.4647918874765
0,Qwen2.5-3B-Instruct [Instruct/chat],119.69127789478569
0,Qwen2.5-7B-Instruct [Instruct/chat],124.61110711638398
0,Qwen3-0.6B [Non-thinking mode],107.17470755094996
0,Qwen3-0.6B [Thinking mode],113.65553945143476
0,Qwen3-1.7B [Non-thinking mode],118.56056499519082
0,Qwen3-1.7B [Thinking mode],124.58232470708386
0,Qwen3-14B [Non-thinking mode],129.1153678323365
0,Qwen3-14B [Thinking mode],137.58434435851424
0,Qwen3-30B-A3B [Non-thinking mode],130.18240337678273
0,Qwen3-30B-A3B [Thinking mode],138.39554209471058
0,Qwen3-30B-A3B-Instruct-2507 [Instruct (non-thinking)],136.44609335428905
0,Qwen3-30B-A3B-Thinking-2507 [Thinking],141.2971968084113
0,Qwen3-32B [Non-thinking mode],132.0627012158923
0,Qwen3-32B [Thinking mode],138.55580152963742
0,Qwen3-4B [Non-thinking mode],126.52226091236598
0,Qwen3-4B [Thinking mode],135.99860556479413
0,Qwen3-4B-Instruct-2507 [Instruct (non-thinking)],133.05890408415755
0,Qwen3-4B-Thinking-2507 [Thinking],135.91577933873825
0,Qwen3-8B [Non-thinking mode],128.8108540880994
0,Qwen3-8B [Thinking mode],136.59425990672082
0,Qwen3.5-0.8B [Non-thinking rows],113.61376110469159
0,Qwen3.5-0.8B [Thinking (default)],110.8973783756124
0,Qwen3.5-27B [Thinking (default)],146.48994400936812
0,Qwen3.5-2B [Non-thinking rows],122.30534888094388
0,Qwen3.5-2B [Thinking (default)],130.4906342347097
0,Qwen3.5-35B-A3B [Thinking (default)],143.7491817169175
0,Qwen3.5-4B [Thinking (default)],140.99753795632978
0,Qwen3.5-9B [Thinking (default)],143.93832318039068
0,Qwen3.6-27B [Thinking (default)],146.86754119244773
0,Qwen3.6-35B-A3B [Thinking (default)],146.60395278530697
0,SmolLM-1.7B [Pretrained (PT)],95.84880873436609
0,SmolLM-1.7B-Instruct [Instruct/chat],83.70938511496774
0,SmolLM-135M [Pretrained (PT)],93.4647843442398
0,SmolLM-135M-Instruct [Instruct/chat],86.5733666763949
0,SmolLM-360M [Pretrained (PT)],85.9464874785504
0,SmolLM-360M-Instruct [Instruct/chat],93.0293010038946
0,SmolLM2-1.7B [Pretrained (PT)],101.14848506579122
0,SmolLM2-1.7B-Instruct [Instruct/chat],112.05713170462626
0,SmolLM2-135M [Pretrained (PT)],91.93416792719367
0,SmolLM2-135M-Instruct [Instruct/chat],88.8610086465071
0,SmolLM2-360M [Pretrained (PT)],94.80692309804226
0,SmolLM2-360M-Instruct [Instruct/chat],84.53921166789637
0,phi-1 [Pretrained (PT)],91.16542075952236
0,phi-1_5 [Pretrained (PT)],92.1725526602877
0,phi-2 [Pretrained (PT)],107.23451657598626
0,phi-4 [Pretrained (PT)],124.5902807611747
1,Gemma 1.1 2B IT [Instruction-tuned (IT)],96.86565241573155
1,Gemma 1.1 7B IT [Instruction-tuned (IT)],107.35760234359485
1,Gemma 2 27B IT [Instruction-tuned (IT)],121.42918702633237
1,Gemma 2 27B [Pretrained (PT)],115.70485746171701
1,Gemma 2 2B IT [Instruction-tuned (IT)],107.93605217038713
1,Gemma 2 2B [Pretrained (PT)],99.17409782747387
1,Gemma 2 9B IT [Instruction-tuned (IT)],119.02293462358686
1,Gemma 2 9B [Pretrained (PT)],113.59181087405499
1,Gemma 2B IT [Instruction-tuned (IT)],90.17278956624378
1,Gemma 2B [Pretrained (PT)],94.7340436722346
1,Gemma 3 12B IT [Instruction-tuned (IT)],127.09838685502399
1,Gemma 3 12B [Pretrained (PT)],116.660760352147
1,Gemma 3 1B IT [Instruction-tuned (IT)],101.88568050971205
1,Gemma 3 1B [Pretrained (PT)],91.08064598541353
1,Gemma 3 27B IT [Instruction-tuned (IT)],128.94993709920436
1,Gemma 3 27B [Pretrained (PT)],119.52014280569311
1,Gemma 3 4B IT [Instruction-tuned (IT)],121.56638561597626
1,Gemma 3 4B [Pretrained (PT)],106.41110658546673
1,Gemma 3n E2B IT [Instruction-tuned (IT)],113.93181856496554
1,Gemma 3n E2B [Pretrained (PT)],99.64171082086578
1,Gemma 3n E4B IT [Instruction-tuned (IT)],115.61443076920291
1,Gemma 3n E4B [Pretrained (PT)],107.8829285397178
1,"Gemma 4 12B [IT, Thinking mode]",140.96591676588383
1,"Gemma 4 26B A4B [IT, Thinking mode]",143.60242669172135
1,"Gemma 4 31B [IT, Thinking mode]",146.2636016867296
1,"Gemma 4 E2B [IT, Thinking mode]",129.79072232009304
1,"Gemma 4 E4B [IT, Thinking mode]",133.7526759924853
1,Gemma 7B IT [Instruction-tuned (IT)],102.4624519526577
1,Gemma 7B [Pretrained (PT)],110.63204164552053
1,Llama-2-13b-chat-hf [Instruct/chat],102.5219466248165
1,Llama-2-13b-hf [Pretrained (PT)],108.19173062696804
1,Llama-2-7b-chat-hf [Instruct/chat],102.00708457649372
1,Llama-2-7b-hf [Pretrained (PT)],98.0138758638075
1,Llama-3.1-8B [Pretrained (PT)],81.82938949379579
1,Llama-3.1-8B-Instruct [Instruct/chat],110.70452496712207
1,Llama-3.2-1B [Pretrained (PT)],84.157700680252
1,Llama-3.2-1B-Instruct [Instruct/chat],110.90641744802173
1,Llama-3.2-3B [Pretrained (PT)],85.17940590049119
1,Llama-3.2-3B-Instruct [Instruct/chat],115.54594661790046
1,Meta-Llama-3-8B [Pretrained (PT)],112.51352630655359
1,Meta-Llama-3-8B-Instruct [Instruct/chat],114.12140578471615
1,OLMo-1B-hf [Pretrained (PT)],89.90102918161779
1,OLMo-2-1124-7B-Instruct [Instruct/chat],116.54205503558596
1,OLMo-7B-Instruct-hf [Instruct/chat],102.49332806929988
1,OLMo-7B-hf [Pretrained (PT)],94.86365328502797
1,OLMoE-1B-7B-0125-Instruct [Instruct/chat],112.20606537686697
1,OLMoE-1B-7B-0924 [Pretrained (PT)],98.32009311666773
1,OLMoE-1B-7B-0924-Instruct [Instruct/chat],103.20248324067848
1,Phi-3-medium-128k-instruct [Instruct/chat],120.39027416059658
1,Phi-3-medium-4k-instruct [Instruct/chat],120.94615737054762
1,Phi-3-mini-128k-instruct [Instruct/chat],117.10054119906412
1,Phi-3-mini-4k-instruct [Instruct/chat],116.0599568735654
1,Phi-3-small-128k-instruct [Instruct/chat],119.35401054671381
1,Phi-3-small-8k-instruct [Instruct/chat],120.64865470247918
1,Phi-3.5-mini-instruct [Instruct/chat],118.1044978789144
1,Phi-4-mini-instruct [Instruct/chat],118.84353361217993
1,Qwen-1.8B-Chat [Instruct/chat],98.18414112209574
1,Qwen-14B-Chat [Instruct/chat],110.06915117402156
1,Qwen-7B-Chat [Instruct/chat],106.82542684080703
1,Qwen1.5-0.5B-Chat [Instruct/chat],84.24760199995677
1,Qwen1.5-1.8B [Base (no official chat academic scores)],103.33048119194711
1,Qwen1.5-1.8B-Chat [Instruct/chat],88.64360788614124
1,Qwen1.5-14B [Base (no official chat academic scores)],110.8155577402171
1,Qwen1.5-14B-Chat [Instruct/chat],106.69156717448107
1,Qwen1.5-32B [Base (no official chat academic scores)],115.53669873215236
1,Qwen1.5-32B-Chat [Instruct/chat],119.31540483534677
1,Qwen1.5-4B [Base (no official chat academic scores)],106.40417342292251
1,Qwen1.5-4B-Chat [Instruct/chat],101.9859958478973
1,Qwen1.5-7B [Base (no official chat academic scores)],109.58571164578932
1,Qwen1.5-7B-Chat [Instruct/chat],99.54502897502233
1,Qwen2-0.5B-Instruct [Instruct/chat],95.70537271619858
1,Qwen2-1.5B-Instruct [Instruct/chat],105.80088771832075
1,Qwen2-7B-Instruct [Instruct/chat],118.70757381786589
1,Qwen2.5-0.5B-Instruct [Instruct/chat],109.88689421370682
1,Qwen2.5-1.5B-Instruct [Instruct/chat],114.66301722866996
1,Qwen2.5-14B-Instruct [Instruct/chat],125.80923426981823
1,Qwen2.5-32B-Instruct [Instruct/chat],127.43513504230712
1,Qwen2.5-3B-Instruct [Instruct/chat],116.67877274244005
1,Qwen2.5-7B-Instruct [Instruct/chat],123.91342354753095
1,Qwen3-0.6B [Non-thinking mode],106.82538175555928
1,Qwen3-0.6B [Thinking mode],117.97865377163792
1,Qwen3-1.7B [Non-thinking mode],121.61366446537673
1,Qwen3-1.7B [Thinking mode],123.96113925197258
1,Qwen3-14B [Non-thinking mode],129.75154415054584
1,Qwen3-14B [Thinking mode],137.79613713500834
1,Qwen3-30B-A3B [Non-thinking mode],129.88589195602245
1,Qwen3-30B-A3B [Thinking mode],137.50040691284764
1,Qwen3-30B-A3B-Instruct-2507 [Instruct (non-thinking)],135.859564676105
1,Qwen3-30B-A3B-Thinking-2507 [Thinking],140.55934621793065
1,Qwen3-32B [Non-thinking mode],128.4826300186624
1,Qwen3-32B [Thinking mode],139.06877481365385
1,Qwen3-4B [Non-thinking mode],125.49369522388024
1,Qwen3-4B [Thinking mode],135.94838703069072
1,Qwen3-4B-Instruct-2507 [Instruct (non-thinking)],131.5813260059029
1,Qwen3-4B-Thinking-2507 [Thinking],137.61093868691438
1,Qwen3-8B [Non-thinking mode],126.93571596646498
1,Qwen3-8B [Thinking mode],136.8059914157747
1,Qwen3.5-0.8B [Non-thinking rows],105.32274251370279
1,Qwen3.5-0.8B [Thinking (default)],106.83461331822677
1,Qwen3.5-27B [Thinking (default)],147.468455578877
1,Qwen3.5-2B [Non-thinking rows],119.08292305063205
1,Qwen3.5-2B [Thinking (default)],127.84779950482823
1,Qwen3.5-35B-A3B [Thinking (default)],144.77682787686797
1,Qwen3.5-4B [Thinking (default)],141.29192058962974
1,Qwen3.5-9B [Thinking (default)],144.35229714734587
1,Qwen3.6-27B [Thinking (default)],150.0703020479902
1,Qwen3.6-35B-A3B [Thinking (default)],143.4889022093567
1,SmolLM-1.7B [Pretrained (PT)],90.56208519355874
1,SmolLM-1.7B-Instruct [Instruct/chat],91.48320898162439
1,SmolLM-135M [Pretrained (PT)],90.0874201260743
1,SmolLM-135M-Instruct [Instruct/chat],86.48046182994027
1,SmolLM-360M [Pretrained (PT)],90.46970272556638
1,SmolLM-360M-Instruct [Instruct/chat],87.46865872518914
1,SmolLM2-1.7B [Pretrained (PT)],96.10596555424725
1,SmolLM2-1.7B-Instruct [Instruct/chat],109.43203567704086
1,SmolLM2-135M [Pretrained (PT)],87.74454837113691
1,SmolLM2-135M-Instruct [Instruct/chat],94.7438657589711
1,SmolLM2-360M [Pretrained (PT)],87.25320019949659
1,SmolLM2-360M-Instruct [Instruct/chat],98.12512438961097
1,phi-1 [Pretrained (PT)],88.90414069345132
1,phi-1_5 [Pretrained (PT)],95.57841098210335
1,phi-2 [Pretrained (PT)],105.9106833797241
1,phi-4 [Pretrained (PT)],126.94850419571496
2,Gemma 1.1 2B IT [Instruction-tuned (IT)],92.75309410708596
2,Gemma 1.1 7B IT [Instruction-tuned (IT)],104.10236378866463
2,Gemma 2 27B IT [Instruction-tuned (IT)],122.48040829089763
2,Gemma 2 27B [Pretrained (PT)],114.10257629772236
2,Gemma 2 2B IT [Instruction-tuned (IT)],106.89377106306891
2,Gemma 2 2B [Pretrained (PT)],99.01104465641419
2,Gemma 2 9B IT [Instruction-tuned (IT)],119.30285065414978
2,Gemma 2 9B [Pretrained (PT)],113.35228663296603
2,Gemma 2B IT [Instruction-tuned (IT)],94.6520915566279
2,Gemma 2B [Pretrained (PT)],96.6244961333721
2,Gemma 3 12B IT [Instruction-tuned (IT)],127.02399996316633
2,Gemma 3 12B [Pretrained (PT)],113.75590261015233
2,Gemma 3 1B IT [Instruction-tuned (IT)],107.05935498339934
2,Gemma 3 1B [Pretrained (PT)],76.02820174248299
2,Gemma 3 27B IT [Instruction-tuned (IT)],128.94290991030593
2,Gemma 3 27B [Pretrained (PT)],121.77927857213803
2,Gemma 3 4B IT [Instruction-tuned (IT)],122.37559446645471
2,Gemma 3 4B [Pretrained (PT)],105.1971703993888
2,Gemma 3n E2B IT [Instruction-tuned (IT)],113.60661428361648
2,Gemma 3n E2B [Pretrained (PT)],100.92212234453501
2,Gemma 3n E4B IT [Instruction-tuned (IT)],121.80720804692184
2,Gemma 3n E4B [Pretrained (PT)],108.27255784456422
2,"Gemma 4 12B [IT, Thinking mode]",141.18259400127886
2,"Gemma 4 26B A4B [IT, Thinking mode]",144.3296085707712
2,"Gemma 4 31B [IT, Thinking mode]",145.20281606083358
2,"Gemma 4 E2B [IT, Thinking mode]",128.78063327772207
2,"Gemma 4 E4B [IT, Thinking mode]",133.59301650766525
2,Gemma 7B IT [Instruction-tuned (IT)],101.12732160168015
2,Gemma 7B [Pretrained (PT)],110.56714309891422
2,Llama-2-13b-chat-hf [Instruct/chat],103.21746373775241
2,Llama-2-13b-hf [Pretrained (PT)],107.95516984231318
2,Llama-2-7b-chat-hf [Instruct/chat],97.69941126386566
2,Llama-2-7b-hf [Pretrained (PT)],97.99422608606855
2,Llama-3.1-8B [Pretrained (PT)],112.96436898726422
2,Llama-3.1-8B-Instruct [Instruct/chat],114.94500131366364
2,Llama-3.2-1B [Pretrained (PT)],85.59044193231652
2,Llama-3.2-1B-Instruct [Instruct/chat],107.25297350045295
2,Llama-3.2-3B [Pretrained (PT)],106.41205242683384
2,Llama-3.2-3B-Instruct [Instruct/chat],116.55024661981788
2,Meta-Llama-3-8B [Pretrained (PT)],89.74919142136534
2,Meta-Llama-3-8B-Instruct [Instruct/chat],115.0547282809998
2,OLMo-1B-hf [Pretrained (PT)],82.88005665989908
2,OLMo-2-1124-7B-Instruct [Instruct/chat],119.41320036167912
2,OLMo-7B-Instruct-hf [Instruct/chat],101.24047238420135
2,OLMo-7B-hf [Pretrained (PT)],94.18681514867302
2,OLMoE-1B-7B-0125-Instruct [Instruct/chat],113.73513441509279
2,OLMoE-1B-7B-0924 [Pretrained (PT)],93.85235837933035
2,OLMoE-1B-7B-0924-Instruct [Instruct/chat],104.88469842264792
2,Phi-3-medium-128k-instruct [Instruct/chat],118.71982795678304
2,Phi-3-medium-4k-instruct [Instruct/chat],120.82892119878045
2,Phi-3-mini-128k-instruct [Instruct/chat],117.35543193596307
2,Phi-3-mini-4k-instruct [Instruct/chat],117.92602979131637
2,Phi-3-small-128k-instruct [Instruct/chat],120.27034136288275
2,Phi-3-small-8k-instruct [Instruct/chat],121.30076719575129
2,Phi-3.5-mini-instruct [Instruct/chat],117.68319860335474
2,Phi-4-mini-instruct [Instruct/chat],119.90631215650139
2,Qwen-1.8B-Chat [Instruct/chat],101.29822439863514
2,Qwen-14B-Chat [Instruct/chat],111.07793705051444
2,Qwen-7B-Chat [Instruct/chat],106.33290045039666
2,Qwen1.5-0.5B-Chat [Instruct/chat],59.584642648968526
2,Qwen1.5-1.8B [Base (no official chat academic scores)],102.87446382355054
2,Qwen1.5-1.8B-Chat [Instruct/chat],93.39119365383485
2,Qwen1.5-14B [Base (no official chat academic scores)],111.86112195716377
2,Qwen1.5-14B-Chat [Instruct/chat],104.0515848901586
2,Qwen1.5-32B [Base (no official chat academic scores)],113.46896226456016
2,Qwen1.5-32B-Chat [Instruct/chat],115.3455694986457
2,Qwen1.5-4B [Base (no official chat academic scores)],106.61074584470342
2,Qwen1.5-4B-Chat [Instruct/chat],96.88515429763606
2,Qwen1.5-7B [Base (no official chat academic scores)],105.75698058059767
2,Qwen1.5-7B-Chat [Instruct/chat],102.3866011175135
2,Qwen2-0.5B-Instruct [Instruct/chat],92.75758747305434
2,Qwen2-1.5B-Instruct [Instruct/chat],108.87144452833232
2,Qwen2-7B-Instruct [Instruct/chat],117.70510513940319
2,Qwen2.5-0.5B-Instruct [Instruct/chat],108.63941777073829
2,Qwen2.5-1.5B-Instruct [Instruct/chat],114.42418782906036
2,Qwen2.5-14B-Instruct [Instruct/chat],126.1720982690711
2,Qwen2.5-32B-Instruct [Instruct/chat],129.7214457136547
2,Qwen2.5-3B-Instruct [Instruct/chat],120.58162905152155
2,Qwen2.5-7B-Instruct [Instruct/chat],123.3513260897558
2,Qwen3-0.6B [Non-thinking mode],107.07696856210652
2,Qwen3-0.6B [Thinking mode],112.94603725690112
2,Qwen3-1.7B [Non-thinking mode],118.07209708499457
2,Qwen3-1.7B [Thinking mode],122.76602605435811
2,Qwen3-14B [Non-thinking mode],127.86661833763567
2,Qwen3-14B [Thinking mode],136.8700000006561
2,Qwen3-30B-A3B [Non-thinking mode],128.27962882212026
2,Qwen3-30B-A3B [Thinking mode],137.1546330304697
2,Qwen3-30B-A3B-Instruct-2507 [Instruct (non-thinking)],137.94447382838882
2,Qwen3-30B-A3B-Thinking-2507 [Thinking],141.21370191428875
2,Qwen3-32B [Non-thinking mode],130.1073311260344
2,Qwen3-32B [Thinking mode],137.4854577984706
2,Qwen3-4B [Non-thinking mode],125.00695166926806
2,Qwen3-4B [Thinking mode],134.54963088963126
2,Qwen3-4B-Instruct-2507 [Instruct (non-thinking)],131.1659998861335
2,Qwen3-4B-Thinking-2507 [Thinking],137.820564752833
2,Qwen3-8B [Non-thinking mode],126.87799788007234
2,Qwen3-8B [Thinking mode],135.54713510884594
2,Qwen3.5-0.8B [Non-thinking rows],105.23896418716774
2,Qwen3.5-0.8B [Thinking (default)],106.65889920130357
2,Qwen3.5-27B [Thinking (default)],147.84277777718984
2,Qwen3.5-2B [Non-thinking rows],121.27465002133783
2,Qwen3.5-2B [Thinking (default)],128.69711230192902
2,Qwen3.5-35B-A3B [Thinking (default)],144.49491506819584
2,Qwen3.5-4B [Thinking (default)],141.15204949291643
2,Qwen3.5-9B [Thinking (default)],144.37710483342764
2,Qwen3.6-27B [Thinking (default)],149.82944169077015
2,Qwen3.6-35B-A3B [Thinking (default)],147.04697605681883
2,SmolLM-1.7B [Pretrained (PT)],91.35001034104292
2,SmolLM-1.7B-Instruct [Instruct/chat],90.85762327497139
2,SmolLM-135M [Pretrained (PT)],91.42261525434918
2,SmolLM-135M-Instruct [Instruct/chat],82.39216710222499
2,SmolLM-360M [Pretrained (PT)],82.26259367495277
2,SmolLM-360M-Instruct [Instruct/chat],89.47070624154924
2,SmolLM2-1.7B [Pretrained (PT)],97.75850045536276
2,SmolLM2-1.7B-Instruct [Instruct/chat],101.6403209365128
2,SmolLM2-135M [Pretrained (PT)],89.3746725920374
2,SmolLM2-135M-Instruct [Instruct/chat],97.88302615530553
2,SmolLM2-360M [Pretrained (PT)],90.74154160928428
2,SmolLM2-360M-Instruct [Instruct/chat],82.50422766404014
2,phi-1 [Pretrained (PT)],89.31852323844907
2,phi-1_5 [Pretrained (PT)],92.69189763810166
2,phi-2 [Pretrained (PT)],105.38148172936198
2,phi-4 [Pretrained (PT)],129.60754055325526
3,Gemma 1.1 2B IT [Instruction-tuned (IT)],92.10383462094393
3,Gemma 1.1 7B IT [Instruction-tuned (IT)],103.580008217874
3,Gemma 2 27B IT [Instruction-tuned (IT)],121.76476404572705
3,Gemma 2 27B [Pretrained (PT)],116.23896860510685
3,Gemma 2 2B IT [Instruction-tuned (IT)],104.06769318394012
3,Gemma 2 2B [Pretrained (PT)],98.76481196209357
3,Gemma 2 9B IT [Instruction-tuned (IT)],119.01459986985938
3,Gemma 2 9B [Pretrained (PT)],112.61598853932945
3,Gemma 2B IT [Instruction-tuned (IT)],91.41542831601343
3,Gemma 2B [Pretrained (PT)],93.54072435082173
3,Gemma 3 12B IT [Instruction-tuned (IT)],127.85614305623601
3,Gemma 3 12B [Pretrained (PT)],116.71304413763313
3,Gemma 3 1B IT [Instruction-tuned (IT)],103.2449518569042
3,Gemma 3 1B [Pretrained (PT)],84.27242356838292
3,Gemma 3 27B IT [Instruction-tuned (IT)],130.05694418134829
3,Gemma 3 27B [Pretrained (PT)],121.20230490654318
3,Gemma 3 4B IT [Instruction-tuned (IT)],120.74819630893553
3,Gemma 3 4B [Pretrained (PT)],105.52744665895901
3,Gemma 3n E2B IT [Instruction-tuned (IT)],117.64244773072713
3,Gemma 3n E2B [Pretrained (PT)],97.52097371502992
3,Gemma 3n E4B IT [Instruction-tuned (IT)],120.15179085309353
3,Gemma 3n E4B [Pretrained (PT)],106.39876507338444
3,"Gemma 4 12B [IT, Thinking mode]",140.23640192159868
3,"Gemma 4 26B A4B [IT, Thinking mode]",141.94847248995342
3,"Gemma 4 31B [IT, Thinking mode]",144.93065479818065
3,"Gemma 4 E2B [IT, Thinking mode]",129.51007414165323
3,"Gemma 4 E4B [IT, Thinking mode]",134.79504651713282
3,Gemma 7B IT [Instruction-tuned (IT)],99.92988586217183
3,Gemma 7B [Pretrained (PT)],108.68551592517275
3,Llama-2-13b-chat-hf [Instruct/chat],97.83789002260434
3,Llama-2-13b-hf [Pretrained (PT)],101.4129742031042
3,Llama-2-7b-chat-hf [Instruct/chat],95.81608708378076
3,Llama-2-7b-hf [Pretrained (PT)],99.09708073456218
3,Llama-3.1-8B [Pretrained (PT)],111.38682084495615
3,Llama-3.1-8B-Instruct [Instruct/chat],112.54842061672689
3,Llama-3.2-1B [Pretrained (PT)],75.13110401045182
3,Llama-3.2-1B-Instruct [Instruct/chat],110.95242025048341
3,Llama-3.2-3B [Pretrained (PT)],76.78746655578047
3,Llama-3.2-3B-Instruct [Instruct/chat],113.18631492567795
3,Meta-Llama-3-8B [Pretrained (PT)],110.09321662324311
3,Meta-Llama-3-8B-Instruct [Instruct/chat],115.19501141970962
3,OLMo-1B-hf [Pretrained (PT)],83.95008526858635
3,OLMo-2-1124-7B-Instruct [Instruct/chat],111.18191232654831
3,OLMo-7B-Instruct-hf [Instruct/chat],97.96912295848873
3,OLMo-7B-hf [Pretrained (PT)],89.56561974107294
3,OLMoE-1B-7B-0125-Instruct [Instruct/chat],111.44776305067958
3,OLMoE-1B-7B-0924 [Pretrained (PT)],85.7603923301719
3,OLMoE-1B-7B-0924-Instruct [Instruct/chat],98.72882848780036
3,Phi-3-medium-128k-instruct [Instruct/chat],122.88206159434957
3,Phi-3-medium-4k-instruct [Instruct/chat],120.94356061127935
3,Phi-3-mini-128k-instruct [Instruct/chat],117.1328032061396
3,Phi-3-mini-4k-instruct [Instruct/chat],116.62504379313107
3,Phi-3-small-128k-instruct [Instruct/chat],119.97766979313103
3,Phi-3-small-8k-instruct [Instruct/chat],119.5671840971628
3,Phi-3.5-mini-instruct [Instruct/chat],118.32085823248869
3,Phi-4-mini-instruct [Instruct/chat],118.75858553023791
3,Qwen-1.8B-Chat [Instruct/chat],96.12096660656223
3,Qwen-14B-Chat [Instruct/chat],109.53048032114631
3,Qwen-7B-Chat [Instruct/chat],104.27021337031357
3,Qwen1.5-0.5B-Chat [Instruct/chat],67.05915564212467
3,Qwen1.5-1.8B [Base (no official chat academic scores)],99.27696239841448
3,Qwen1.5-1.8B-Chat [Instruct/chat],85.71453986727622
3,Qwen1.5-14B [Base (no official chat academic scores)],111.39872929888226
3,Qwen1.5-14B-Chat [Instruct/chat],108.95490940150506
3,Qwen1.5-32B [Base (no official chat academic scores)],114.08760507877732
3,Qwen1.5-32B-Chat [Instruct/chat],116.78150841325558
3,Qwen1.5-4B [Base (no official chat academic scores)],102.98898972421478
3,Qwen1.5-4B-Chat [Instruct/chat],96.31848222316648
3,Qwen1.5-7B [Base (no official chat academic scores)],108.63930104130725
3,Qwen1.5-7B-Chat [Instruct/chat],97.9857450498156
3,Qwen2-0.5B-Instruct [Instruct/chat],97.2336041576408
3,Qwen2-1.5B-Instruct [Instruct/chat],106.09390230074912
3,Qwen2-7B-Instruct [Instruct/chat],119.95870746256942
3,Qwen2.5-0.5B-Instruct [Instruct/chat],104.79248225518523
3,Qwen2.5-1.5B-Instruct [Instruct/chat],113.49506521196216
3,Qwen2.5-14B-Instruct [Instruct/chat],127.85690939345342
3,Qwen2.5-32B-Instruct [Instruct/chat],130.49624785557438
3,Qwen2.5-3B-Instruct [Instruct/chat],116.94528946597697
3,Qwen2.5-7B-Instruct [Instruct/chat],124.94811474838335
3,Qwen3-0.6B [Non-thinking mode],109.67417526493875
3,Qwen3-0.6B [Thinking mode],112.03000970017331
3,Qwen3-1.7B [Non-thinking mode],117.7627637848648
3,Qwen3-1.7B [Thinking mode],123.5815793917844
3,Qwen3-14B [Non-thinking mode],130.65313478050288
3,Qwen3-14B [Thinking mode],137.05043545900494
3,Qwen3-30B-A3B [Non-thinking mode],130.8132135354802
3,Qwen3-30B-A3B [Thinking mode],137.66986429288323
3,Qwen3-30B-A3B-Instruct-2507 [Instruct (non-thinking)],136.41750972812216
3,Qwen3-30B-A3B-Thinking-2507 [Thinking],140.7877685777936
3,Qwen3-32B [Non-thinking mode],130.98305768744854
3,Qwen3-32B [Thinking mode],138.48368147765183
3,Qwen3-4B [Non-thinking mode],126.15974551883349
3,Qwen3-4B [Thinking mode],134.8970681055063
3,Qwen3-4B-Instruct-2507 [Instruct (non-thinking)],133.49629105828407
3,Qwen3-4B-Thinking-2507 [Thinking],138.5064922115737
3,Qwen3-8B [Non-thinking mode],129.3304494477398
3,Qwen3-8B [Thinking mode],136.26432676012783
3,Qwen3.5-0.8B [Non-thinking rows],95.44768534685937
3,Qwen3.5-0.8B [Thinking (default)],112.60066709095362
3,Qwen3.5-27B [Thinking (default)],146.89917038522154
3,Qwen3.5-2B [Non-thinking rows],120.48225881444175
3,Qwen3.5-2B [Thinking (default)],129.99579933325225
3,Qwen3.5-35B-A3B [Thinking (default)],144.15172155470032
3,Qwen3.5-4B [Thinking (default)],141.70339895355747
3,Qwen3.5-9B [Thinking (default)],143.69487429290774
3,Qwen3.6-27B [Thinking (default)],147.5553979886839
3,Qwen3.6-35B-A3B [Thinking (default)],143.9232547664253
3,SmolLM-1.7B [Pretrained (PT)],84.91096037562451
3,SmolLM-1.7B-Instruct [Instruct/chat],84.39320397625377
3,SmolLM-135M [Pretrained (PT)],82.33735839446122
3,SmolLM-135M-Instruct [Instruct/chat],76.53333282881886
3,SmolLM-360M [Pretrained (PT)],82.29385774678798
3,SmolLM-360M-Instruct [Instruct/chat],72.63990524928505
3,SmolLM2-1.7B [Pretrained (PT)],95.93388533422521
3,SmolLM2-1.7B-Instruct [Instruct/chat],107.11792316986913
3,SmolLM2-135M [Pretrained (PT)],78.02991212987962
3,SmolLM2-135M-Instruct [Instruct/chat],80.83311703301378
3,SmolLM2-360M [Pretrained (PT)],80.10305465720117
3,SmolLM2-360M-Instruct [Instruct/chat],82.4490857338298
3,phi-1 [Pretrained (PT)],80.54748619095858
3,phi-1_5 [Pretrained (PT)],79.18150483819133
3,phi-2 [Pretrained (PT)],97.96575868064215
3,phi-4 [Pretrained (PT)],129.9364816621776
4,Gemma 1.1 2B IT [Instruction-tuned (IT)],93.0314477139728
4,Gemma 1.1 7B IT [Instruction-tuned (IT)],107.60452998215003
4,Gemma 2 27B IT [Instruction-tuned (IT)],122.07005083111395
4,Gemma 2 27B [Pretrained (PT)],117.15801087564705
4,Gemma 2 2B IT [Instruction-tuned (IT)],111.74210647458327
4,Gemma 2 2B [Pretrained (PT)],95.95693735157462
4,Gemma 2 9B IT [Instruction-tuned (IT)],118.33630236952708
4,Gemma 2 9B [Pretrained (PT)],111.20366298581219
4,Gemma 2B IT [Instruction-tuned (IT)],90.89141347216676
4,Gemma 2B [Pretrained (PT)],94.64724485760634
4,Gemma 3 12B IT [Instruction-tuned (IT)],126.10116192630434
4,Gemma 3 12B [Pretrained (PT)],113.48937827196724
4,Gemma 3 1B IT [Instruction-tuned (IT)],102.44902095708528
4,Gemma 3 1B [Pretrained (PT)],85.37858684689681
4,Gemma 3 27B IT [Instruction-tuned (IT)],129.16297443565884
4,Gemma 3 27B [Pretrained (PT)],119.90146788573097
4,Gemma 3 4B IT [Instruction-tuned (IT)],119.16363557922972
4,Gemma 3 4B [Pretrained (PT)],104.3276620716068
4,Gemma 3n E2B IT [Instruction-tuned (IT)],113.3833119236098
4,Gemma 3n E2B [Pretrained (PT)],97.35892770538956
4,Gemma 3n E4B IT [Instruction-tuned (IT)],116.3937103660457
4,Gemma 3n E4B [Pretrained (PT)],106.68842876427158
4,"Gemma 4 12B [IT, Thinking mode]",141.35184904456577
4,"Gemma 4 26B A4B [IT, Thinking mode]",144.93805278434263
4,"Gemma 4 31B [IT, Thinking mode]",146.66667706196282
4,"Gemma 4 E2B [IT, Thinking mode]",129.52661688662715
4,"Gemma 4 E4B [IT, Thinking mode]",135.83317881949299
4,Gemma 7B IT [Instruction-tuned (IT)],99.08534020049339
4,Gemma 7B [Pretrained (PT)],110.01958317360267
4,Llama-2-13b-chat-hf [Instruct/chat],99.55048938149815
4,Llama-2-13b-hf [Pretrained (PT)],105.61381496768787
4,Llama-2-7b-chat-hf [Instruct/chat],103.18380958983607
4,Llama-2-7b-hf [Pretrained (PT)],98.22990572353866
4,Llama-3.1-8B [Pretrained (PT)],87.19157268463536
4,Llama-3.1-8B-Instruct [Instruct/chat],115.20033204163902
4,Llama-3.2-1B [Pretrained (PT)],79.71095439638287
4,Llama-3.2-1B-Instruct [Instruct/chat],111.08240479076848
4,Llama-3.2-3B [Pretrained (PT)],103.23931928812807
4,Llama-3.2-3B-Instruct [Instruct/chat],109.20647712155716
4,Meta-Llama-3-8B [Pretrained (PT)],95.93428450124733
4,Meta-Llama-3-8B-Instruct [Instruct/chat],118.39447518226093
4,OLMo-1B-hf [Pretrained (PT)],80.54588048165658
4,OLMo-2-1124-7B-Instruct [Instruct/chat],117.17688192934284
4,OLMo-7B-Instruct-hf [Instruct/chat],98.82982865111671
4,OLMo-7B-hf [Pretrained (PT)],76.95823308843447
4,OLMoE-1B-7B-0125-Instruct [Instruct/chat],99.32221539701207
4,OLMoE-1B-7B-0924 [Pretrained (PT)],88.25990870279448
4,OLMoE-1B-7B-0924-Instruct [Instruct/chat],97.09504504746724
4,Phi-3-medium-128k-instruct [Instruct/chat],124.67258615050852
4,Phi-3-medium-4k-instruct [Instruct/chat],125.3334423577537
4,Phi-3-mini-128k-instruct [Instruct/chat],115.88422249685068
4,Phi-3-mini-4k-instruct [Instruct/chat],117.47876113208663
4,Phi-3-small-128k-instruct [Instruct/chat],120.57852943708396
4,Phi-3-small-8k-instruct [Instruct/chat],123.07473147860452
4,Phi-3.5-mini-instruct [Instruct/chat],118.26851897944651
4,Phi-4-mini-instruct [Instruct/chat],129.56367475131123
4,Qwen-1.8B-Chat [Instruct/chat],99.77429258391365
4,Qwen-14B-Chat [Instruct/chat],110.142183462356
4,Qwen-7B-Chat [Instruct/chat],107.49043507796395
4,Qwen1.5-0.5B-Chat [Instruct/chat],62.181889286254766
4,Qwen1.5-1.8B [Base (no official chat academic scores)],101.75441000719562
4,Qwen1.5-1.8B-Chat [Instruct/chat],85.65865578829823
4,Qwen1.5-14B [Base (no official chat academic scores)],111.9102119454132
4,Qwen1.5-14B-Chat [Instruct/chat],104.43324638475931
4,Qwen1.5-32B [Base (no official chat academic scores)],115.3158506079025
4,Qwen1.5-32B-Chat [Instruct/chat],118.40054530663485
4,Qwen1.5-4B [Base (no official chat academic scores)],107.16475984575443
4,Qwen1.5-4B-Chat [Instruct/chat],96.43411664732683
4,Qwen1.5-7B [Base (no official chat academic scores)],109.52613646744459
4,Qwen1.5-7B-Chat [Instruct/chat],101.24854602228653
4,Qwen2-0.5B-Instruct [Instruct/chat],102.32071767596912
4,Qwen2-1.5B-Instruct [Instruct/chat],108.39761635705811
4,Qwen2-7B-Instruct [Instruct/chat],119.83782274751853
4,Qwen2.5-0.5B-Instruct [Instruct/chat],107.50591897178188
4,Qwen2.5-1.5B-Instruct [Instruct/chat],115.53474650048234
4,Qwen2.5-14B-Instruct [Instruct/chat],127.38966048858619
4,Qwen2.5-32B-Instruct [Instruct/chat],129.90690012997305
4,Qwen2.5-3B-Instruct [Instruct/chat],121.61119588145135
4,Qwen2.5-7B-Instruct [Instruct/chat],125.1073417607282
4,Qwen3-0.6B [Non-thinking mode],91.30365984859193
4,Qwen3-0.6B [Thinking mode],114.61536434787233
4,Qwen3-1.7B [Non-thinking mode],119.89016492024334
4,Qwen3-1.7B [Thinking mode],127.6204997423726
4,Qwen3-14B [Non-thinking mode],130.0987393174575
4,Qwen3-14B [Thinking mode],137.50365694369805
4,Qwen3-30B-A3B [Non-thinking mode],130.05743215702154
4,Qwen3-30B-A3B [Thinking mode],137.70476360870632
4,Qwen3-30B-A3B-Instruct-2507 [Instruct (non-thinking)],135.9905524997312
4,Qwen3-30B-A3B-Thinking-2507 [Thinking],141.25766358219133
4,Qwen3-32B [Non-thinking mode],129.00525856427984
4,Qwen3-32B [Thinking mode],138.2208445573798
4,Qwen3-4B [Non-thinking mode],126.10679974712087
4,Qwen3-4B [Thinking mode],135.0208914278083
4,Qwen3-4B-Instruct-2507 [Instruct (non-thinking)],133.15071362756868
4,Qwen3-4B-Thinking-2507 [Thinking],138.62917223378543
4,Qwen3-8B [Non-thinking mode],128.12970051006474
4,Qwen3-8B [Thinking mode],136.7214923325212
4,Qwen3.5-0.8B [Non-thinking rows],106.74254790017521
4,Qwen3.5-0.8B [Thinking (default)],110.01069812007536
4,Qwen3.5-27B [Thinking (default)],147.73502759037405
4,Qwen3.5-2B [Non-thinking rows],121.27663566305222
4,Qwen3.5-2B [Thinking (default)],129.79930927559255
4,Qwen3.5-35B-A3B [Thinking (default)],145.90671338516637
4,Qwen3.5-4B [Thinking (default)],142.32674485639046
4,Qwen3.5-9B [Thinking (default)],144.47056720381522
4,Qwen3.6-27B [Thinking (default)],149.4179695394441
4,Qwen3.6-35B-A3B [Thinking (default)],146.52394045158036
4,SmolLM-1.7B [Pretrained (PT)],75.58540948751869
4,SmolLM-1.7B-Instruct [Instruct/chat],69.7777965251482
4,SmolLM-135M [Pretrained (PT)],86.40791006644538
4,SmolLM-135M-Instruct [Instruct/chat],73.96365450066395
4,SmolLM-360M [Pretrained (PT)],85.40078246496574
4,SmolLM-360M-Instruct [Instruct/chat],84.37005313764286
4,SmolLM2-1.7B [Pretrained (PT)],92.54993903896431
4,SmolLM2-1.7B-Instruct [Instruct/chat],100.08684380759526
4,SmolLM2-135M [Pretrained (PT)],81.55816570248362
4,SmolLM2-135M-Instruct [Instruct/chat],76.08091652001112
4,SmolLM2-360M [Pretrained (PT)],85.16258068794609
4,SmolLM2-360M-Instruct [Instruct/chat],100.55993166628534
4,phi-1 [Pretrained (PT)],85.01162061582357
4,phi-1_5 [Pretrained (PT)],88.98702076073374
4,phi-2 [Pretrained (PT)],109.88419077085074
4,phi-4 [Pretrained (PT)],127.76670436663218
5,Gemma 1.1 2B IT [Instruction-tuned (IT)],99.21896525273203
5,Gemma 1.1 7B IT [Instruction-tuned (IT)],105.26006041777002
5,Gemma 2 27B IT [Instruction-tuned (IT)],123.31771359539208
5,Gemma 2 27B [Pretrained (PT)],117.21798750991458
5,Gemma 2 2B IT [Instruction-tuned (IT)],111.37734594960894
5,Gemma 2 2B [Pretrained (PT)],97.62296529137936
5,Gemma 2 9B IT [Instruction-tuned (IT)],119.11962576220391
5,Gemma 2 9B [Pretrained (PT)],113.450518931651
5,Gemma 2B IT [Instruction-tuned (IT)],88.626178862626
5,Gemma 2B [Pretrained (PT)],94.1796161404194
5,Gemma 3 12B IT [Instruction-tuned (IT)],127.43971177543285
5,Gemma 3 12B [Pretrained (PT)],118.96342509417143
5,Gemma 3 1B IT [Instruction-tuned (IT)],109.6554496123168
5,Gemma 3 1B [Pretrained (PT)],75.86472582176381
5,Gemma 3 27B IT [Instruction-tuned (IT)],130.44192554460597
5,Gemma 3 27B [Pretrained (PT)],121.27292697697462
5,Gemma 3 4B IT [Instruction-tuned (IT)],120.80897334355713
5,Gemma 3 4B [Pretrained (PT)],104.82640593650713
5,Gemma 3n E2B IT [Instruction-tuned (IT)],116.97887808723678
5,Gemma 3n E2B [Pretrained (PT)],97.29270188283084
5,Gemma 3n E4B IT [Instruction-tuned (IT)],121.60719300927221
5,Gemma 3n E4B [Pretrained (PT)],109.21609847101028
5,"Gemma 4 12B [IT, Thinking mode]",142.45570867612358
5,"Gemma 4 26B A4B [IT, Thinking mode]",143.58753728614658
5,"Gemma 4 31B [IT, Thinking mode]",146.14772283837266
5,"Gemma 4 E2B [IT, Thinking mode]",132.1290319648628
5,"Gemma 4 E4B [IT, Thinking mode]",134.789433132028
5,Gemma 7B IT [Instruction-tuned (IT)],99.52289081414992
5,Gemma 7B [Pretrained (PT)],109.50068928990434
5,Llama-2-13b-chat-hf [Instruct/chat],101.50121791782384
5,Llama-2-13b-hf [Pretrained (PT)],104.08367643587667
5,Llama-2-7b-chat-hf [Instruct/chat],87.31676103153448
5,Llama-2-7b-hf [Pretrained (PT)],99.00388760801283
5,Llama-3.1-8B [Pretrained (PT)],112.21907101465567
5,Llama-3.1-8B-Instruct [Instruct/chat],106.12641011544683
5,Llama-3.2-1B [Pretrained (PT)],81.22082990900986
5,Llama-3.2-1B-Instruct [Instruct/chat],92.97597372894188
5,Llama-3.2-3B [Pretrained (PT)],93.12293932502911
5,Llama-3.2-3B-Instruct [Instruct/chat],118.69066951767095
5,Meta-Llama-3-8B [Pretrained (PT)],97.67809297610088
5,Meta-Llama-3-8B-Instruct [Instruct/chat],113.85303463538831
5,OLMo-1B-hf [Pretrained (PT)],90.99102398033608
5,OLMo-2-1124-7B-Instruct [Instruct/chat],118.17129424079633
5,OLMo-7B-Instruct-hf [Instruct/chat],100.55668899291877
5,OLMo-7B-hf [Pretrained (PT)],94.16994791242128
5,OLMoE-1B-7B-0125-Instruct [Instruct/chat],101.60798525102214
5,OLMoE-1B-7B-0924 [Pretrained (PT)],92.52244255069436
5,OLMoE-1B-7B-0924-Instruct [Instruct/chat],99.58050226041077
5,Phi-3-medium-128k-instruct [Instruct/chat],120.76476573182387
5,Phi-3-medium-4k-instruct [Instruct/chat],120.26439231277588
5,Phi-3-mini-128k-instruct [Instruct/chat],117.86658826439083
5,Phi-3-mini-4k-instruct [Instruct/chat],117.07934063025411
5,Phi-3-small-128k-instruct [Instruct/chat],120.75124869584816
5,Phi-3-small-8k-instruct [Instruct/chat],122.48536318330605
5,Phi-3.5-mini-instruct [Instruct/chat],117.7165154379011
5,Phi-4-mini-instruct [Instruct/chat],118.80295465977422
5,Qwen-1.8B-Chat [Instruct/chat],99.84254519168564
5,Qwen-14B-Chat [Instruct/chat],110.59566923459649
5,Qwen-7B-Chat [Instruct/chat],105.80433451273093
5,Qwen1.5-0.5B-Chat [Instruct/chat],65.05737034481243
5,Qwen1.5-1.8B [Base (no official chat academic scores)],103.0184206893035
5,Qwen1.5-1.8B-Chat [Instruct/chat],91.13735669816705
5,Qwen1.5-14B [Base (no official chat academic scores)],111.73632399334022
5,Qwen1.5-14B-Chat [Instruct/chat],104.42506011899893
5,Qwen1.5-32B [Base (no official chat academic scores)],114.26861743260822
5,Qwen1.5-32B-Chat [Instruct/chat],115.38372061831359
5,Qwen1.5-4B [Base (no official chat academic scores)],104.67302114146202
5,Qwen1.5-4B-Chat [Instruct/chat],97.28511417069276
5,Qwen1.5-7B [Base (no official chat academic scores)],109.50288400491361
5,Qwen1.5-7B-Chat [Instruct/chat],107.19441786512058
5,Qwen2-0.5B-Instruct [Instruct/chat],92.67020598589346
5,Qwen2-1.5B-Instruct [Instruct/chat],107.69411361537668
5,Qwen2-7B-Instruct [Instruct/chat],119.40165133118423
5,Qwen2.5-0.5B-Instruct [Instruct/chat],104.6149394341484
5,Qwen2.5-1.5B-Instruct [Instruct/chat],115.86640886823288
5,Qwen2.5-14B-Instruct [Instruct/chat],128.38469841411273
5,Qwen2.5-32B-Instruct [Instruct/chat],130.5528333319971
5,Qwen2.5-3B-Instruct [Instruct/chat],118.8480181814029
5,Qwen2.5-7B-Instruct [Instruct/chat],124.89664751761461
5,Qwen3-0.6B [Non-thinking mode],104.36288556453859
5,Qwen3-0.6B [Thinking mode],116.51394004397997
5,Qwen3-1.7B [Non-thinking mode],118.19397505555676
5,Qwen3-1.7B [Thinking mode],124.40891924308727
5,Qwen3-14B [Non-thinking mode],130.25895647531902
5,Qwen3-14B [Thinking mode],137.91489231670292
5,Qwen3-30B-A3B [Non-thinking mode],131.84452918533484
5,Qwen3-30B-A3B [Thinking mode],139.03912235688517
5,Qwen3-30B-A3B-Instruct-2507 [Instruct (non-thinking)],136.39182613962828
5,Qwen3-30B-A3B-Thinking-2507 [Thinking],142.85861991333874
5,Qwen3-32B [Non-thinking mode],130.7894503407636
5,Qwen3-32B [Thinking mode],141.100871060969
5,Qwen3-4B [Non-thinking mode],127.7497634143499
5,Qwen3-4B [Thinking mode],136.51047667735332
5,Qwen3-4B-Instruct-2507 [Instruct (non-thinking)],133.08996390007306
5,Qwen3-4B-Thinking-2507 [Thinking],138.2354734441397
5,Qwen3-8B [Non-thinking mode],128.6655935260076
5,Qwen3-8B [Thinking mode],137.654403743049
5,Qwen3.5-0.8B [Non-thinking rows],110.72474783862559
5,Qwen3.5-0.8B [Thinking (default)],114.36157649742944
5,Qwen3.5-27B [Thinking (default)],148.00733730759924
5,Qwen3.5-2B [Non-thinking rows],120.79821324927657
5,Qwen3.5-2B [Thinking (default)],130.407481814192
5,Qwen3.5-35B-A3B [Thinking (default)],146.32277413677852
5,Qwen3.5-4B [Thinking (default)],141.91160501581422
5,Qwen3.5-9B [Thinking (default)],144.8410139788114
5,Qwen3.6-27B [Thinking (default)],149.4467571739733
5,Qwen3.6-35B-A3B [Thinking (default)],147.77887731654278
5,SmolLM-1.7B [Pretrained (PT)],92.62393073682244
5,SmolLM-1.7B-Instruct [Instruct/chat],72.61832144180967
5,SmolLM-135M [Pretrained (PT)],90.85890874011352
5,SmolLM-135M-Instruct [Instruct/chat],76.99199417042522
5,SmolLM-360M [Pretrained (PT)],88.24927912840248
5,SmolLM-360M-Instruct [Instruct/chat],75.52972739121057
5,SmolLM2-1.7B [Pretrained (PT)],98.72727168403517
5,SmolLM2-1.7B-Instruct [Instruct/chat],98.4615596673637
5,SmolLM2-135M [Pretrained (PT)],88.01997241718232
5,SmolLM2-135M-Instruct [Instruct/chat],77.71301837027951
5,SmolLM2-360M [Pretrained (PT)],88.34452915726365
5,SmolLM2-360M-Instruct [Instruct/chat],98.26570592040892
5,phi-1 [Pretrained (PT)],88.18073307873199
5,phi-1_5 [Pretrained (PT)],83.33719100131827
5,phi-2 [Pretrained (PT)],92.56990706337946
5,phi-4 [Pretrained (PT)],129.70783390421087
6,Gemma 1.1 2B IT [Instruction-tuned (IT)],94.23577517563882
6,Gemma 1.1 7B IT [Instruction-tuned (IT)],104.4959743132801
6,Gemma 2 27B IT [Instruction-tuned (IT)],121.64048238931395
6,Gemma 2 27B [Pretrained (PT)],112.47740350652501
6,Gemma 2 2B IT [Instruction-tuned (IT)],111.50464581009041
6,Gemma 2 2B [Pretrained (PT)],97.92174718582392
6,Gemma 2 9B IT [Instruction-tuned (IT)],118.05448828995745
6,Gemma 2 9B [Pretrained (PT)],106.95630100338451
6,Gemma 2B IT [Instruction-tuned (IT)],90.71040162671517
6,Gemma 2B [Pretrained (PT)],94.95829755991369
6,Gemma 3 12B IT [Instruction-tuned (IT)],127.18187850527539
6,Gemma 3 12B [Pretrained (PT)],113.78271520035078
6,Gemma 3 1B IT [Instruction-tuned (IT)],103.42002091070864
6,Gemma 3 1B [Pretrained (PT)],84.17808455666545
6,Gemma 3 27B IT [Instruction-tuned (IT)],129.56258879981982
6,Gemma 3 27B [Pretrained (PT)],116.66640128322
6,Gemma 3 4B IT [Instruction-tuned (IT)],114.97677752312335
6,Gemma 3 4B [Pretrained (PT)],106.0589815833865
6,Gemma 3n E2B IT [Instruction-tuned (IT)],110.4075313895712
6,Gemma 3n E2B [Pretrained (PT)],97.73929220099883
6,Gemma 3n E4B IT [Instruction-tuned (IT)],115.32656610002368
6,Gemma 3n E4B [Pretrained (PT)],104.16701049452193
6,"Gemma 4 12B [IT, Thinking mode]",141.9096913143043
6,"Gemma 4 26B A4B [IT, Thinking mode]",144.254950705498
6,"Gemma 4 31B [IT, Thinking mode]",144.30106859435162
6,"Gemma 4 E2B [IT, Thinking mode]",130.03777018487042
6,"Gemma 4 E4B [IT, Thinking mode]",134.11393748328234
6,Gemma 7B IT [Instruction-tuned (IT)],99.7115836833383
6,Gemma 7B [Pretrained (PT)],111.1359917768937
6,Llama-2-13b-chat-hf [Instruct/chat],91.51152583512308
6,Llama-2-13b-hf [Pretrained (PT)],106.48165492630741
6,Llama-2-7b-chat-hf [Instruct/chat],85.57228349578199
6,Llama-2-7b-hf [Pretrained (PT)],100.97364493724059
6,Llama-3.1-8B [Pretrained (PT)],110.13187281849129
6,Llama-3.1-8B-Instruct [Instruct/chat],116.48119832401996
6,Llama-3.2-1B [Pretrained (PT)],83.78768467626094
6,Llama-3.2-1B-Instruct [Instruct/chat],111.09846548677854
6,Llama-3.2-3B [Pretrained (PT)],87.62286431822166
6,Llama-3.2-3B-Instruct [Instruct/chat],114.36357306616209
6,Meta-Llama-3-8B [Pretrained (PT)],107.3529551206932
6,Meta-Llama-3-8B-Instruct [Instruct/chat],117.4691465840326
6,OLMo-1B-hf [Pretrained (PT)],90.95173016354053
6,OLMo-2-1124-7B-Instruct [Instruct/chat],119.87895056452285
6,OLMo-7B-Instruct-hf [Instruct/chat],99.78100355700697
6,OLMo-7B-hf [Pretrained (PT)],83.41066706108796
6,OLMoE-1B-7B-0125-Instruct [Instruct/chat],98.35756892885368
6,OLMoE-1B-7B-0924 [Pretrained (PT)],91.57854063665987
6,OLMoE-1B-7B-0924-Instruct [Instruct/chat],106.3553105977327
6,Phi-3-medium-128k-instruct [Instruct/chat],119.54672979618769
6,Phi-3-medium-4k-instruct [Instruct/chat],121.819821385377
6,Phi-3-mini-128k-instruct [Instruct/chat],116.0340936201673
6,Phi-3-mini-4k-instruct [Instruct/chat],116.46783758858325
6,Phi-3-small-128k-instruct [Instruct/chat],122.69255781201561
6,Phi-3-small-8k-instruct [Instruct/chat],122.11848314099653
6,Phi-3.5-mini-instruct [Instruct/chat],117.66480066524534
6,Phi-4-mini-instruct [Instruct/chat],118.16514340569911
6,Qwen-1.8B-Chat [Instruct/chat],98.99331217744444
6,Qwen-14B-Chat [Instruct/chat],109.53042821283897
6,Qwen-7B-Chat [Instruct/chat],104.73523460118986
6,Qwen1.5-0.5B-Chat [Instruct/chat],73.88265777559982
6,Qwen1.5-1.8B [Base (no official chat academic scores)],99.45849469284612
6,Qwen1.5-1.8B-Chat [Instruct/chat],85.31379588841187
6,Qwen1.5-14B [Base (no official chat academic scores)],111.82196264103325
6,Qwen1.5-14B-Chat [Instruct/chat],105.16973123411678
6,Qwen1.5-32B [Base (no official chat academic scores)],114.42039955982021
6,Qwen1.5-32B-Chat [Instruct/chat],117.30793468189333
6,Qwen1.5-4B [Base (no official chat academic scores)],105.5036883394213
6,Qwen1.5-4B-Chat [Instruct/chat],103.27998800832393
6,Qwen1.5-7B [Base (no official chat academic scores)],107.72532698990457
6,Qwen1.5-7B-Chat [Instruct/chat],97.53099463060352
6,Qwen2-0.5B-Instruct [Instruct/chat],92.58699396378515
6,Qwen2-1.5B-Instruct [Instruct/chat],103.89861064289094
6,Qwen2-7B-Instruct [Instruct/chat],117.86659178639265
6,Qwen2.5-0.5B-Instruct [Instruct/chat],105.90048339243779
6,Qwen2.5-1.5B-Instruct [Instruct/chat],113.44215031053467
6,Qwen2.5-14B-Instruct [Instruct/chat],126.7195289794149
6,Qwen2.5-32B-Instruct [Instruct/chat],130.06005518859627
6,Qwen2.5-3B-Instruct [Instruct/chat],120.45681436341715
6,Qwen2.5-7B-Instruct [Instruct/chat],122.94888660189132
6,Qwen3-0.6B [Non-thinking mode],108.75836921778566
6,Qwen3-0.6B [Thinking mode],111.59651538016892
6,Qwen3-1.7B [Non-thinking mode],117.42458951673889
6,Qwen3-1.7B [Thinking mode],126.97902585906535
6,Qwen3-14B [Non-thinking mode],127.65676352211759
6,Qwen3-14B [Thinking mode],136.39603278128308
6,Qwen3-30B-A3B [Non-thinking mode],128.37644289379736
6,Qwen3-30B-A3B [Thinking mode],136.58543358261434
6,Qwen3-30B-A3B-Instruct-2507 [Instruct (non-thinking)],136.02627103544953
6,Qwen3-30B-A3B-Thinking-2507 [Thinking],140.30478102838032
6,Qwen3-32B [Non-thinking mode],127.73412229061445
6,Qwen3-32B [Thinking mode],137.34744719457947
6,Qwen3-4B [Non-thinking mode],124.47978522346709
6,Qwen3-4B [Thinking mode],132.9561323338924
6,Qwen3-4B-Instruct-2507 [Instruct (non-thinking)],130.75696846487907
6,Qwen3-4B-Thinking-2507 [Thinking],135.15670040059288
6,Qwen3-8B [Non-thinking mode],126.4631978267437
6,Qwen3-8B [Thinking mode],135.13837793230846
6,Qwen3.5-0.8B [Non-thinking rows],108.69006300958753
6,Qwen3.5-0.8B [Thinking (default)],112.89856165830473
6,Qwen3.5-27B [Thinking (default)],148.02292019326603
6,Qwen3.5-2B [Non-thinking rows],117.87064196713261
6,Qwen3.5-2B [Thinking (default)],130.69184626050787
6,Qwen3.5-35B-A3B [Thinking (default)],144.0569428546616
6,Qwen3.5-4B [Thinking (default)],141.08191083960097
6,Qwen3.5-9B [Thinking (default)],142.47283940721667
6,Qwen3.6-27B [Thinking (default)],147.65961805439784
6,Qwen3.6-35B-A3B [Thinking (default)],146.52132683571512
6,SmolLM-1.7B [Pretrained (PT)],77.06697615837221
6,SmolLM-1.7B-Instruct [Instruct/chat],76.5674440714288
6,SmolLM-135M [Pretrained (PT)],87.96810957668447
6,SmolLM-135M-Instruct [Instruct/chat],76.82010735419978
6,SmolLM-360M [Pretrained (PT)],88.497999031734
6,SmolLM-360M-Instruct [Instruct/chat],88.10915638129342
6,SmolLM2-1.7B [Pretrained (PT)],95.20015948288867
6,SmolLM2-1.7B-Instruct [Instruct/chat],99.7763484666655
6,SmolLM2-135M [Pretrained (PT)],86.21359097514679
6,SmolLM2-135M-Instruct [Instruct/chat],85.17286798200576
6,SmolLM2-360M [Pretrained (PT)],87.58359839446868
6,SmolLM2-360M-Instruct [Instruct/chat],75.35909830765927
6,phi-1 [Pretrained (PT)],87.45501882984689
6,phi-1_5 [Pretrained (PT)],92.3090697955369
6,phi-2 [Pretrained (PT)],105.42465586270251
6,phi-4 [Pretrained (PT)],130.2812627070104
7,Gemma 1.1 2B IT [Instruction-tuned (IT)],99.90189388021933
7,Gemma 1.1 7B IT [Instruction-tuned (IT)],104.02813921424699
7,Gemma 2 27B IT [Instruction-tuned (IT)],122.04817126623387
7,Gemma 2 27B [Pretrained (PT)],112.35616984140616
7,Gemma 2 2B IT [Instruction-tuned (IT)],112.13159332468082
7,Gemma 2 2B [Pretrained (PT)],97.7394987321701
7,Gemma 2 9B IT [Instruction-tuned (IT)],117.85306382429407
7,Gemma 2 9B [Pretrained (PT)],109.83009848687213
7,Gemma 2B IT [Instruction-tuned (IT)],91.18215237959198
7,Gemma 2B [Pretrained (PT)],95.34983718164906
7,Gemma 3 12B IT [Instruction-tuned (IT)],127.45576652125624
7,Gemma 3 12B [Pretrained (PT)],112.21375982022587
7,Gemma 3 1B IT [Instruction-tuned (IT)],102.54729852884078
7,Gemma 3 1B [Pretrained (PT)],81.56777527094027
7,Gemma 3 27B IT [Instruction-tuned (IT)],127.57683208159479
7,Gemma 3 27B [Pretrained (PT)],115.33292046503988
7,Gemma 3 4B IT [Instruction-tuned (IT)],119.23129842706271
7,Gemma 3 4B [Pretrained (PT)],105.09282071309855
7,Gemma 3n E2B IT [Instruction-tuned (IT)],108.76352099670176
7,Gemma 3n E2B [Pretrained (PT)],99.3477682060593
7,Gemma 3n E4B IT [Instruction-tuned (IT)],112.75760488217753
7,Gemma 3n E4B [Pretrained (PT)],104.9240554216779
7,"Gemma 4 12B [IT, Thinking mode]",142.30935686150218
7,"Gemma 4 26B A4B [IT, Thinking mode]",144.7505330664971
7,"Gemma 4 31B [IT, Thinking mode]",146.7127932442218
7,"Gemma 4 E2B [IT, Thinking mode]",129.47510235628914
7,"Gemma 4 E4B [IT, Thinking mode]",133.6643987710385
7,Gemma 7B IT [Instruction-tuned (IT)],99.45921055083468
7,Gemma 7B [Pretrained (PT)],108.34238564048466
7,Llama-2-13b-chat-hf [Instruct/chat],105.8054889757135
7,Llama-2-13b-hf [Pretrained (PT)],103.53397868790667
7,Llama-2-7b-chat-hf [Instruct/chat],105.31381944967865
7,Llama-2-7b-hf [Pretrained (PT)],97.62976633700893
7,Llama-3.1-8B [Pretrained (PT)],103.53199851240907
7,Llama-3.1-8B-Instruct [Instruct/chat],113.55372889661713
7,Llama-3.2-1B [Pretrained (PT)],94.52523914008407
7,Llama-3.2-1B-Instruct [Instruct/chat],111.76983990263594
7,Llama-3.2-3B [Pretrained (PT)],98.1355643205008
7,Llama-3.2-3B-Instruct [Instruct/chat],117.01305847537688
7,Meta-Llama-3-8B [Pretrained (PT)],97.7747656813042
7,Meta-Llama-3-8B-Instruct [Instruct/chat],118.74811955857928
7,OLMo-1B-hf [Pretrained (PT)],96.79840692130108
7,OLMo-2-1124-7B-Instruct [Instruct/chat],115.53492364759332
7,OLMo-7B-Instruct-hf [Instruct/chat],99.87404271724247
7,OLMo-7B-hf [Pretrained (PT)],97.22865089970479
7,OLMoE-1B-7B-0125-Instruct [Instruct/chat],110.83414768822395
7,OLMoE-1B-7B-0924 [Pretrained (PT)],98.72226418660702
7,OLMoE-1B-7B-0924-Instruct [Instruct/chat],109.0461978909276
7,Phi-3-medium-128k-instruct [Instruct/chat],119.79874684733126
7,Phi-3-medium-4k-instruct [Instruct/chat],119.97580061834638
7,Phi-3-mini-128k-instruct [Instruct/chat],116.56019077458475
7,Phi-3-mini-4k-instruct [Instruct/chat],114.90231110295149
7,Phi-3-small-128k-instruct [Instruct/chat],119.02053764042554
7,Phi-3-small-8k-instruct [Instruct/chat],119.28523656624573
7,Phi-3.5-mini-instruct [Instruct/chat],119.18076851394984
7,Phi-4-mini-instruct [Instruct/chat],120.66217481857872
7,Qwen-1.8B-Chat [Instruct/chat],97.6313394814783
7,Qwen-14B-Chat [Instruct/chat],107.77424520807573
7,Qwen-7B-Chat [Instruct/chat],103.79585521086952
7,Qwen1.5-0.5B-Chat [Instruct/chat],78.84836083840815
7,Qwen1.5-1.8B [Base (no official chat academic scores)],100.8113272279866
7,Qwen1.5-1.8B-Chat [Instruct/chat],90.56405858235601
7,Qwen1.5-14B [Base (no official chat academic scores)],109.66551330658433
7,Qwen1.5-14B-Chat [Instruct/chat],109.18093842942767
7,Qwen1.5-32B [Base (no official chat academic scores)],112.23489991952623
7,Qwen1.5-32B-Chat [Instruct/chat],118.30071634083914
7,Qwen1.5-4B [Base (no official chat academic scores)],104.30597465053614
7,Qwen1.5-4B-Chat [Instruct/chat],99.31087888103471
7,Qwen1.5-7B [Base (no official chat academic scores)],107.44732617819174
7,Qwen1.5-7B-Chat [Instruct/chat],99.77669506381483
7,Qwen2-0.5B-Instruct [Instruct/chat],90.04614962014313
7,Qwen2-1.5B-Instruct [Instruct/chat],107.660064814302
7,Qwen2-7B-Instruct [Instruct/chat],118.80853193778277
7,Qwen2.5-0.5B-Instruct [Instruct/chat],107.28860490183001
7,Qwen2.5-1.5B-Instruct [Instruct/chat],113.98618415952883
7,Qwen2.5-14B-Instruct [Instruct/chat],126.85582991297441
7,Qwen2.5-32B-Instruct [Instruct/chat],130.19107007299533
7,Qwen2.5-3B-Instruct [Instruct/chat],119.40796826788996
7,Qwen2.5-7B-Instruct [Instruct/chat],122.62148991448753
7,Qwen3-0.6B [Non-thinking mode],100.29123839914813
7,Qwen3-0.6B [Thinking mode],116.80567145326779
7,Qwen3-1.7B [Non-thinking mode],116.90019372152186
7,Qwen3-1.7B [Thinking mode],123.43170225028753
7,Qwen3-14B [Non-thinking mode],128.26584717677076
7,Qwen3-14B [Thinking mode],137.81340841752672
7,Qwen3-30B-A3B [Non-thinking mode],128.6019674413222
7,Qwen3-30B-A3B [Thinking mode],138.08134399766877
7,Qwen3-30B-A3B-Instruct-2507 [Instruct (non-thinking)],136.62220779339253
7,Qwen3-30B-A3B-Thinking-2507 [Thinking],141.9633478902613
7,Qwen3-32B [Non-thinking mode],129.70804646216575
7,Qwen3-32B [Thinking mode],138.811775921025
7,Qwen3-4B [Non-thinking mode],124.45025208907516
7,Qwen3-4B [Thinking mode],135.31189408392888
7,Qwen3-4B-Instruct-2507 [Instruct (non-thinking)],132.3993727918776
7,Qwen3-4B-Thinking-2507 [Thinking],138.11024999365105
7,Qwen3-8B [Non-thinking mode],126.29219223386056
7,Qwen3-8B [Thinking mode],136.51698072058446
7,Qwen3.5-0.8B [Non-thinking rows],107.74740783367461
7,Qwen3.5-0.8B [Thinking (default)],104.00632690145879
7,Qwen3.5-27B [Thinking (default)],148.89389947863828
7,Qwen3.5-2B [Non-thinking rows],116.92945225409213
7,Qwen3.5-2B [Thinking (default)],130.81652921539205
7,Qwen3.5-35B-A3B [Thinking (default)],145.64756141115092
7,Qwen3.5-4B [Thinking (default)],143.05756805071442
7,Qwen3.5-9B [Thinking (default)],146.71536592091454
7,Qwen3.6-27B [Thinking (default)],149.59400474780767
7,Qwen3.6-35B-A3B [Thinking (default)],148.21250563612313
7,SmolLM-1.7B [Pretrained (PT)],98.71814012044251
7,SmolLM-1.7B-Instruct [Instruct/chat],95.52293115806094
7,SmolLM-135M [Pretrained (PT)],89.8604278435696
7,SmolLM-135M-Instruct [Instruct/chat],92.2394754140543
7,SmolLM-360M [Pretrained (PT)],80.40392925000265
7,SmolLM-360M-Instruct [Instruct/chat],96.32193163773871
7,SmolLM2-1.7B [Pretrained (PT)],100.7231966351825
7,SmolLM2-1.7B-Instruct [Instruct/chat],100.17695261950901
7,SmolLM2-135M [Pretrained (PT)],89.23957231062198
7,SmolLM2-135M-Instruct [Instruct/chat],85.77987010533553
7,SmolLM2-360M [Pretrained (PT)],99.96991028338721
7,SmolLM2-360M-Instruct [Instruct/chat],75.96562837977324
7,phi-1 [Pretrained (PT)],85.64484313749863
7,phi-1_5 [Pretrained (PT)],89.74051004959149
7,phi-2 [Pretrained (PT)],106.14170572575424
7,phi-4 [Pretrained (PT)],96.80147216091356
8,Gemma 1.1 2B IT [Instruction-tuned (IT)],90.08437265118786
8,Gemma 1.1 7B IT [Instruction-tuned (IT)],106.72434788129235
8,Gemma 2 27B IT [Instruction-tuned (IT)],122.9128154644002
8,Gemma 2 27B [Pretrained (PT)],115.00548490370247
8,Gemma 2 2B IT [Instruction-tuned (IT)],112.614471908447
8,Gemma 2 2B [Pretrained (PT)],97.84277028950227
8,Gemma 2 9B IT [Instruction-tuned (IT)],118.78853528744247
8,Gemma 2 9B [Pretrained (PT)],112.51973315988057
8,Gemma 2B IT [Instruction-tuned (IT)],90.29944583649507
8,Gemma 2B [Pretrained (PT)],93.00926992553347
8,Gemma 3 12B IT [Instruction-tuned (IT)],127.13135476230666
8,Gemma 3 12B [Pretrained (PT)],115.17997837503151
8,Gemma 3 1B IT [Instruction-tuned (IT)],112.34268299697459
8,Gemma 3 1B [Pretrained (PT)],83.48157884548004
8,Gemma 3 27B IT [Instruction-tuned (IT)],128.82597021535273
8,Gemma 3 27B [Pretrained (PT)],116.54022973970805
8,Gemma 3 4B IT [Instruction-tuned (IT)],121.85118528049335
8,Gemma 3 4B [Pretrained (PT)],105.09261831232726
8,Gemma 3n E2B IT [Instruction-tuned (IT)],114.58455040469649
8,Gemma 3n E2B [Pretrained (PT)],99.1658226910073
8,Gemma 3n E4B IT [Instruction-tuned (IT)],118.07916232334217
8,Gemma 3n E4B [Pretrained (PT)],106.60875756050895
8,"Gemma 4 12B [IT, Thinking mode]",142.9239958431585
8,"Gemma 4 26B A4B [IT, Thinking mode]",145.78173878996918
8,"Gemma 4 31B [IT, Thinking mode]",147.8980243217014
8,"Gemma 4 E2B [IT, Thinking mode]",129.42888043456855
8,"Gemma 4 E4B [IT, Thinking mode]",134.94964450141782
8,Gemma 7B IT [Instruction-tuned (IT)],101.54206883091628
8,Gemma 7B [Pretrained (PT)],109.76303164078236
8,Llama-2-13b-chat-hf [Instruct/chat],96.52239021897174
8,Llama-2-13b-hf [Pretrained (PT)],104.84844034304834
8,Llama-2-7b-chat-hf [Instruct/chat],100.86404508048042
8,Llama-2-7b-hf [Pretrained (PT)],99.94544606282197
8,Llama-3.1-8B [Pretrained (PT)],111.91386147638285
8,Llama-3.1-8B-Instruct [Instruct/chat],114.82245167144687
8,Llama-3.2-1B [Pretrained (PT)],84.61823291234285
8,Llama-3.2-1B-Instruct [Instruct/chat],106.98915225489716
8,Llama-3.2-3B [Pretrained (PT)],103.70566454684922
8,Llama-3.2-3B-Instruct [Instruct/chat],117.61183030746223
8,Meta-Llama-3-8B [Pretrained (PT)],98.4035506940156
8,Meta-Llama-3-8B-Instruct [Instruct/chat],118.59326183367257
8,OLMo-1B-hf [Pretrained (PT)],90.64843613316751
8,OLMo-2-1124-7B-Instruct [Instruct/chat],115.38201575516968
8,OLMo-7B-Instruct-hf [Instruct/chat],97.71706537006754
8,OLMo-7B-hf [Pretrained (PT)],96.79206603379015
8,OLMoE-1B-7B-0125-Instruct [Instruct/chat],111.46075333530479
8,OLMoE-1B-7B-0924 [Pretrained (PT)],94.19938010103793
8,OLMoE-1B-7B-0924-Instruct [Instruct/chat],105.97462238184369
8,Phi-3-medium-128k-instruct [Instruct/chat],121.2926305610842
8,Phi-3-medium-4k-instruct [Instruct/chat],119.60829569428947
8,Phi-3-mini-128k-instruct [Instruct/chat],116.78828415919831
8,Phi-3-mini-4k-instruct [Instruct/chat],115.86762503499918
8,Phi-3-small-128k-instruct [Instruct/chat],120.14083313679943
8,Phi-3-small-8k-instruct [Instruct/chat],120.93134342895242
8,Phi-3.5-mini-instruct [Instruct/chat],118.97418791663317
8,Phi-4-mini-instruct [Instruct/chat],119.75981924954775
8,Qwen-1.8B-Chat [Instruct/chat],96.92477612911914
8,Qwen-14B-Chat [Instruct/chat],108.72884627220219
8,Qwen-7B-Chat [Instruct/chat],103.28371914759269
8,Qwen1.5-0.5B-Chat [Instruct/chat],72.66781137056513
8,Qwen1.5-1.8B [Base (no official chat academic scores)],101.139318940871
8,Qwen1.5-1.8B-Chat [Instruct/chat],91.3991175481888
8,Qwen1.5-14B [Base (no official chat academic scores)],110.71895311563786
8,Qwen1.5-14B-Chat [Instruct/chat],107.53773080313736
8,Qwen1.5-32B [Base (no official chat academic scores)],115.22589367873763
8,Qwen1.5-32B-Chat [Instruct/chat],116.45257787564013
8,Qwen1.5-4B [Base (no official chat academic scores)],104.48989508283333
8,Qwen1.5-4B-Chat [Instruct/chat],99.51207984512496
8,Qwen1.5-7B [Base (no official chat academic scores)],109.4112048099739
8,Qwen1.5-7B-Chat [Instruct/chat],106.61519558579047
8,Qwen2-0.5B-Instruct [Instruct/chat],98.47269100617984
8,Qwen2-1.5B-Instruct [Instruct/chat],103.03667913001519
8,Qwen2-7B-Instruct [Instruct/chat],117.88658275442246
8,Qwen2.5-0.5B-Instruct [Instruct/chat],101.88234657710426
8,Qwen2.5-1.5B-Instruct [Instruct/chat],115.42826724887888
8,Qwen2.5-14B-Instruct [Instruct/chat],128.38946220082272
8,Qwen2.5-32B-Instruct [Instruct/chat],131.86713667809565
8,Qwen2.5-3B-Instruct [Instruct/chat],120.39988455612573
8,Qwen2.5-7B-Instruct [Instruct/chat],124.23394010418427
8,Qwen3-0.6B [Non-thinking mode],113.78469566463558
8,Qwen3-0.6B [Thinking mode],117.23195870790445
8,Qwen3-1.7B [Non-thinking mode],119.2545001391374
8,Qwen3-1.7B [Thinking mode],125.44339320054729
8,Qwen3-14B [Non-thinking mode],130.32988662772308
8,Qwen3-14B [Thinking mode],137.23236642578848
8,Qwen3-30B-A3B [Non-thinking mode],130.32439194297098
8,Qwen3-30B-A3B [Thinking mode],137.39913825057846
8,Qwen3-30B-A3B-Instruct-2507 [Instruct (non-thinking)],136.20021501722653
8,Qwen3-30B-A3B-Thinking-2507 [Thinking],141.72135383094593
8,Qwen3-32B [Non-thinking mode],128.7991630744317
8,Qwen3-32B [Thinking mode],138.71399742488975
8,Qwen3-4B [Non-thinking mode],127.23604399125638
8,Qwen3-4B [Thinking mode],135.06265998743078
8,Qwen3-4B-Instruct-2507 [Instruct (non-thinking)],132.57703583982908
8,Qwen3-4B-Thinking-2507 [Thinking],138.7860091797106
8,Qwen3-8B [Non-thinking mode],128.6152921139009
8,Qwen3-8B [Thinking mode],136.33728128476866
8,Qwen3.5-0.8B [Non-thinking rows],108.24579717547482
8,Qwen3.5-0.8B [Thinking (default)],107.3120219160043
8,Qwen3.5-27B [Thinking (default)],147.16481214088938
8,Qwen3.5-2B [Non-thinking rows],122.84965659934501
8,Qwen3.5-2B [Thinking (default)],129.49169332561362
8,Qwen3.5-35B-A3B [Thinking (default)],145.55869734710166
8,Qwen3.5-4B [Thinking (default)],142.61445771165336
8,Qwen3.5-9B [Thinking (default)],144.61339613378263
8,Qwen3.6-27B [Thinking (default)],148.43567282779833
8,Qwen3.6-35B-A3B [Thinking (default)],145.66682993772125
8,SmolLM-1.7B [Pretrained (PT)],83.75526827025985
8,SmolLM-1.7B-Instruct [Instruct/chat],91.06684113221647
8,SmolLM-135M [Pretrained (PT)],88.84290141196429
8,SmolLM-135M-Instruct [Instruct/chat],81.64066641352466
8,SmolLM-360M [Pretrained (PT)],91.7865818149632
8,SmolLM-360M-Instruct [Instruct/chat],89.1493904092312
8,SmolLM2-1.7B [Pretrained (PT)],102.76445145898805
8,SmolLM2-1.7B-Instruct [Instruct/chat],105.94648628442525
8,SmolLM2-135M [Pretrained (PT)],88.92031321439823
8,SmolLM2-135M-Instruct [Instruct/chat],85.77410049291724
8,SmolLM2-360M [Pretrained (PT)],91.85710655508353
8,SmolLM2-360M-Instruct [Instruct/chat],104.23709179800932
8,phi-1 [Pretrained (PT)],88.28832586691196
8,phi-1_5 [Pretrained (PT)],87.61545455159262
8,phi-2 [Pretrained (PT)],110.53899058435022
8,phi-4 [Pretrained (PT)],128.4196388568322
9,Gemma 1.1 2B IT [Instruction-tuned (IT)],95.47194142255134
9,Gemma 1.1 7B IT [Instruction-tuned (IT)],104.87191936920624
9,Gemma 2 27B IT [Instruction-tuned (IT)],123.0010579169439
9,Gemma 2 27B [Pretrained (PT)],115.52001920728466
9,Gemma 2 2B IT [Instruction-tuned (IT)],105.42658240117512
9,Gemma 2 2B [Pretrained (PT)],99.77282001747722
9,Gemma 2 9B IT [Instruction-tuned (IT)],117.8598522844291
9,Gemma 2 9B [Pretrained (PT)],111.39718125967649
9,Gemma 2B IT [Instruction-tuned (IT)],89.66507263083363
9,Gemma 2B [Pretrained (PT)],92.83782382853755
9,Gemma 3 12B IT [Instruction-tuned (IT)],125.72940933731661
9,Gemma 3 12B [Pretrained (PT)],113.65221534826787
9,Gemma 3 1B IT [Instruction-tuned (IT)],107.66998945979088
9,Gemma 3 1B [Pretrained (PT)],85.36914545966249
9,Gemma 3 27B IT [Instruction-tuned (IT)],128.15026666895622
9,Gemma 3 27B [Pretrained (PT)],116.79840775914195
9,Gemma 3 4B IT [Instruction-tuned (IT)],118.56699030882274
9,Gemma 3 4B [Pretrained (PT)],105.48750671886084
9,Gemma 3n E2B IT [Instruction-tuned (IT)],114.37893464442713
9,Gemma 3n E2B [Pretrained (PT)],99.85189201479963
9,Gemma 3n E4B IT [Instruction-tuned (IT)],118.34064066580247
9,Gemma 3n E4B [Pretrained (PT)],106.48188206900863
9,"Gemma 4 12B [IT, Thinking mode]",142.8812885912516
9,"Gemma 4 26B A4B [IT, Thinking mode]",145.78818357878313
9,"Gemma 4 31B [IT, Thinking mode]",147.67212449361773
9,"Gemma 4 E2B [IT, Thinking mode]",128.9642248453151
9,"Gemma 4 E4B [IT, Thinking mode]",134.5021607653735
9,Gemma 7B IT [Instruction-tuned (IT)],100.05737450929863
9,Gemma 7B [Pretrained (PT)],107.56605025527898
9,Llama-2-13b-chat-hf [Instruct/chat],98.16166743212473
9,Llama-2-13b-hf [Pretrained (PT)],106.141319442588
9,Llama-2-7b-chat-hf [Instruct/chat],99.45157467615138
9,Llama-2-7b-hf [Pretrained (PT)],99.05557052417393
9,Llama-3.1-8B [Pretrained (PT)],105.30059576987688
9,Llama-3.1-8B-Instruct [Instruct/chat],110.59388952500366
9,Llama-3.2-1B [Pretrained (PT)],79.80246904649778
9,Llama-3.2-1B-Instruct [Instruct/chat],105.64579990970691
9,Llama-3.2-3B [Pretrained (PT)],100.98637807277937
9,Llama-3.2-3B-Instruct [Instruct/chat],120.31482783917349
9,Meta-Llama-3-8B [Pretrained (PT)],110.80186644590722
9,Meta-Llama-3-8B-Instruct [Instruct/chat],113.96948951231877
9,OLMo-1B-hf [Pretrained (PT)],81.4387112270383
9,OLMo-2-1124-7B-Instruct [Instruct/chat],114.96924148190178
9,OLMo-7B-Instruct-hf [Instruct/chat],99.96170300190857
9,OLMo-7B-hf [Pretrained (PT)],79.33848754882862
9,OLMoE-1B-7B-0125-Instruct [Instruct/chat],106.95054453072207
9,OLMoE-1B-7B-0924 [Pretrained (PT)],88.94298445841747
9,OLMoE-1B-7B-0924-Instruct [Instruct/chat],105.83118435300864
9,Phi-3-medium-128k-instruct [Instruct/chat],120.4033207271418
9,Phi-3-medium-4k-instruct [Instruct/chat],122.46373107070761
9,Phi-3-mini-128k-instruct [Instruct/chat],117.24466428869813
9,Phi-3-mini-4k-instruct [Instruct/chat],115.57683291651125
9,Phi-3-small-128k-instruct [Instruct/chat],122.97169662027979
9,Phi-3-small-8k-instruct [Instruct/chat],120.27233288783894
9,Phi-3.5-mini-instruct [Instruct/chat],118.72212508543917
9,Phi-4-mini-instruct [Instruct/chat],125.22705895781662
9,Qwen-1.8B-Chat [Instruct/chat],97.31934676088423
9,Qwen-14B-Chat [Instruct/chat],110.34720400249431
9,Qwen-7B-Chat [Instruct/chat],105.41135978058995
9,Qwen1.5-0.5B-Chat [Instruct/chat],75.291563795614
9,Qwen1.5-1.8B [Base (no official chat academic scores)],99.74919631041583
9,Qwen1.5-1.8B-Chat [Instruct/chat],93.06765293735626
9,Qwen1.5-14B [Base (no official chat academic scores)],110.43252100847569
9,Qwen1.5-14B-Chat [Instruct/chat],105.6504907674596
9,Qwen1.5-32B [Base (no official chat academic scores)],113.28482666676439
9,Qwen1.5-32B-Chat [Instruct/chat],115.43686177414874
9,Qwen1.5-4B [Base (no official chat academic scores)],104.7511141890006
9,Qwen1.5-4B-Chat [Instruct/chat],97.78798584303324
9,Qwen1.5-7B [Base (no official chat academic scores)],106.70644060136576
9,Qwen1.5-7B-Chat [Instruct/chat],98.84833408702532
9,Qwen2-0.5B-Instruct [Instruct/chat],97.77717868619237
9,Qwen2-1.5B-Instruct [Instruct/chat],105.6814076286521
9,Qwen2-7B-Instruct [Instruct/chat],118.34514733007634
9,Qwen2.5-0.5B-Instruct [Instruct/chat],107.71350635093143
9,Qwen2.5-1.5B-Instruct [Instruct/chat],114.0459062844288
9,Qwen2.5-14B-Instruct [Instruct/chat],128.0903168828344
9,Qwen2.5-32B-Instruct [Instruct/chat],130.40025379734445
9,Qwen2.5-3B-Instruct [Instruct/chat],118.17171493459499
9,Qwen2.5-7B-Instruct [Instruct/chat],123.1165935281626
9,Qwen3-0.6B [Non-thinking mode],109.0165277097041
9,Qwen3-0.6B [Thinking mode],109.53326844788761
9,Qwen3-1.7B [Non-thinking mode],118.61820722953064
9,Qwen3-1.7B [Thinking mode],124.74385463586854
9,Qwen3-14B [Non-thinking mode],128.02597395539394
9,Qwen3-14B [Thinking mode],137.77052014146014
9,Qwen3-30B-A3B [Non-thinking mode],127.74829573546023
9,Qwen3-30B-A3B [Thinking mode],137.8205936648918
9,Qwen3-30B-A3B-Instruct-2507 [Instruct (non-thinking)],135.53598134559314
9,Qwen3-30B-A3B-Thinking-2507 [Thinking],140.93818175856626
9,Qwen3-32B [Non-thinking mode],128.3574435937573
9,Qwen3-32B [Thinking mode],138.62519079093448
9,Qwen3-4B [Non-thinking mode],125.61330703233868
9,Qwen3-4B [Thinking mode],135.24599057428313
9,Qwen3-4B-Instruct-2507 [Instruct (non-thinking)],132.3523151945155
9,Qwen3-4B-Thinking-2507 [Thinking],138.4235051737894
9,Qwen3-8B [Non-thinking mode],129.0942170873643
9,Qwen3-8B [Thinking mode],136.5771450604111
9,Qwen3.5-0.8B [Non-thinking rows],110.15274132709101
9,Qwen3.5-0.8B [Thinking (default)],110.78053239935146
9,Qwen3.5-27B [Thinking (default)],148.55673104426123
9,Qwen3.5-2B [Non-thinking rows],121.81246251215093
9,Qwen3.5-2B [Thinking (default)],129.40423481066082
9,Qwen3.5-35B-A3B [Thinking (default)],143.94689082927994
9,Qwen3.5-4B [Thinking (default)],141.4254500916338
9,Qwen3.5-9B [Thinking (default)],144.91737841941855
9,Qwen3.6-27B [Thinking (default)],150.29632092529133
9,Qwen3.6-35B-A3B [Thinking (default)],144.47683720748063
9,SmolLM-1.7B [Pretrained (PT)],88.52867788359653
9,SmolLM-1.7B-Instruct [Instruct/chat],86.50635732319513
9,SmolLM-135M [Pretrained (PT)],87.45247396054873
9,SmolLM-135M-Instruct [Instruct/chat],76.3196826037244
9,SmolLM-360M [Pretrained (PT)],86.5284406816735
9,SmolLM-360M-Instruct [Instruct/chat],84.6689604570995
9,SmolLM2-1.7B [Pretrained (PT)],99.00219052507684
9,SmolLM2-1.7B-Instruct [Instruct/chat],98.60759537353837
9,SmolLM2-135M [Pretrained (PT)],84.96414501400679
9,SmolLM2-135M-Instruct [Instruct/chat],93.86433134687384
9,SmolLM2-360M [Pretrained (PT)],87.1031313148348
9,SmolLM2-360M-Instruct [Instruct/chat],98.57332506129339
9,phi-1 [Pretrained (PT)],86.72178188463968
9,phi-1_5 [Pretrained (PT)],79.03387897439876
9,phi-2 [Pretrained (PT)],109.14830143587224
9,phi-4 [Pretrained (PT)],128.69998845702915
10,Gemma 1.1 2B IT [Instruction-tuned (IT)],97.86275336560203
10,Gemma 1.1 7B IT [Instruction-tuned (IT)],106.39256088337193
10,Gemma 2 27B IT [Instruction-tuned (IT)],123.2142927072765
10,Gemma 2 27B [Pretrained (PT)],113.29441917507846
10,Gemma 2 2B IT [Instruction-tuned (IT)],106.68277316623437
10,Gemma 2 2B [Pretrained (PT)],97.10365859160451
10,Gemma 2 9B IT [Instruction-tuned (IT)],118.14308054493857
10,Gemma 2 9B [Pretrained (PT)],113.2977896210684
10,Gemma 2B IT [Instruction-tuned (IT)],90.44365790841289
10,Gemma 2B [Pretrained (PT)],95.13934157595358
10,Gemma 3 12B IT [Instruction-tuned (IT)],127.67139128005593
10,Gemma 3 12B [Pretrained (PT)],115.47604690118698
10,Gemma 3 1B IT [Instruction-tuned (IT)],108.68804834255454
10,Gemma 3 1B [Pretrained (PT)],84.45106600237867
10,Gemma 3 27B IT [Instruction-tuned (IT)],130.72299158590084
10,Gemma 3 27B [Pretrained (PT)],117.20835020034023
10,Gemma 3 4B IT [Instruction-tuned (IT)],121.82229814080955
10,Gemma 3 4B [Pretrained (PT)],104.62295191448406
10,Gemma 3n E2B IT [Instruction-tuned (IT)],111.69196174792819
10,Gemma 3n E2B [Pretrained (PT)],98.01623068227678
10,Gemma 3n E4B IT [Instruction-tuned (IT)],113.49474694289144
10,Gemma 3n E4B [Pretrained (PT)],106.90320824641498
10,"Gemma 4 12B [IT, Thinking mode]",143.1427341698362
10,"Gemma 4 26B A4B [IT, Thinking mode]",144.92018973271448
10,"Gemma 4 31B [IT, Thinking mode]",149.00045055025728
10,"Gemma 4 E2B [IT, Thinking mode]",132.17854024841927
10,"Gemma 4 E4B [IT, Thinking mode]",135.03410435637866
10,Gemma 7B IT [Instruction-tuned (IT)],100.57162049154671
10,Gemma 7B [Pretrained (PT)],109.53628612914008
10,Llama-2-13b-chat-hf [Instruct/chat],103.56824984012168
10,Llama-2-13b-hf [Pretrained (PT)],103.15224018635914
10,Llama-2-7b-chat-hf [Instruct/chat],105.09960987094348
10,Llama-2-7b-hf [Pretrained (PT)],97.32556931927594
10,Llama-3.1-8B [Pretrained (PT)],95.48474034075244
10,Llama-3.1-8B-Instruct [Instruct/chat],109.90190182590112
10,Llama-3.2-1B [Pretrained (PT)],85.46085511383953
10,Llama-3.2-1B-Instruct [Instruct/chat],111.88222741013627
10,Llama-3.2-3B [Pretrained (PT)],93.54331840763273
10,Llama-3.2-3B-Instruct [Instruct/chat],118.04861133177751
10,Meta-Llama-3-8B [Pretrained (PT)],98.74079173660823
10,Meta-Llama-3-8B-Instruct [Instruct/chat],115.75793811277973
10,OLMo-1B-hf [Pretrained (PT)],85.90646448985154
10,OLMo-2-1124-7B-Instruct [Instruct/chat],113.77913522066086
10,OLMo-7B-Instruct-hf [Instruct/chat],102.85910252417675
10,OLMo-7B-hf [Pretrained (PT)],96.79136223944111
10,OLMoE-1B-7B-0125-Instruct [Instruct/chat],116.34295013445082
10,OLMoE-1B-7B-0924 [Pretrained (PT)],94.0530626315367
10,OLMoE-1B-7B-0924-Instruct [Instruct/chat],106.86320748576637
10,Phi-3-medium-128k-instruct [Instruct/chat],122.11205283558762
10,Phi-3-medium-4k-instruct [Instruct/chat],120.77043171525042
10,Phi-3-mini-128k-instruct [Instruct/chat],117.78300444651222
10,Phi-3-mini-4k-instruct [Instruct/chat],117.04273295898759
10,Phi-3-small-128k-instruct [Instruct/chat],121.56701545632544
10,Phi-3-small-8k-instruct [Instruct/chat],120.50773820325934
10,Phi-3.5-mini-instruct [Instruct/chat],121.10005635840284
10,Phi-4-mini-instruct [Instruct/chat],121.9609603891613
10,Qwen-1.8B-Chat [Instruct/chat],97.94412595375223
10,Qwen-14B-Chat [Instruct/chat],106.75551440639916
10,Qwen-7B-Chat [Instruct/chat],103.96736834544251
10,Qwen1.5-0.5B-Chat [Instruct/chat],67.6688167871301
10,Qwen1.5-1.8B [Base (no official chat academic scores)],100.19674926976899
10,Qwen1.5-1.8B-Chat [Instruct/chat],92.3915862289996
10,Qwen1.5-14B [Base (no official chat academic scores)],110.63338696725194
10,Qwen1.5-14B-Chat [Instruct/chat],114.59695524058198
10,Qwen1.5-32B [Base (no official chat academic scores)],113.96044902248319
10,Qwen1.5-32B-Chat [Instruct/chat],115.54126470064764
10,Qwen1.5-4B [Base (no official chat academic scores)],103.03677010794084
10,Qwen1.5-4B-Chat [Instruct/chat],97.51805829160708
10,Qwen1.5-7B [Base (no official chat academic scores)],104.77248785786273
10,Qwen1.5-7B-Chat [Instruct/chat],96.46035672624475
10,Qwen2-0.5B-Instruct [Instruct/chat],96.81951720056449
10,Qwen2-1.5B-Instruct [Instruct/chat],104.7365537538347
10,Qwen2-7B-Instruct [Instruct/chat],118.5628273126274
10,Qwen2.5-0.5B-Instruct [Instruct/chat],102.35746000210558
10,Qwen2.5-1.5B-Instruct [Instruct/chat],112.71674954114367
10,Qwen2.5-14B-Instruct [Instruct/chat],128.303451562391
10,Qwen2.5-32B-Instruct [Instruct/chat],131.31921474053277
10,Qwen2.5-3B-Instruct [Instruct/chat],121.9002974583681
10,Qwen2.5-7B-Instruct [Instruct/chat],123.02851347597584
10,Qwen3-0.6B [Non-thinking mode],105.84955229255898
10,Qwen3-0.6B [Thinking mode],113.10827255160847
10,Qwen3-1.7B [Non-thinking mode],118.35721287985243
10,Qwen3-1.7B [Thinking mode],125.47267789323064
10,Qwen3-14B [Non-thinking mode],129.61287756276403
10,Qwen3-14B [Thinking mode],137.1376350320695
10,Qwen3-30B-A3B [Non-thinking mode],130.05585763805078
10,Qwen3-30B-A3B [Thinking mode],137.2182455380558
10,Qwen3-30B-A3B-Instruct-2507 [Instruct (non-thinking)],137.63782761746396
10,Qwen3-30B-A3B-Thinking-2507 [Thinking],141.64228841085625
10,Qwen3-32B [Non-thinking mode],129.9448366035658
10,Qwen3-32B [Thinking mode],138.4190949056609
10,Qwen3-4B [Non-thinking mode],126.64662122237294
10,Qwen3-4B [Thinking mode],134.45213908302892
10,Qwen3-4B-Instruct-2507 [Instruct (non-thinking)],132.62368872704417
10,Qwen3-4B-Thinking-2507 [Thinking],137.1213084996009
10,Qwen3-8B [Non-thinking mode],128.82015777156374
10,Qwen3-8B [Thinking mode],136.6962332311182
10,Qwen3.5-0.8B [Non-thinking rows],100.76532518784435
10,Qwen3.5-0.8B [Thinking (default)],111.6378040491389
10,Qwen3.5-27B [Thinking (default)],147.7771573887118
10,Qwen3.5-2B [Non-thinking rows],119.15482978609317
10,Qwen3.5-2B [Thinking (default)],129.83961778240385
10,Qwen3.5-35B-A3B [Thinking (default)],144.91076336300802
10,Qwen3.5-4B [Thinking (default)],141.67005357779075
10,Qwen3.5-9B [Thinking (default)],144.81420735113898
10,Qwen3.6-27B [Thinking (default)],149.35549414602093
10,Qwen3.6-35B-A3B [Thinking (default)],149.10400049187868
10,SmolLM-1.7B [Pretrained (PT)],93.09687433216534
10,SmolLM-1.7B-Instruct [Instruct/chat],92.2307503870502
10,SmolLM-135M [Pretrained (PT)],93.47301686216065
10,SmolLM-135M-Instruct [Instruct/chat],82.5843000789127
10,SmolLM-360M [Pretrained (PT)],91.30576524775805
10,SmolLM-360M-Instruct [Instruct/chat],89.23492932979084
10,SmolLM2-1.7B [Pretrained (PT)],97.24437565267802
10,SmolLM2-1.7B-Instruct [Instruct/chat],101.83212230653041
10,SmolLM2-135M [Pretrained (PT)],87.48630316371134
10,SmolLM2-135M-Instruct [Instruct/chat],99.45381350793859
10,SmolLM2-360M [Pretrained (PT)],86.61432506354484
10,SmolLM2-360M-Instruct [Instruct/chat],73.4746723075106
10,phi-1 [Pretrained (PT)],85.9299501234336
10,phi-1_5 [Pretrained (PT)],92.33114639357763
10,phi-2 [Pretrained (PT)],104.2070023714045
10,phi-4 [Pretrained (PT)],131.13361840832786
11,Gemma 1.1 2B IT [Instruction-tuned (IT)],95.54365758790769
11,Gemma 1.1 7B IT [Instruction-tuned (IT)],105.03754497144024
11,Gemma 2 27B IT [Instruction-tuned (IT)],123.57729695791694
11,Gemma 2 27B [Pretrained (PT)],115.13454670659578
11,Gemma 2 2B IT [Instruction-tuned (IT)],111.27782583259014
11,Gemma 2 2B [Pretrained (PT)],101.38054247871413
11,Gemma 2 9B IT [Instruction-tuned (IT)],119.13978304004385
11,Gemma 2 9B [Pretrained (PT)],112.43268892749333
11,Gemma 2B IT [Instruction-tuned (IT)],91.01901080110252
11,Gemma 2B [Pretrained (PT)],96.54391408668417
11,Gemma 3 12B IT [Instruction-tuned (IT)],128.86206889984868
11,Gemma 3 12B [Pretrained (PT)],115.58345876939603
11,Gemma 3 1B IT [Instruction-tuned (IT)],108.8114595786224
11,Gemma 3 1B [Pretrained (PT)],88.21242325695158
11,Gemma 3 27B IT [Instruction-tuned (IT)],131.7589853565276
11,Gemma 3 27B [Pretrained (PT)],117.2382171137748
11,Gemma 3 4B IT [Instruction-tuned (IT)],120.44867999513752
11,Gemma 3 4B [Pretrained (PT)],103.58934647654947
11,Gemma 3n E2B IT [Instruction-tuned (IT)],111.37290348561123
11,Gemma 3n E2B [Pretrained (PT)],100.00411630607755
11,Gemma 3n E4B IT [Instruction-tuned (IT)],121.05691341998583
11,Gemma 3n E4B [Pretrained (PT)],107.68823354705242
11,"Gemma 4 12B [IT, Thinking mode]",141.13743750035138
11,"Gemma 4 26B A4B [IT, Thinking mode]",143.98105727651492
11,"Gemma 4 31B [IT, Thinking mode]",145.9211821118004
11,"Gemma 4 E2B [IT, Thinking mode]",130.99840608300397
11,"Gemma 4 E4B [IT, Thinking mode]",134.53976862517035
11,Gemma 7B IT [Instruction-tuned (IT)],100.90455869265291
11,Gemma 7B [Pretrained (PT)],108.84580268295207
11,Llama-2-13b-chat-hf [Instruct/chat],93.72437380630645
11,Llama-2-13b-hf [Pretrained (PT)],103.02040438832346
11,Llama-2-7b-chat-hf [Instruct/chat],102.1736347189232
11,Llama-2-7b-hf [Pretrained (PT)],97.64237914518039
11,Llama-3.1-8B [Pretrained (PT)],95.5381506046916
11,Llama-3.1-8B-Instruct [Instruct/chat],107.5114487367405
11,Llama-3.2-1B [Pretrained (PT)],77.2570115370365
11,Llama-3.2-1B-Instruct [Instruct/chat],89.84571719101638
11,Llama-3.2-3B [Pretrained (PT)],100.281880155186
11,Llama-3.2-3B-Instruct [Instruct/chat],109.86953029170759
11,Meta-Llama-3-8B [Pretrained (PT)],96.89999905459526
11,Meta-Llama-3-8B-Instruct [Instruct/chat],115.55519199226165
11,OLMo-1B-hf [Pretrained (PT)],87.67164230020572
11,OLMo-2-1124-7B-Instruct [Instruct/chat],105.58803002118334
11,OLMo-7B-Instruct-hf [Instruct/chat],100.57153136368706
11,OLMo-7B-hf [Pretrained (PT)],89.30978920527102
11,OLMoE-1B-7B-0125-Instruct [Instruct/chat],112.58198099958142
11,OLMoE-1B-7B-0924 [Pretrained (PT)],91.15440003694033
11,OLMoE-1B-7B-0924-Instruct [Instruct/chat],105.67021336833588
11,Phi-3-medium-128k-instruct [Instruct/chat],121.52490869091281
11,Phi-3-medium-4k-instruct [Instruct/chat],121.02717086369398
11,Phi-3-mini-128k-instruct [Instruct/chat],117.64454915060028
11,Phi-3-mini-4k-instruct [Instruct/chat],118.05988339003261
11,Phi-3-small-128k-instruct [Instruct/chat],121.09209245501644
11,Phi-3-small-8k-instruct [Instruct/chat],120.81555172230047
11,Phi-3.5-mini-instruct [Instruct/chat],119.93714583896616
11,Phi-4-mini-instruct [Instruct/chat],120.4509018031541
11,Qwen-1.8B-Chat [Instruct/chat],96.76817548624896
11,Qwen-14B-Chat [Instruct/chat],109.43600133344657
11,Qwen-7B-Chat [Instruct/chat],104.59046308263204
11,Qwen1.5-0.5B-Chat [Instruct/chat],80.23671692996774
11,Qwen1.5-1.8B [Base (no official chat academic scores)],99.77334185403416
11,Qwen1.5-1.8B-Chat [Instruct/chat],93.69770381261623
11,Qwen1.5-14B [Base (no official chat academic scores)],110.90267182319225
11,Qwen1.5-14B-Chat [Instruct/chat],110.91634253451062
11,Qwen1.5-32B [Base (no official chat academic scores)],111.92891783153507
11,Qwen1.5-32B-Chat [Instruct/chat],120.16454753974801
11,Qwen1.5-4B [Base (no official chat academic scores)],102.53408532173205
11,Qwen1.5-4B-Chat [Instruct/chat],98.82878339788155
11,Qwen1.5-7B [Base (no official chat academic scores)],109.81627149005206
11,Qwen1.5-7B-Chat [Instruct/chat],98.09284599592019
11,Qwen2-0.5B-Instruct [Instruct/chat],92.50548244698791
11,Qwen2-1.5B-Instruct [Instruct/chat],106.36552478139527
11,Qwen2-7B-Instruct [Instruct/chat],119.86982340885018
11,Qwen2.5-0.5B-Instruct [Instruct/chat],105.078567292765
11,Qwen2.5-1.5B-Instruct [Instruct/chat],114.75050405605661
11,Qwen2.5-14B-Instruct [Instruct/chat],127.46734489417003
11,Qwen2.5-32B-Instruct [Instruct/chat],129.11964115155772
11,Qwen2.5-3B-Instruct [Instruct/chat],118.72971438131052
11,Qwen2.5-7B-Instruct [Instruct/chat],124.44909139986756
11,Qwen3-0.6B [Non-thinking mode],108.84476615515649
11,Qwen3-0.6B [Thinking mode],115.73914080844236
11,Qwen3-1.7B [Non-thinking mode],119.94862394262867
11,Qwen3-1.7B [Thinking mode],123.58124968835064
11,Qwen3-14B [Non-thinking mode],128.7211662776911
11,Qwen3-14B [Thinking mode],137.60571007435655
11,Qwen3-30B-A3B [Non-thinking mode],128.88561661500074
11,Qwen3-30B-A3B [Thinking mode],136.87878113703132
11,Qwen3-30B-A3B-Instruct-2507 [Instruct (non-thinking)],134.6326984240635
11,Qwen3-30B-A3B-Thinking-2507 [Thinking],140.4587178583654
11,Qwen3-32B [Non-thinking mode],130.656269583619
11,Qwen3-32B [Thinking mode],137.95840583827632
11,Qwen3-4B [Non-thinking mode],125.82363911242683
11,Qwen3-4B [Thinking mode],134.91975076338625
11,Qwen3-4B-Instruct-2507 [Instruct (non-thinking)],129.59834741089958
11,Qwen3-4B-Thinking-2507 [Thinking],136.94068154083357
11,Qwen3-8B [Non-thinking mode],127.1950452520266
11,Qwen3-8B [Thinking mode],135.63990188494972
11,Qwen3.5-0.8B [Non-thinking rows],102.98388298303021
11,Qwen3.5-0.8B [Thinking (default)],102.10487595387102
11,Qwen3.5-27B [Thinking (default)],146.43762979053977
11,Qwen3.5-2B [Non-thinking rows],121.02702376239885
11,Qwen3.5-2B [Thinking (default)],129.03805529814593
11,Qwen3.5-35B-A3B [Thinking (default)],145.4395176839709
11,Qwen3.5-4B [Thinking (default)],141.63443523652012
11,Qwen3.5-9B [Thinking (default)],143.78641911880405
11,Qwen3.6-27B [Thinking (default)],149.94030014542895
11,Qwen3.6-35B-A3B [Thinking (default)],145.36757688815788
11,SmolLM-1.7B [Pretrained (PT)],90.60822121663429
11,SmolLM-1.7B-Instruct [Instruct/chat],70.47119265857
11,SmolLM-135M [Pretrained (PT)],86.78338285137124
11,SmolLM-135M-Instruct [Instruct/chat],75.551144681586
11,SmolLM-360M [Pretrained (PT)],79.79326540407324
11,SmolLM-360M-Instruct [Instruct/chat],70.23353821181752
11,SmolLM2-1.7B [Pretrained (PT)],93.2156833681268
11,SmolLM2-1.7B-Instruct [Instruct/chat],109.50655208147428
11,SmolLM2-135M [Pretrained (PT)],83.56850942563769
11,SmolLM2-135M-Instruct [Instruct/chat],95.53470136214065
11,SmolLM2-360M [Pretrained (PT)],87.82935875335093
11,SmolLM2-360M-Instruct [Instruct/chat],96.18723501195026
11,phi-1 [Pretrained (PT)],86.31377776556138
11,phi-1_5 [Pretrained (PT)],86.0336150119631
11,phi-2 [Pretrained (PT)],100.80723760280225
11,phi-4 [Pretrained (PT)],132.19160535249176
12,Gemma 1.1 2B IT [Instruction-tuned (IT)],96.99643765206199
12,Gemma 1.1 7B IT [Instruction-tuned (IT)],108.86488388613479
12,Gemma 2 27B IT [Instruction-tuned (IT)],121.79035213715521
12,Gemma 2 27B [Pretrained (PT)],116.59982194509145
12,Gemma 2 2B IT [Instruction-tuned (IT)],110.242846397988
12,Gemma 2 2B [Pretrained (PT)],99.55201730828583
12,Gemma 2 9B IT [Instruction-tuned (IT)],117.87042269866286
12,Gemma 2 9B [Pretrained (PT)],113.83149283907488
12,Gemma 2B IT [Instruction-tuned (IT)],91.66194210091005
12,Gemma 2B [Pretrained (PT)],93.02779711858176
12,Gemma 3 12B IT [Instruction-tuned (IT)],127.85073799418518
12,Gemma 3 12B [Pretrained (PT)],115.55893460677878
12,Gemma 3 1B IT [Instruction-tuned (IT)],106.95492555761614
12,Gemma 3 1B [Pretrained (PT)],77.42149191495349
12,Gemma 3 27B IT [Instruction-tuned (IT)],129.60084770893673
12,Gemma 3 27B [Pretrained (PT)],118.88476064331496
12,Gemma 3 4B IT [Instruction-tuned (IT)],123.21661215031892
12,Gemma 3 4B [Pretrained (PT)],104.06905984535723
12,Gemma 3n E2B IT [Instruction-tuned (IT)],117.79191792297212
12,Gemma 3n E2B [Pretrained (PT)],100.60845127187608
12,Gemma 3n E4B IT [Instruction-tuned (IT)],120.99992521940038
12,Gemma 3n E4B [Pretrained (PT)],107.69215889380848
12,"Gemma 4 12B [IT, Thinking mode]",141.61819620355342
12,"Gemma 4 26B A4B [IT, Thinking mode]",143.86676844590795
12,"Gemma 4 31B [IT, Thinking mode]",146.5056289383196
12,"Gemma 4 E2B [IT, Thinking mode]",129.75958000363116
12,"Gemma 4 E4B [IT, Thinking mode]",135.63021808009086
12,Gemma 7B IT [Instruction-tuned (IT)],102.5543809214288
12,Gemma 7B [Pretrained (PT)],111.1711755215201
12,Llama-2-13b-chat-hf [Instruct/chat],102.92086131213972
12,Llama-2-13b-hf [Pretrained (PT)],103.15056232318327
12,Llama-2-7b-chat-hf [Instruct/chat],94.46419106831135
12,Llama-2-7b-hf [Pretrained (PT)],98.34579867547404
12,Llama-3.1-8B [Pretrained (PT)],110.83807107609641
12,Llama-3.1-8B-Instruct [Instruct/chat],113.26965498132894
12,Llama-3.2-1B [Pretrained (PT)],87.84350297508752
12,Llama-3.2-1B-Instruct [Instruct/chat],107.22469530294782
12,Llama-3.2-3B [Pretrained (PT)],93.60106773615445
12,Llama-3.2-3B-Instruct [Instruct/chat],115.60411430221654
12,Meta-Llama-3-8B [Pretrained (PT)],99.3659044737357
12,Meta-Llama-3-8B-Instruct [Instruct/chat],117.47567793402553
12,OLMo-1B-hf [Pretrained (PT)],83.20448849269462
12,OLMo-2-1124-7B-Instruct [Instruct/chat],115.09397318915546
12,OLMo-7B-Instruct-hf [Instruct/chat],98.68933567170758
12,OLMo-7B-hf [Pretrained (PT)],98.40232381490915
12,OLMoE-1B-7B-0125-Instruct [Instruct/chat],103.58565091661025
12,OLMoE-1B-7B-0924 [Pretrained (PT)],94.57009482736223
12,OLMoE-1B-7B-0924-Instruct [Instruct/chat],99.14460308461919
12,Phi-3-medium-128k-instruct [Instruct/chat],120.67347262593972
12,Phi-3-medium-4k-instruct [Instruct/chat],118.89313706862438
12,Phi-3-mini-128k-instruct [Instruct/chat],115.73780433724863
12,Phi-3-mini-4k-instruct [Instruct/chat],115.95397442726576
12,Phi-3-small-128k-instruct [Instruct/chat],119.11524923703874
12,Phi-3-small-8k-instruct [Instruct/chat],119.94285392690686
12,Phi-3.5-mini-instruct [Instruct/chat],116.84917219652786
12,Phi-4-mini-instruct [Instruct/chat],118.88456095902453
12,Qwen-1.8B-Chat [Instruct/chat],95.74523956642719
12,Qwen-14B-Chat [Instruct/chat],106.39487507340624
12,Qwen-7B-Chat [Instruct/chat],102.88715480826035
12,Qwen1.5-0.5B-Chat [Instruct/chat],78.11587780500761
12,Qwen1.5-1.8B [Base (no official chat academic scores)],98.83599809788275
12,Qwen1.5-1.8B-Chat [Instruct/chat],88.03210443132036
12,Qwen1.5-14B [Base (no official chat academic scores)],109.05543730079052
12,Qwen1.5-14B-Chat [Instruct/chat],111.28592661993616
12,Qwen1.5-32B [Base (no official chat academic scores)],118.52471657371939
12,Qwen1.5-32B-Chat [Instruct/chat],117.60895775757916
12,Qwen1.5-4B [Base (no official chat academic scores)],100.97260195764434
12,Qwen1.5-4B-Chat [Instruct/chat],100.7848427499909
12,Qwen1.5-7B [Base (no official chat academic scores)],105.43827917667744
12,Qwen1.5-7B-Chat [Instruct/chat],106.53100769347375
12,Qwen2-0.5B-Instruct [Instruct/chat],93.18639763311079
12,Qwen2-1.5B-Instruct [Instruct/chat],106.09870481195735
12,Qwen2-7B-Instruct [Instruct/chat],117.27844931215947
12,Qwen2.5-0.5B-Instruct [Instruct/chat],103.4673717106201
12,Qwen2.5-1.5B-Instruct [Instruct/chat],113.14199707697259
12,Qwen2.5-14B-Instruct [Instruct/chat],124.69611269686666
12,Qwen2.5-32B-Instruct [Instruct/chat],126.38985891438946
12,Qwen2.5-3B-Instruct [Instruct/chat],117.66001990805181
12,Qwen2.5-7B-Instruct [Instruct/chat],120.49923532003875
12,Qwen3-0.6B [Non-thinking mode],90.20632285037368
12,Qwen3-0.6B [Thinking mode],111.55830224783709
12,Qwen3-1.7B [Non-thinking mode],115.21171850546857
12,Qwen3-1.7B [Thinking mode],123.28766413060114
12,Qwen3-14B [Non-thinking mode],127.2056820141969
12,Qwen3-14B [Thinking mode],138.18590687754553
12,Qwen3-30B-A3B [Non-thinking mode],126.310272990497
12,Qwen3-30B-A3B [Thinking mode],137.97142187257006
12,Qwen3-30B-A3B-Instruct-2507 [Instruct (non-thinking)],135.09441319461752
12,Qwen3-30B-A3B-Thinking-2507 [Thinking],143.3649846760385
12,Qwen3-32B [Non-thinking mode],127.85675979397821
12,Qwen3-32B [Thinking mode],139.35670555531885
12,Qwen3-4B [Non-thinking mode],123.297460837318
12,Qwen3-4B [Thinking mode],134.41770183673748
12,Qwen3-4B-Instruct-2507 [Instruct (non-thinking)],131.3369290293431
12,Qwen3-4B-Thinking-2507 [Thinking],136.69446725417686
12,Qwen3-8B [Non-thinking mode],125.79594740096428
12,Qwen3-8B [Thinking mode],135.75626706456026
12,Qwen3.5-0.8B [Non-thinking rows],100.0355298676603
12,Qwen3.5-0.8B [Thinking (default)],104.77136443381364
12,Qwen3.5-27B [Thinking (default)],147.65734489631504
12,Qwen3.5-2B [Non-thinking rows],115.80349173023264
12,Qwen3.5-2B [Thinking (default)],128.9462498355795
12,Qwen3.5-35B-A3B [Thinking (default)],144.43961566986746
12,Qwen3.5-4B [Thinking (default)],141.83022316933477
12,Qwen3.5-9B [Thinking (default)],145.29423919348778
12,Qwen3.6-27B [Thinking (default)],149.2141841315017
12,Qwen3.6-35B-A3B [Thinking (default)],143.07837960752843
12,SmolLM-1.7B [Pretrained (PT)],84.63112963248244
12,SmolLM-1.7B-Instruct [Instruct/chat],79.4471696095799
12,SmolLM-135M [Pretrained (PT)],89.35346386192414
12,SmolLM-135M-Instruct [Instruct/chat],90.8752296767754
12,SmolLM-360M [Pretrained (PT)],91.61652664237317
12,SmolLM-360M-Instruct [Instruct/chat],82.96005338162271
12,SmolLM2-1.7B [Pretrained (PT)],97.58276066612993
12,SmolLM2-1.7B-Instruct [Instruct/chat],101.21699973660867
12,SmolLM2-135M [Pretrained (PT)],87.87274349728708
12,SmolLM2-135M-Instruct [Instruct/chat],79.04281213153573
12,SmolLM2-360M [Pretrained (PT)],91.81999893924103
12,SmolLM2-360M-Instruct [Instruct/chat],97.09637931788939
12,phi-1 [Pretrained (PT)],84.98698243512388
12,phi-1_5 [Pretrained (PT)],89.91356488409491
12,phi-2 [Pretrained (PT)],102.13197961359366
12,phi-4 [Pretrained (PT)],126.01255984718107
13,Gemma 1.1 2B IT [Instruction-tuned (IT)],86.67022187693631
13,Gemma 1.1 7B IT [Instruction-tuned (IT)],104.62630755297278
13,Gemma 2 27B IT [Instruction-tuned (IT)],123.25248119169754
13,Gemma 2 27B [Pretrained (PT)],116.94362783912362
13,Gemma 2 2B IT [Instruction-tuned (IT)],104.74874201096509
13,Gemma 2 2B [Pretrained (PT)],100.48030697434643
13,Gemma 2 9B IT [Instruction-tuned (IT)],117.79272347186352
13,Gemma 2 9B [Pretrained (PT)],112.85622945942508
13,Gemma 2B IT [Instruction-tuned (IT)],93.29746279317706
13,Gemma 2B [Pretrained (PT)],96.23059314075375
13,Gemma 3 12B IT [Instruction-tuned (IT)],128.60596926387578
13,Gemma 3 12B [Pretrained (PT)],114.58195889043986
13,Gemma 3 1B IT [Instruction-tuned (IT)],108.4009587019838
13,Gemma 3 1B [Pretrained (PT)],83.39071073007919
13,Gemma 3 27B IT [Instruction-tuned (IT)],131.7813373350223
13,Gemma 3 27B [Pretrained (PT)],119.25521476640955
13,Gemma 3 4B IT [Instruction-tuned (IT)],123.5617094297802
13,Gemma 3 4B [Pretrained (PT)],104.76528538619182
13,Gemma 3n E2B IT [Instruction-tuned (IT)],113.6489254289838
13,Gemma 3n E2B [Pretrained (PT)],100.86925326533213
13,Gemma 3n E4B IT [Instruction-tuned (IT)],122.65029570670174
13,Gemma 3n E4B [Pretrained (PT)],107.74059895196781
13,"Gemma 4 12B [IT, Thinking mode]",142.13867439087346
13,"Gemma 4 26B A4B [IT, Thinking mode]",145.01240843279572
13,"Gemma 4 31B [IT, Thinking mode]",145.19446060331416
13,"Gemma 4 E2B [IT, Thinking mode]",134.27768618256817
13,"Gemma 4 E4B [IT, Thinking mode]",136.89844145514377
13,Gemma 7B IT [Instruction-tuned (IT)],101.2290463763683
13,Gemma 7B [Pretrained (PT)],111.7689749146714
13,Llama-2-13b-chat-hf [Instruct/chat],99.97980059359018
13,Llama-2-13b-hf [Pretrained (PT)],105.05470094543759
13,Llama-2-7b-chat-hf [Instruct/chat],103.42148424362392
13,Llama-2-7b-hf [Pretrained (PT)],98.54145000693826
13,Llama-3.1-8B [Pretrained (PT)],92.25416548109543
13,Llama-3.1-8B-Instruct [Instruct/chat],117.05903231595535
13,Llama-3.2-1B [Pretrained (PT)],77.36529113481069
13,Llama-3.2-1B-Instruct [Instruct/chat],92.45754425594737
13,Llama-3.2-3B [Pretrained (PT)],102.23457675596754
13,Llama-3.2-3B-Instruct [Instruct/chat],111.93749314528218
13,Meta-Llama-3-8B [Pretrained (PT)],104.63633811913573
13,Meta-Llama-3-8B-Instruct [Instruct/chat],114.35501956228676
13,OLMo-1B-hf [Pretrained (PT)],80.96529882449293
13,OLMo-2-1124-7B-Instruct [Instruct/chat],106.31004630473298
13,OLMo-7B-Instruct-hf [Instruct/chat],100.72516339077123
13,OLMo-7B-hf [Pretrained (PT)],90.68125569821552
13,OLMoE-1B-7B-0125-Instruct [Instruct/chat],96.05389414265667
13,OLMoE-1B-7B-0924 [Pretrained (PT)],88.7781322194762
13,OLMoE-1B-7B-0924-Instruct [Instruct/chat],100.17124243739659
13,Phi-3-medium-128k-instruct [Instruct/chat],121.05535107942163
13,Phi-3-medium-4k-instruct [Instruct/chat],121.20382355372881
13,Phi-3-mini-128k-instruct [Instruct/chat],119.15264464732026
13,Phi-3-mini-4k-instruct [Instruct/chat],118.05011403630967
13,Phi-3-small-128k-instruct [Instruct/chat],120.50262188500486
13,Phi-3-small-8k-instruct [Instruct/chat],122.81632320162096
13,Phi-3.5-mini-instruct [Instruct/chat],117.98560591451513
13,Phi-4-mini-instruct [Instruct/chat],118.0165068536977
13,Qwen-1.8B-Chat [Instruct/chat],96.09353963918372
13,Qwen-14B-Chat [Instruct/chat],109.30431424815038
13,Qwen-7B-Chat [Instruct/chat],105.61749969762099
13,Qwen1.5-0.5B-Chat [Instruct/chat],64.14841430010918
13,Qwen1.5-1.8B [Base (no official chat academic scores)],100.1195634831264
13,Qwen1.5-1.8B-Chat [Instruct/chat],90.303962208236
13,Qwen1.5-14B [Base (no official chat academic scores)],109.46081979208454
13,Qwen1.5-14B-Chat [Instruct/chat],107.04018292110412
13,Qwen1.5-32B [Base (no official chat academic scores)],112.90326390338866
13,Qwen1.5-32B-Chat [Instruct/chat],118.75796077540114
13,Qwen1.5-4B [Base (no official chat academic scores)],101.96245149114176
13,Qwen1.5-4B-Chat [Instruct/chat],97.32607112039176
13,Qwen1.5-7B [Base (no official chat academic scores)],103.4491154850399
13,Qwen1.5-7B-Chat [Instruct/chat],100.52236249342492
13,Qwen2-0.5B-Instruct [Instruct/chat],90.13384655701009
13,Qwen2-1.5B-Instruct [Instruct/chat],103.48462173293919
13,Qwen2-7B-Instruct [Instruct/chat],116.7824234041451
13,Qwen2.5-0.5B-Instruct [Instruct/chat],106.42344431892114
13,Qwen2.5-1.5B-Instruct [Instruct/chat],113.33308077945699
13,Qwen2.5-14B-Instruct [Instruct/chat],128.13351052898983
13,Qwen2.5-32B-Instruct [Instruct/chat],130.4850524364899
13,Qwen2.5-3B-Instruct [Instruct/chat],117.5206979227844
13,Qwen2.5-7B-Instruct [Instruct/chat],123.55151263388875
13,Qwen3-0.6B [Non-thinking mode],106.89668043427616
13,Qwen3-0.6B [Thinking mode],114.56614669223379
13,Qwen3-1.7B [Non-thinking mode],116.14978417780593
13,Qwen3-1.7B [Thinking mode],125.25081052668727
13,Qwen3-14B [Non-thinking mode],127.79738665559329
13,Qwen3-14B [Thinking mode],137.43498723202967
13,Qwen3-30B-A3B [Non-thinking mode],129.4053004400249
13,Qwen3-30B-A3B [Thinking mode],137.59674354021445
13,Qwen3-30B-A3B-Instruct-2507 [Instruct (non-thinking)],135.90676940761787
13,Qwen3-30B-A3B-Thinking-2507 [Thinking],140.1767926343625
13,Qwen3-32B [Non-thinking mode],131.7885983721603
13,Qwen3-32B [Thinking mode],138.32315544023126
13,Qwen3-4B [Non-thinking mode],125.38111464456192
13,Qwen3-4B [Thinking mode],134.6200554639167
13,Qwen3-4B-Instruct-2507 [Instruct (non-thinking)],131.27241806033118
13,Qwen3-4B-Thinking-2507 [Thinking],137.8699870619915
13,Qwen3-8B [Non-thinking mode],127.1362053533325
13,Qwen3-8B [Thinking mode],135.83614719001133
13,Qwen3.5-0.8B [Non-thinking rows],92.46677425261339
13,Qwen3.5-0.8B [Thinking (default)],116.69845896745478
13,Qwen3.5-27B [Thinking (default)],147.1069538516985
13,Qwen3.5-2B [Non-thinking rows],122.7171765696847
13,Qwen3.5-2B [Thinking (default)],129.86506721189986
13,Qwen3.5-35B-A3B [Thinking (default)],145.18873000332346
13,Qwen3.5-4B [Thinking (default)],141.08350391234262
13,Qwen3.5-9B [Thinking (default)],143.4807398513538
13,Qwen3.6-27B [Thinking (default)],147.9696568288185
13,Qwen3.6-35B-A3B [Thinking (default)],145.05026195317495
13,SmolLM-1.7B [Pretrained (PT)],88.30285275756174
13,SmolLM-1.7B-Instruct [Instruct/chat],85.6063152972019
13,SmolLM-135M [Pretrained (PT)],85.18327309380365
13,SmolLM-135M-Instruct [Instruct/chat],72.00209610523697
13,SmolLM-360M [Pretrained (PT)],85.46128273084635
13,SmolLM-360M-Instruct [Instruct/chat],80.62694078546068
13,SmolLM2-1.7B [Pretrained (PT)],94.23368936946194
13,SmolLM2-1.7B-Instruct [Instruct/chat],108.15340668489964
13,SmolLM2-135M [Pretrained (PT)],88.24716440578428
13,SmolLM2-135M-Instruct [Instruct/chat],79.79803479320043
13,SmolLM2-360M [Pretrained (PT)],87.93896663748774
13,SmolLM2-360M-Instruct [Instruct/chat],81.27138824150498
13,phi-1 [Pretrained (PT)],83.40395394524938
13,phi-1_5 [Pretrained (PT)],92.53726291990152
13,phi-2 [Pretrained (PT)],107.10429397454963
13,phi-4 [Pretrained (PT)],127.07013344582076
14,Gemma 1.1 2B IT [Instruction-tuned (IT)],100.07566620463436
14,Gemma 1.1 7B IT [Instruction-tuned (IT)],107.95493653278305
14,Gemma 2 27B IT [Instruction-tuned (IT)],124.44336446671153
14,Gemma 2 27B [Pretrained (PT)],113.84264577808698
14,Gemma 2 2B IT [Instruction-tuned (IT)],116.60781704252246
14,Gemma 2 2B [Pretrained (PT)],99.1667536369859
14,Gemma 2 9B IT [Instruction-tuned (IT)],119.51640919918442
14,Gemma 2 9B [Pretrained (PT)],110.55560018572591
14,Gemma 2B IT [Instruction-tuned (IT)],85.30362849385617
14,Gemma 2B [Pretrained (PT)],91.83405849461784
14,Gemma 3 12B IT [Instruction-tuned (IT)],128.55646331430677
14,Gemma 3 12B [Pretrained (PT)],116.44843877932726
14,Gemma 3 1B IT [Instruction-tuned (IT)],98.94941199817725
14,Gemma 3 1B [Pretrained (PT)],85.11676391003743
14,Gemma 3 27B IT [Instruction-tuned (IT)],132.0774960203409
14,Gemma 3 27B [Pretrained (PT)],119.26424412714734
14,Gemma 3 4B IT [Instruction-tuned (IT)],122.45522250751407
14,Gemma 3 4B [Pretrained (PT)],105.54555439562012
14,Gemma 3n E2B IT [Instruction-tuned (IT)],114.89342209480907
14,Gemma 3n E2B [Pretrained (PT)],97.55182933936511
14,Gemma 3n E4B IT [Instruction-tuned (IT)],116.5042779804568
14,Gemma 3n E4B [Pretrained (PT)],106.01221243638778
14,"Gemma 4 12B [IT, Thinking mode]",141.7186962435567
14,"Gemma 4 26B A4B [IT, Thinking mode]",144.74209478265166
14,"Gemma 4 31B [IT, Thinking mode]",145.62442933082488
14,"Gemma 4 E2B [IT, Thinking mode]",131.76801344444434
14,"Gemma 4 E4B [IT, Thinking mode]",134.47449044234352
14,Gemma 7B IT [Instruction-tuned (IT)],98.53170272443359
14,Gemma 7B [Pretrained (PT)],109.83319702385324
14,Llama-2-13b-chat-hf [Instruct/chat],104.24401011910395
14,Llama-2-13b-hf [Pretrained (PT)],106.45790203162105
14,Llama-2-7b-chat-hf [Instruct/chat],105.74389563352722
14,Llama-2-7b-hf [Pretrained (PT)],96.47710801975609
14,Llama-3.1-8B [Pretrained (PT)],85.50861874406911
14,Llama-3.1-8B-Instruct [Instruct/chat],112.6445787936146
14,Llama-3.2-1B [Pretrained (PT)],86.03133054431089
14,Llama-3.2-1B-Instruct [Instruct/chat],111.37545864866027
14,Llama-3.2-3B [Pretrained (PT)],84.35804057244722
14,Llama-3.2-3B-Instruct [Instruct/chat],116.70574923628612
14,Meta-Llama-3-8B [Pretrained (PT)],100.92751366239357
14,Meta-Llama-3-8B-Instruct [Instruct/chat],118.66236042310389
14,OLMo-1B-hf [Pretrained (PT)],93.17330658670211
14,OLMo-2-1124-7B-Instruct [Instruct/chat],110.88553308536817
14,OLMo-7B-Instruct-hf [Instruct/chat],101.25593725192039
14,OLMo-7B-hf [Pretrained (PT)],85.10807686696094
14,OLMoE-1B-7B-0125-Instruct [Instruct/chat],117.72329830975652
14,OLMoE-1B-7B-0924 [Pretrained (PT)],93.98472805866874
14,OLMoE-1B-7B-0924-Instruct [Instruct/chat],105.7665537360096
14,Phi-3-medium-128k-instruct [Instruct/chat],120.98441759966045
14,Phi-3-medium-4k-instruct [Instruct/chat],122.15304813471664
14,Phi-3-mini-128k-instruct [Instruct/chat],118.8896789565009
14,Phi-3-mini-4k-instruct [Instruct/chat],118.46993947322372
14,Phi-3-small-128k-instruct [Instruct/chat],122.31152938288331
14,Phi-3-small-8k-instruct [Instruct/chat],125.01709176058368
14,Phi-3.5-mini-instruct [Instruct/chat],120.2540535563309
14,Phi-4-mini-instruct [Instruct/chat],121.14841665963348
14,Qwen-1.8B-Chat [Instruct/chat],95.64525673004412
14,Qwen-14B-Chat [Instruct/chat],107.37839025380666
14,Qwen-7B-Chat [Instruct/chat],103.33030177352705
14,Qwen1.5-0.5B-Chat [Instruct/chat],84.21225865446866
14,Qwen1.5-1.8B [Base (no official chat academic scores)],98.75989759618665
14,Qwen1.5-1.8B-Chat [Instruct/chat],89.87874196047238
14,Qwen1.5-14B [Base (no official chat academic scores)],113.07957384040272
14,Qwen1.5-14B-Chat [Instruct/chat],114.27785078494337
14,Qwen1.5-32B [Base (no official chat academic scores)],115.90995972470954
14,Qwen1.5-32B-Chat [Instruct/chat],122.155866687858
14,Qwen1.5-4B [Base (no official chat academic scores)],103.96031789060169
14,Qwen1.5-4B-Chat [Instruct/chat],99.1040214518853
14,Qwen1.5-7B [Base (no official chat academic scores)],109.4552569229822
14,Qwen1.5-7B-Chat [Instruct/chat],98.82761810143637
14,Qwen2-0.5B-Instruct [Instruct/chat],98.43561102118986
14,Qwen2-1.5B-Instruct [Instruct/chat],106.23667395690848
14,Qwen2-7B-Instruct [Instruct/chat],119.67514944193528
14,Qwen2.5-0.5B-Instruct [Instruct/chat],105.00984739775144
14,Qwen2.5-1.5B-Instruct [Instruct/chat],113.73720452418637
14,Qwen2.5-14B-Instruct [Instruct/chat],128.8972983375497
14,Qwen2.5-32B-Instruct [Instruct/chat],131.02437558190437
14,Qwen2.5-3B-Instruct [Instruct/chat],120.63765468549234
14,Qwen2.5-7B-Instruct [Instruct/chat],125.09271592529194
14,Qwen3-0.6B [Non-thinking mode],109.57323750634882
14,Qwen3-0.6B [Thinking mode],116.37984784482661
14,Qwen3-1.7B [Non-thinking mode],120.9533672745854
14,Qwen3-1.7B [Thinking mode],127.67116254206003
14,Qwen3-14B [Non-thinking mode],128.43043314875
14,Qwen3-14B [Thinking mode],137.08476290829856
14,Qwen3-30B-A3B [Non-thinking mode],128.830916215459
14,Qwen3-30B-A3B [Thinking mode],137.18089766864387
14,Qwen3-30B-A3B-Instruct-2507 [Instruct (non-thinking)],136.0858307585877
14,Qwen3-30B-A3B-Thinking-2507 [Thinking],140.92448931531752
14,Qwen3-32B [Non-thinking mode],129.0040603087641
14,Qwen3-32B [Thinking mode],138.12499192657486
14,Qwen3-4B [Non-thinking mode],125.65572547869387
14,Qwen3-4B [Thinking mode],134.23417219898465
14,Qwen3-4B-Instruct-2507 [Instruct (non-thinking)],131.62893710667436
14,Qwen3-4B-Thinking-2507 [Thinking],137.55844674006613
14,Qwen3-8B [Non-thinking mode],128.2358600349866
14,Qwen3-8B [Thinking mode],135.68438888384472
14,Qwen3.5-0.8B [Non-thinking rows],111.025224209009
14,Qwen3.5-0.8B [Thinking (default)],117.1985345897493
14,Qwen3.5-27B [Thinking (default)],147.3642225973559
14,Qwen3.5-2B [Non-thinking rows],122.42139288507627
14,Qwen3.5-2B [Thinking (default)],130.80544320766123
14,Qwen3.5-35B-A3B [Thinking (default)],145.45186181247288
14,Qwen3.5-4B [Thinking (default)],140.8666194870019
14,Qwen3.5-9B [Thinking (default)],143.58350801937206
14,Qwen3.6-27B [Thinking (default)],148.55660179953642
14,Qwen3.6-35B-A3B [Thinking (default)],147.11868590399868
14,SmolLM-1.7B [Pretrained (PT)],94.29146059044868
14,SmolLM-1.7B-Instruct [Instruct/chat],92.94371767696086
14,SmolLM-135M [Pretrained (PT)],92.0602026969315
14,SmolLM-135M-Instruct [Instruct/chat],82.62980716581157
14,SmolLM-360M [Pretrained (PT)],78.89969529182494
14,SmolLM-360M-Instruct [Instruct/chat],70.61769462828673
14,SmolLM2-1.7B [Pretrained (PT)],97.9995490931034
14,SmolLM2-1.7B-Instruct [Instruct/chat],114.36023481906213
14,SmolLM2-135M [Pretrained (PT)],79.36186775006102
14,SmolLM2-135M-Instruct [Instruct/chat],96.25166419920227
14,SmolLM2-360M [Pretrained (PT)],82.88414094107756
14,SmolLM2-360M-Instruct [Instruct/chat],80.02633830486772
14,phi-1 [Pretrained (PT)],89.66371446809167
14,phi-1_5 [Pretrained (PT)],83.12729165450436
14,phi-2 [Pretrained (PT)],108.10419823740104
14,phi-4 [Pretrained (PT)],131.96457389011005
15,Gemma 1.1 2B IT [Instruction-tuned (IT)],97.83488038355767
15,Gemma 1.1 7B IT [Instruction-tuned (IT)],109.92304752213408
15,Gemma 2 27B IT [Instruction-tuned (IT)],123.41224980883503
15,Gemma 2 27B [Pretrained (PT)],115.6017416746255
15,Gemma 2 2B IT [Instruction-tuned (IT)],106.35473239095705
15,Gemma 2 2B [Pretrained (PT)],101.17148094318958
15,Gemma 2 9B IT [Instruction-tuned (IT)],118.83383350074001
15,Gemma 2 9B [Pretrained (PT)],112.3462740030484
15,Gemma 2B IT [Instruction-tuned (IT)],92.12762423524609
15,Gemma 2B [Pretrained (PT)],93.91602111115002
15,Gemma 3 12B IT [Instruction-tuned (IT)],128.59205316002024
15,Gemma 3 12B [Pretrained (PT)],114.93311208797415
15,Gemma 3 1B IT [Instruction-tuned (IT)],107.2303974644675
15,Gemma 3 1B [Pretrained (PT)],79.18427259234146
15,Gemma 3 27B IT [Instruction-tuned (IT)],130.4625203224043
15,Gemma 3 27B [Pretrained (PT)],118.88533336323378
15,Gemma 3 4B IT [Instruction-tuned (IT)],120.31544302448171
15,Gemma 3 4B [Pretrained (PT)],103.99706107343295
15,Gemma 3n E2B IT [Instruction-tuned (IT)],111.52345920200898
15,Gemma 3n E2B [Pretrained (PT)],95.30041686286401
15,Gemma 3n E4B IT [Instruction-tuned (IT)],115.87282817819452
15,Gemma 3n E4B [Pretrained (PT)],106.77615936587718
15,"Gemma 4 12B [IT, Thinking mode]",142.0769937697864
15,"Gemma 4 26B A4B [IT, Thinking mode]",143.3121197665572
15,"Gemma 4 31B [IT, Thinking mode]",146.7589298118483
15,"Gemma 4 E2B [IT, Thinking mode]",132.08520288630052
15,"Gemma 4 E4B [IT, Thinking mode]",135.780649766648
15,Gemma 7B IT [Instruction-tuned (IT)],102.14660681704879
15,Gemma 7B [Pretrained (PT)],107.89395174475989
15,Llama-2-13b-chat-hf [Instruct/chat],95.0689489807994
15,Llama-2-13b-hf [Pretrained (PT)],105.36784271230137
15,Llama-2-7b-chat-hf [Instruct/chat],101.4543971679803
15,Llama-2-7b-hf [Pretrained (PT)],99.62120218900543
15,Llama-3.1-8B [Pretrained (PT)],113.21077914773659
15,Llama-3.1-8B-Instruct [Instruct/chat],114.4416598445067
15,Llama-3.2-1B [Pretrained (PT)],86.31722343724982
15,Llama-3.2-1B-Instruct [Instruct/chat],110.4101154409462
15,Llama-3.2-3B [Pretrained (PT)],86.97624347729706
15,Llama-3.2-3B-Instruct [Instruct/chat],117.80930425802815
15,Meta-Llama-3-8B [Pretrained (PT)],90.1274079572876
15,Meta-Llama-3-8B-Instruct [Instruct/chat],116.2332631558526
15,OLMo-1B-hf [Pretrained (PT)],92.36859218692557
15,OLMo-2-1124-7B-Instruct [Instruct/chat],114.21835750557038
15,OLMo-7B-Instruct-hf [Instruct/chat],101.52669835627009
15,OLMo-7B-hf [Pretrained (PT)],86.34282675716526
15,OLMoE-1B-7B-0125-Instruct [Instruct/chat],110.83646015527619
15,OLMoE-1B-7B-0924 [Pretrained (PT)],94.82868701716596
15,OLMoE-1B-7B-0924-Instruct [Instruct/chat],107.03658300779537
15,Phi-3-medium-128k-instruct [Instruct/chat],122.56012763033857
15,Phi-3-medium-4k-instruct [Instruct/chat],122.21026841951007
15,Phi-3-mini-128k-instruct [Instruct/chat],117.35932269660995
15,Phi-3-mini-4k-instruct [Instruct/chat],114.59235063701034
15,Phi-3-small-128k-instruct [Instruct/chat],117.93904731573795
15,Phi-3-small-8k-instruct [Instruct/chat],119.91102696753948
15,Phi-3.5-mini-instruct [Instruct/chat],120.20877064160346
15,Phi-4-mini-instruct [Instruct/chat],120.03190594941005
15,Qwen-1.8B-Chat [Instruct/chat],98.3110810987619
15,Qwen-14B-Chat [Instruct/chat],109.06737685429394
15,Qwen-7B-Chat [Instruct/chat],105.30643086269932
15,Qwen1.5-0.5B-Chat [Instruct/chat],75.72777997553975
15,Qwen1.5-1.8B [Base (no official chat academic scores)],100.15447621627499
15,Qwen1.5-1.8B-Chat [Instruct/chat],91.74974983942278
15,Qwen1.5-14B [Base (no official chat academic scores)],110.37750917687019
15,Qwen1.5-14B-Chat [Instruct/chat],112.67473133357568
15,Qwen1.5-32B [Base (no official chat academic scores)],114.55519201935539
15,Qwen1.5-32B-Chat [Instruct/chat],115.17276460485411
15,Qwen1.5-4B [Base (no official chat academic scores)],105.80109426902521
15,Qwen1.5-4B-Chat [Instruct/chat],96.92918457624198
15,Qwen1.5-7B [Base (no official chat academic scores)],107.41366022479698
15,Qwen1.5-7B-Chat [Instruct/chat],108.31001627842052
15,Qwen2-0.5B-Instruct [Instruct/chat],98.35874285035878
15,Qwen2-1.5B-Instruct [Instruct/chat],107.29535252895228
15,Qwen2-7B-Instruct [Instruct/chat],118.50049648252619
15,Qwen2.5-0.5B-Instruct [Instruct/chat],104.3017473037484
15,Qwen2.5-1.5B-Instruct [Instruct/chat],113.58575405901274
15,Qwen2.5-14B-Instruct [Instruct/chat],127.86617420908436
15,Qwen2.5-32B-Instruct [Instruct/chat],130.12283017458114
15,Qwen2.5-3B-Instruct [Instruct/chat],119.73529308811922
15,Qwen2.5-7B-Instruct [Instruct/chat],124.76737979616264
15,Qwen3-0.6B [Non-thinking mode],104.48980672727481
15,Qwen3-0.6B [Thinking mode],109.8401402713803
15,Qwen3-1.7B [Non-thinking mode],118.62198073599234
15,Qwen3-1.7B [Thinking mode],123.36091290112607
15,Qwen3-14B [Non-thinking mode],130.60584998096888
15,Qwen3-14B [Thinking mode],138.2439062708432
15,Qwen3-30B-A3B [Non-thinking mode],132.0399537105475
15,Qwen3-30B-A3B [Thinking mode],138.5154802168884
15,Qwen3-30B-A3B-Instruct-2507 [Instruct (non-thinking)],135.43039083924205
15,Qwen3-30B-A3B-Thinking-2507 [Thinking],141.12400311379764
15,Qwen3-32B [Non-thinking mode],130.7236872516708
15,Qwen3-32B [Thinking mode],139.2100058091781
15,Qwen3-4B [Non-thinking mode],126.74011521295678
15,Qwen3-4B [Thinking mode],136.05726941843903
15,Qwen3-4B-Instruct-2507 [Instruct (non-thinking)],132.87710341685028
15,Qwen3-4B-Thinking-2507 [Thinking],136.93586731496714
15,Qwen3-8B [Non-thinking mode],128.90209022442562
15,Qwen3-8B [Thinking mode],137.01007871386201
15,Qwen3.5-0.8B [Non-thinking rows],106.44086339693945
15,Qwen3.5-0.8B [Thinking (default)],112.1566564779354
15,Qwen3.5-27B [Thinking (default)],147.89282588600628
15,Qwen3.5-2B [Non-thinking rows],116.72432609240379
15,Qwen3.5-2B [Thinking (default)],130.1548502101969
15,Qwen3.5-35B-A3B [Thinking (default)],145.1855820496699
15,Qwen3.5-4B [Thinking (default)],142.81071457899137
15,Qwen3.5-9B [Thinking (default)],144.9881723434727
15,Qwen3.6-27B [Thinking (default)],148.35001890587057
15,Qwen3.6-35B-A3B [Thinking (default)],145.22927872973546
15,SmolLM-1.7B [Pretrained (PT)],92.8077537193049
15,SmolLM-1.7B-Instruct [Instruct/chat],90.82772451651925
15,SmolLM-135M [Pretrained (PT)],90.42295548272176
15,SmolLM-135M-Instruct [Instruct/chat],82.86875312076273
15,SmolLM-360M [Pretrained (PT)],91.42163528478635
15,SmolLM-360M-Instruct [Instruct/chat],90.39634392502836
15,SmolLM2-1.7B [Pretrained (PT)],104.27806395305964
15,SmolLM2-1.7B-Instruct [Instruct/chat],103.19682834234914
15,SmolLM2-135M [Pretrained (PT)],89.73554343138257
15,SmolLM2-135M-Instruct [Instruct/chat],95.67415463020097
15,SmolLM2-360M [Pretrained (PT)],92.09992646137002
15,SmolLM2-360M-Instruct [Instruct/chat],99.15696855202904
15,phi-1 [Pretrained (PT)],92.02734657008682
15,phi-1_5 [Pretrained (PT)],86.17595133594989
15,phi-2 [Pretrained (PT)],99.54095460206224
15,phi-4 [Pretrained (PT)],131.28857790188698
16,Gemma 1.1 2B IT [Instruction-tuned (IT)],98.68870764969174
16,Gemma 1.1 7B IT [Instruction-tuned (IT)],106.36599638418171
16,Gemma 2 27B IT [Instruction-tuned (IT)],124.33870066694091
16,Gemma 2 27B [Pretrained (PT)],112.09061834385854
16,Gemma 2 2B IT [Instruction-tuned (IT)],105.44758282759956
16,Gemma 2 2B [Pretrained (PT)],98.26405398410553
16,Gemma 2 9B IT [Instruction-tuned (IT)],119.96531481501812
16,Gemma 2 9B [Pretrained (PT)],110.32884318145909
16,Gemma 2B IT [Instruction-tuned (IT)],92.68854397038956
16,Gemma 2B [Pretrained (PT)],95.44898487439501
16,Gemma 3 12B IT [Instruction-tuned (IT)],127.46809796543941
16,Gemma 3 12B [Pretrained (PT)],113.82540402610404
16,Gemma 3 1B IT [Instruction-tuned (IT)],108.91676801270846
16,Gemma 3 1B [Pretrained (PT)],83.60690348323527
16,Gemma 3 27B IT [Instruction-tuned (IT)],129.82384476202128
16,Gemma 3 27B [Pretrained (PT)],115.59346162370551
16,Gemma 3 4B IT [Instruction-tuned (IT)],120.97691988945505
16,Gemma 3 4B [Pretrained (PT)],104.57938197382634
16,Gemma 3n E2B IT [Instruction-tuned (IT)],116.90922952641084
16,Gemma 3n E2B [Pretrained (PT)],100.10327103246405
16,Gemma 3n E4B IT [Instruction-tuned (IT)],120.26277863744247
16,Gemma 3n E4B [Pretrained (PT)],108.29788564495189
16,"Gemma 4 12B [IT, Thinking mode]",142.17829631069353
16,"Gemma 4 26B A4B [IT, Thinking mode]",144.63709404782935
16,"Gemma 4 31B [IT, Thinking mode]",145.25660006113785
16,"Gemma 4 E2B [IT, Thinking mode]",130.27216799073847
16,"Gemma 4 E4B [IT, Thinking mode]",134.86172255823618
16,Gemma 7B IT [Instruction-tuned (IT)],99.23339555228321
16,Gemma 7B [Pretrained (PT)],107.11428059534643
16,Llama-2-13b-chat-hf [Instruct/chat],104.35686609344852
16,Llama-2-13b-hf [Pretrained (PT)],102.76186875438334
16,Llama-2-7b-chat-hf [Instruct/chat],89.40263409329329
16,Llama-2-7b-hf [Pretrained (PT)],99.14358013719212
16,Llama-3.1-8B [Pretrained (PT)],111.95481593334785
16,Llama-3.1-8B-Instruct [Instruct/chat],112.74322924812499
16,Llama-3.2-1B [Pretrained (PT)],86.97626431344503
16,Llama-3.2-1B-Instruct [Instruct/chat],96.57284785419874
16,Llama-3.2-3B [Pretrained (PT)],101.11713401139491
16,Llama-3.2-3B-Instruct [Instruct/chat],119.971592384659
16,Meta-Llama-3-8B [Pretrained (PT)],89.38461238793488
16,Meta-Llama-3-8B-Instruct [Instruct/chat],116.83232375517888
16,OLMo-1B-hf [Pretrained (PT)],89.47657858197744
16,OLMo-2-1124-7B-Instruct [Instruct/chat],114.83230483389872
16,OLMo-7B-Instruct-hf [Instruct/chat],102.94653778772849
16,OLMo-7B-hf [Pretrained (PT)],77.56551302669943
16,OLMoE-1B-7B-0125-Instruct [Instruct/chat],105.28894078420787
16,OLMoE-1B-7B-0924 [Pretrained (PT)],94.28872014405363
16,OLMoE-1B-7B-0924-Instruct [Instruct/chat],102.63509319157936
16,Phi-3-medium-128k-instruct [Instruct/chat],122.02748959319284
16,Phi-3-medium-4k-instruct [Instruct/chat],119.29625326640276
16,Phi-3-mini-128k-instruct [Instruct/chat],118.03182975605893
16,Phi-3-mini-4k-instruct [Instruct/chat],120.36302594649442
16,Phi-3-small-128k-instruct [Instruct/chat],119.87722068274506
16,Phi-3-small-8k-instruct [Instruct/chat],120.52052467240738
16,Phi-3.5-mini-instruct [Instruct/chat],118.2360133469149
16,Phi-4-mini-instruct [Instruct/chat],117.35378270227126
16,Qwen-1.8B-Chat [Instruct/chat],99.659605957027
16,Qwen-14B-Chat [Instruct/chat],108.58721247570958
16,Qwen-7B-Chat [Instruct/chat],105.56969664230024
16,Qwen1.5-0.5B-Chat [Instruct/chat],83.45656017303777
16,Qwen1.5-1.8B [Base (no official chat academic scores)],102.03396876896166
16,Qwen1.5-1.8B-Chat [Instruct/chat],94.06290446941647
16,Qwen1.5-14B [Base (no official chat academic scores)],110.32337130681336
16,Qwen1.5-14B-Chat [Instruct/chat],112.04062836245626
16,Qwen1.5-32B [Base (no official chat academic scores)],112.62362917795564
16,Qwen1.5-32B-Chat [Instruct/chat],113.63914185156703
16,Qwen1.5-4B [Base (no official chat academic scores)],105.9387604632079
16,Qwen1.5-4B-Chat [Instruct/chat],96.55150608591566
16,Qwen1.5-7B [Base (no official chat academic scores)],107.6577684689944
16,Qwen1.5-7B-Chat [Instruct/chat],101.7444923894051
16,Qwen2-0.5B-Instruct [Instruct/chat],97.2592021794798
16,Qwen2-1.5B-Instruct [Instruct/chat],106.6080443168131
16,Qwen2-7B-Instruct [Instruct/chat],119.30716012527714
16,Qwen2.5-0.5B-Instruct [Instruct/chat],104.0355981903025
16,Qwen2.5-1.5B-Instruct [Instruct/chat],115.33149919186327
16,Qwen2.5-14B-Instruct [Instruct/chat],127.73267273321666
16,Qwen2.5-32B-Instruct [Instruct/chat],130.73667579926916
16,Qwen2.5-3B-Instruct [Instruct/chat],120.38122011012807
16,Qwen2.5-7B-Instruct [Instruct/chat],124.5190405472346
16,Qwen3-0.6B [Non-thinking mode],113.65951569204242
16,Qwen3-0.6B [Thinking mode],116.4814954328208
16,Qwen3-1.7B [Non-thinking mode],118.91492885960544
16,Qwen3-1.7B [Thinking mode],126.70710041222125
16,Qwen3-14B [Non-thinking mode],129.46310206986547
16,Qwen3-14B [Thinking mode],137.9933700081555
16,Qwen3-30B-A3B [Non-thinking mode],129.72632043695268
16,Qwen3-30B-A3B [Thinking mode],138.0079116203647
16,Qwen3-30B-A3B-Instruct-2507 [Instruct (non-thinking)],136.27040559216744
16,Qwen3-30B-A3B-Thinking-2507 [Thinking],140.6572548454813
16,Qwen3-32B [Non-thinking mode],130.2161001406306
16,Qwen3-32B [Thinking mode],138.43768165914446
16,Qwen3-4B [Non-thinking mode],127.10952762635766
16,Qwen3-4B [Thinking mode],134.35407008240185
16,Qwen3-4B-Instruct-2507 [Instruct (non-thinking)],132.85114456045986
16,Qwen3-4B-Thinking-2507 [Thinking],137.5749006731103
16,Qwen3-8B [Non-thinking mode],130.21238432355557
16,Qwen3-8B [Thinking mode],136.68124803598374
16,Qwen3.5-0.8B [Non-thinking rows],111.86613250344163
16,Qwen3.5-0.8B [Thinking (default)],115.59066258029272
16,Qwen3.5-27B [Thinking (default)],146.64755817120266
16,Qwen3.5-2B [Non-thinking rows],119.5794945392843
16,Qwen3.5-2B [Thinking (default)],130.41395008309618
16,Qwen3.5-35B-A3B [Thinking (default)],144.4250873407625
16,Qwen3.5-4B [Thinking (default)],141.37763843367875
16,Qwen3.5-9B [Thinking (default)],143.43147397602365
16,Qwen3.6-27B [Thinking (default)],147.3475130660841
16,Qwen3.6-35B-A3B [Thinking (default)],145.48868729268654
16,SmolLM-1.7B [Pretrained (PT)],90.15292420588924
16,SmolLM-1.7B-Instruct [Instruct/chat],76.70785237956844
16,SmolLM-135M [Pretrained (PT)],91.07204839587612
16,SmolLM-135M-Instruct [Instruct/chat],83.23079342431711
16,SmolLM-360M [Pretrained (PT)],90.75937155555118
16,SmolLM-360M-Instruct [Instruct/chat],78.9034516773409
16,SmolLM2-1.7B [Pretrained (PT)],101.01659340741902
16,SmolLM2-1.7B-Instruct [Instruct/chat],98.53558316840552
16,SmolLM2-135M [Pretrained (PT)],87.77253005763185
16,SmolLM2-135M-Instruct [Instruct/chat],98.61639372805426
16,SmolLM2-360M [Pretrained (PT)],92.31956234057492
16,SmolLM2-360M-Instruct [Instruct/chat],79.99973066925241
16,phi-1 [Pretrained (PT)],86.21430090701655
16,phi-1_5 [Pretrained (PT)],90.33823297869557
16,phi-2 [Pretrained (PT)],100.81507063346967
16,phi-4 [Pretrained (PT)],121.77988201406734
17,Gemma 1.1 2B IT [Instruction-tuned (IT)],102.62070983516975
17,Gemma 1.1 7B IT [Instruction-tuned (IT)],107.33502282062125
17,Gemma 2 27B IT [Instruction-tuned (IT)],122.80703991567165
17,Gemma 2 27B [Pretrained (PT)],116.10036376329592
17,Gemma 2 2B IT [Instruction-tuned (IT)],113.86323887855505
17,Gemma 2 2B [Pretrained (PT)],100.51282187800216
17,Gemma 2 9B IT [Instruction-tuned (IT)],119.80606004460401
17,Gemma 2 9B [Pretrained (PT)],110.91944004379323
17,Gemma 2B IT [Instruction-tuned (IT)],94.22346422858809
17,Gemma 2B [Pretrained (PT)],98.00492625822197
17,Gemma 3 12B IT [Instruction-tuned (IT)],128.02357375158516
17,Gemma 3 12B [Pretrained (PT)],113.36950141440299
17,Gemma 3 1B IT [Instruction-tuned (IT)],111.68167188345512
17,Gemma 3 1B [Pretrained (PT)],86.02888515380008
17,Gemma 3 27B IT [Instruction-tuned (IT)],130.49505627861524
17,Gemma 3 27B [Pretrained (PT)],118.55886789748385
17,Gemma 3 4B IT [Instruction-tuned (IT)],119.36501370088826
17,Gemma 3 4B [Pretrained (PT)],101.36238261090077
17,Gemma 3n E2B IT [Instruction-tuned (IT)],117.15364434576328
17,Gemma 3n E2B [Pretrained (PT)],101.21226880302747
17,Gemma 3n E4B IT [Instruction-tuned (IT)],118.9558276148886
17,Gemma 3n E4B [Pretrained (PT)],107.0848515645374
17,"Gemma 4 12B [IT, Thinking mode]",142.53257137487682
17,"Gemma 4 26B A4B [IT, Thinking mode]",144.0039568622388
17,"Gemma 4 31B [IT, Thinking mode]",145.31490877694284
17,"Gemma 4 E2B [IT, Thinking mode]",130.06894198840874
17,"Gemma 4 E4B [IT, Thinking mode]",135.31973697835224
17,Gemma 7B IT [Instruction-tuned (IT)],101.02675096280761
17,Gemma 7B [Pretrained (PT)],110.78212292287256
17,Llama-2-13b-chat-hf [Instruct/chat],100.52979919841644
17,Llama-2-13b-hf [Pretrained (PT)],105.94434117406155
17,Llama-2-7b-chat-hf [Instruct/chat],107.46533934996779
17,Llama-2-7b-hf [Pretrained (PT)],100.8167202975167
17,Llama-3.1-8B [Pretrained (PT)],103.36934636362565
17,Llama-3.1-8B-Instruct [Instruct/chat],114.83708114025441
17,Llama-3.2-1B [Pretrained (PT)],93.1142208106032
17,Llama-3.2-1B-Instruct [Instruct/chat],108.5144221348475
17,Llama-3.2-3B [Pretrained (PT)],106.06922593214378
17,Llama-3.2-3B-Instruct [Instruct/chat],115.0270585817166
17,Meta-Llama-3-8B [Pretrained (PT)],111.78092830153565
17,Meta-Llama-3-8B-Instruct [Instruct/chat],116.15633481414602
17,OLMo-1B-hf [Pretrained (PT)],99.22650283666493
17,OLMo-2-1124-7B-Instruct [Instruct/chat],116.96813273086273
17,OLMo-7B-Instruct-hf [Instruct/chat],105.12710673672852
17,OLMo-7B-hf [Pretrained (PT)],95.08077452712442
17,OLMoE-1B-7B-0125-Instruct [Instruct/chat],117.3507248803759
17,OLMoE-1B-7B-0924 [Pretrained (PT)],97.51298844599475
17,OLMoE-1B-7B-0924-Instruct [Instruct/chat],109.53556905643956
17,Phi-3-medium-128k-instruct [Instruct/chat],119.56895231042539
17,Phi-3-medium-4k-instruct [Instruct/chat],119.2454686483145
17,Phi-3-mini-128k-instruct [Instruct/chat],118.55909006247359
17,Phi-3-mini-4k-instruct [Instruct/chat],116.97822752951255
17,Phi-3-small-128k-instruct [Instruct/chat],120.58926668144721
17,Phi-3-small-8k-instruct [Instruct/chat],119.09048323872922
17,Phi-3.5-mini-instruct [Instruct/chat],117.98000090518688
17,Phi-4-mini-instruct [Instruct/chat],118.95844038558145
17,Qwen-1.8B-Chat [Instruct/chat],100.52265817901788
17,Qwen-14B-Chat [Instruct/chat],110.32862340805944
17,Qwen-7B-Chat [Instruct/chat],105.06330505990968
17,Qwen1.5-0.5B-Chat [Instruct/chat],77.53973611053713
17,Qwen1.5-1.8B [Base (no official chat academic scores)],102.12746696904064
17,Qwen1.5-1.8B-Chat [Instruct/chat],93.64259972725299
17,Qwen1.5-14B [Base (no official chat academic scores)],111.20043611675898
17,Qwen1.5-14B-Chat [Instruct/chat],113.77337550490027
17,Qwen1.5-32B [Base (no official chat academic scores)],115.00374909551334
17,Qwen1.5-32B-Chat [Instruct/chat],113.58930136311604
17,Qwen1.5-4B [Base (no official chat academic scores)],105.62384371744803
17,Qwen1.5-4B-Chat [Instruct/chat],98.93457635087452
17,Qwen1.5-7B [Base (no official chat academic scores)],108.1729787665248
17,Qwen1.5-7B-Chat [Instruct/chat],102.16373329352288
17,Qwen2-0.5B-Instruct [Instruct/chat],91.1528664280332
17,Qwen2-1.5B-Instruct [Instruct/chat],109.601335605139
17,Qwen2-7B-Instruct [Instruct/chat],117.7958253266172
17,Qwen2.5-0.5B-Instruct [Instruct/chat],107.59061362744868
17,Qwen2.5-1.5B-Instruct [Instruct/chat],114.2972648467149
17,Qwen2.5-14B-Instruct [Instruct/chat],125.74912193115593
17,Qwen2.5-32B-Instruct [Instruct/chat],129.2768784227476
17,Qwen2.5-3B-Instruct [Instruct/chat],119.18388288354198
17,Qwen2.5-7B-Instruct [Instruct/chat],121.75905530952033
17,Qwen3-0.6B [Non-thinking mode],103.20369386739276
17,Qwen3-0.6B [Thinking mode],113.97272682752718
17,Qwen3-1.7B [Non-thinking mode],119.44739683431189
17,Qwen3-1.7B [Thinking mode],124.3773503769114
17,Qwen3-14B [Non-thinking mode],127.75776659365874
17,Qwen3-14B [Thinking mode],138.66912025207813
17,Qwen3-30B-A3B [Non-thinking mode],128.5004199926762
17,Qwen3-30B-A3B [Thinking mode],138.4729312623521
17,Qwen3-30B-A3B-Instruct-2507 [Instruct (non-thinking)],137.8207740872678
17,Qwen3-30B-A3B-Thinking-2507 [Thinking],141.3447237673994
17,Qwen3-32B [Non-thinking mode],129.56207004220707
17,Qwen3-32B [Thinking mode],139.54066648707234
17,Qwen3-4B [Non-thinking mode],124.73809605748966
17,Qwen3-4B [Thinking mode],133.35199600574228
17,Qwen3-4B-Instruct-2507 [Instruct (non-thinking)],132.5041734480233
17,Qwen3-4B-Thinking-2507 [Thinking],135.641816339713
17,Qwen3-8B [Non-thinking mode],126.88003032595552
17,Qwen3-8B [Thinking mode],137.22921344857357
17,Qwen3.5-0.8B [Non-thinking rows],108.14103222197086
17,Qwen3.5-0.8B [Thinking (default)],107.17961744124479
17,Qwen3.5-27B [Thinking (default)],147.54534716046285
17,Qwen3.5-2B [Non-thinking rows],121.43942483582838
17,Qwen3.5-2B [Thinking (default)],128.37617846554392
17,Qwen3.5-35B-A3B [Thinking (default)],144.41852310603156
17,Qwen3.5-4B [Thinking (default)],140.6252728402884
17,Qwen3.5-9B [Thinking (default)],144.37263497028198
17,Qwen3.6-27B [Thinking (default)],149.68217257916422
17,Qwen3.6-35B-A3B [Thinking (default)],144.56700069431483
17,SmolLM-1.7B [Pretrained (PT)],100.72066855791962
17,SmolLM-1.7B-Instruct [Instruct/chat],98.22211537930487
17,SmolLM-135M [Pretrained (PT)],82.37048367829286
17,SmolLM-135M-Instruct [Instruct/chat],92.96287283781092
17,SmolLM-360M [Pretrained (PT)],99.37677449043952
17,SmolLM-360M-Instruct [Instruct/chat],98.9370341161737
17,SmolLM2-1.7B [Pretrained (PT)],102.8441559151324
17,SmolLM2-1.7B-Instruct [Instruct/chat],104.6023966474641
17,SmolLM2-135M [Pretrained (PT)],87.07393352166682
17,SmolLM2-135M-Instruct [Instruct/chat],100.24420825356864
17,SmolLM2-360M [Pretrained (PT)],99.33797187610132
17,SmolLM2-360M-Instruct [Instruct/chat],89.9927386285876
17,phi-1 [Pretrained (PT)],97.09829439453394
17,phi-1_5 [Pretrained (PT)],94.48086947064412
17,phi-2 [Pretrained (PT)],109.34865033662811
17,phi-4 [Pretrained (PT)],96.6666282112985
18,Gemma 1.1 2B IT [Instruction-tuned (IT)],96.52593812085671
18,Gemma 1.1 7B IT [Instruction-tuned (IT)],108.25390721065615
18,Gemma 2 27B IT [Instruction-tuned (IT)],122.06345386561235
18,Gemma 2 27B [Pretrained (PT)],116.23237064646104
18,Gemma 2 2B IT [Instruction-tuned (IT)],112.68041777794538
18,Gemma 2 2B [Pretrained (PT)],100.12904027665044
18,Gemma 2 9B IT [Instruction-tuned (IT)],120.44420548718574
18,Gemma 2 9B [Pretrained (PT)],113.54859164466285
18,Gemma 2B IT [Instruction-tuned (IT)],88.6512297471306
18,Gemma 2B [Pretrained (PT)],96.3853117362228
18,Gemma 3 12B IT [Instruction-tuned (IT)],127.27711891215114
18,Gemma 3 12B [Pretrained (PT)],115.65931879659017
18,Gemma 3 1B IT [Instruction-tuned (IT)],106.87398679607946
18,Gemma 3 1B [Pretrained (PT)],81.06661676348148
18,Gemma 3 27B IT [Instruction-tuned (IT)],130.98316381951997
18,Gemma 3 27B [Pretrained (PT)],118.98647506350184
18,Gemma 3 4B IT [Instruction-tuned (IT)],118.65090258742799
18,Gemma 3 4B [Pretrained (PT)],103.49873459594777
18,Gemma 3n E2B IT [Instruction-tuned (IT)],113.17539102614066
18,Gemma 3n E2B [Pretrained (PT)],100.41531815834557
18,Gemma 3n E4B IT [Instruction-tuned (IT)],113.31135910458373
18,Gemma 3n E4B [Pretrained (PT)],107.45040852398444
18,"Gemma 4 12B [IT, Thinking mode]",142.3896973340985
18,"Gemma 4 26B A4B [IT, Thinking mode]",143.15230938435897
18,"Gemma 4 31B [IT, Thinking mode]",147.6212223069265
18,"Gemma 4 E2B [IT, Thinking mode]",128.69665439676194
18,"Gemma 4 E4B [IT, Thinking mode]",133.97539042088383
18,Gemma 7B IT [Instruction-tuned (IT)],98.98890676306904
18,Gemma 7B [Pretrained (PT)],109.97120406155892
18,Llama-2-13b-chat-hf [Instruct/chat],103.47165494942016
18,Llama-2-13b-hf [Pretrained (PT)],105.58510570605054
18,Llama-2-7b-chat-hf [Instruct/chat],102.32105871900306
18,Llama-2-7b-hf [Pretrained (PT)],97.25891769443766
18,Llama-3.1-8B [Pretrained (PT)],101.7354705232695
18,Llama-3.1-8B-Instruct [Instruct/chat],114.73102815278972
18,Llama-3.2-1B [Pretrained (PT)],83.10014401614006
18,Llama-3.2-1B-Instruct [Instruct/chat],95.18217841626756
18,Llama-3.2-3B [Pretrained (PT)],89.71767251537761
18,Llama-3.2-3B-Instruct [Instruct/chat],118.15749041149287
18,Meta-Llama-3-8B [Pretrained (PT)],113.02409536255881
18,Meta-Llama-3-8B-Instruct [Instruct/chat],117.26032192055473
18,OLMo-1B-hf [Pretrained (PT)],88.88366638933795
18,OLMo-2-1124-7B-Instruct [Instruct/chat],113.91766155322763
18,OLMo-7B-Instruct-hf [Instruct/chat],100.08445455192864
18,OLMo-7B-hf [Pretrained (PT)],80.06839204578705
18,OLMoE-1B-7B-0125-Instruct [Instruct/chat],114.1572740705056
18,OLMoE-1B-7B-0924 [Pretrained (PT)],91.93352395177031
18,OLMoE-1B-7B-0924-Instruct [Instruct/chat],108.25800757238629
18,Phi-3-medium-128k-instruct [Instruct/chat],124.10155613210183
18,Phi-3-medium-4k-instruct [Instruct/chat],121.87731403684789
18,Phi-3-mini-128k-instruct [Instruct/chat],117.25153279764787
18,Phi-3-mini-4k-instruct [Instruct/chat],117.42569724004512
18,Phi-3-small-128k-instruct [Instruct/chat],119.83000879483781
18,Phi-3-small-8k-instruct [Instruct/chat],123.8333933764803
18,Phi-3.5-mini-instruct [Instruct/chat],119.04516341094086
18,Phi-4-mini-instruct [Instruct/chat],119.92225103535013
18,Qwen-1.8B-Chat [Instruct/chat],97.23802342248558
18,Qwen-14B-Chat [Instruct/chat],110.06446875454375
18,Qwen-7B-Chat [Instruct/chat],104.20979592538946
18,Qwen1.5-0.5B-Chat [Instruct/chat],68.22298872597838
18,Qwen1.5-1.8B [Base (no official chat academic scores)],97.76851561639727
18,Qwen1.5-1.8B-Chat [Instruct/chat],88.18085414419448
18,Qwen1.5-14B [Base (no official chat academic scores)],111.25735414105532
18,Qwen1.5-14B-Chat [Instruct/chat],112.62727435491513
18,Qwen1.5-32B [Base (no official chat academic scores)],116.13770616659278
18,Qwen1.5-32B-Chat [Instruct/chat],118.0630188382188
18,Qwen1.5-4B [Base (no official chat academic scores)],104.6340105310354
18,Qwen1.5-4B-Chat [Instruct/chat],94.32467799044937
18,Qwen1.5-7B [Base (no official chat academic scores)],109.16267506692608
18,Qwen1.5-7B-Chat [Instruct/chat],104.12767544550093
18,Qwen2-0.5B-Instruct [Instruct/chat],94.66163686464567
18,Qwen2-1.5B-Instruct [Instruct/chat],103.9636579614107
18,Qwen2-7B-Instruct [Instruct/chat],118.98008775154942
18,Qwen2.5-0.5B-Instruct [Instruct/chat],105.45314907120733
18,Qwen2.5-1.5B-Instruct [Instruct/chat],114.02586290718206
18,Qwen2.5-14B-Instruct [Instruct/chat],127.78934990933611
18,Qwen2.5-32B-Instruct [Instruct/chat],129.32687796870698
18,Qwen2.5-3B-Instruct [Instruct/chat],118.5232276542867
18,Qwen2.5-7B-Instruct [Instruct/chat],122.88068214480381
18,Qwen3-0.6B [Non-thinking mode],99.80498003570487
18,Qwen3-0.6B [Thinking mode],112.32294547975563
18,Qwen3-1.7B [Non-thinking mode],117.66916474335777
18,Qwen3-1.7B [Thinking mode],126.77514867679466
18,Qwen3-14B [Non-thinking mode],129.77713688437458
18,Qwen3-14B [Thinking mode],137.81693030576434
18,Qwen3-30B-A3B [Non-thinking mode],130.46730385640944
18,Qwen3-30B-A3B [Thinking mode],137.87352370299536
18,Qwen3-30B-A3B-Instruct-2507 [Instruct (non-thinking)],137.5897433509918
18,Qwen3-30B-A3B-Thinking-2507 [Thinking],140.36438503515504
18,Qwen3-32B [Non-thinking mode],129.88885089401234
18,Qwen3-32B [Thinking mode],138.85701848778902
18,Qwen3-4B [Non-thinking mode],124.55249090146192
18,Qwen3-4B [Thinking mode],135.49131876155644
18,Qwen3-4B-Instruct-2507 [Instruct (non-thinking)],130.83057821583472
18,Qwen3-4B-Thinking-2507 [Thinking],136.22634111558776
18,Qwen3-8B [Non-thinking mode],127.46526698205591
18,Qwen3-8B [Thinking mode],135.2048888075155
18,Qwen3.5-0.8B [Non-thinking rows],107.44615688818278
18,Qwen3.5-0.8B [Thinking (default)],107.09603252862438
18,Qwen3.5-27B [Thinking (default)],146.28606000548803
18,Qwen3.5-2B [Non-thinking rows],121.87941065250764
18,Qwen3.5-2B [Thinking (default)],129.16211964626223
18,Qwen3.5-35B-A3B [Thinking (default)],144.10063555661836
18,Qwen3.5-4B [Thinking (default)],141.21102318633717
18,Qwen3.5-9B [Thinking (default)],143.64736431181285
18,Qwen3.6-27B [Thinking (default)],147.8765556343574
18,Qwen3.6-35B-A3B [Thinking (default)],147.0685612247358
18,SmolLM-1.7B [Pretrained (PT)],91.58559647476241
18,SmolLM-1.7B-Instruct [Instruct/chat],91.85246855350704
18,SmolLM-135M [Pretrained (PT)],88.2668571089873
18,SmolLM-135M-Instruct [Instruct/chat],78.59212390984649
18,SmolLM-360M [Pretrained (PT)],90.91954321550926
18,SmolLM-360M-Instruct [Instruct/chat],87.81774633949153
18,SmolLM2-1.7B [Pretrained (PT)],94.64260303329684
18,SmolLM2-1.7B-Instruct [Instruct/chat],109.65244113007373
18,SmolLM2-135M [Pretrained (PT)],88.20387945020491
18,SmolLM2-135M-Instruct [Instruct/chat],95.03607564374666
18,SmolLM2-360M [Pretrained (PT)],89.23919639084335
18,SmolLM2-360M-Instruct [Instruct/chat],78.64335083652293
18,phi-1 [Pretrained (PT)],88.74772443958389
18,phi-1_5 [Pretrained (PT)],96.60966947591749
18,phi-2 [Pretrained (PT)],106.17669903758966
18,phi-4 [Pretrained (PT)],129.28273851650223
19,Gemma 1.1 2B IT [Instruction-tuned (IT)],101.11368190772876
19,Gemma 1.1 7B IT [Instruction-tuned (IT)],109.20696582996433
19,Gemma 2 27B IT [Instruction-tuned (IT)],124.35134367482857
19,Gemma 2 27B [Pretrained (PT)],115.84841831661254
19,Gemma 2 2B IT [Instruction-tuned (IT)],110.88745836471959
19,Gemma 2 2B [Pretrained (PT)],98.74072237746111
19,Gemma 2 9B IT [Instruction-tuned (IT)],120.73123140376175
19,Gemma 2 9B [Pretrained (PT)],111.43297649317519
19,Gemma 2B IT [Instruction-tuned (IT)],86.04817433036578
19,Gemma 2B [Pretrained (PT)],95.04857198811382
19,Gemma 3 12B IT [Instruction-tuned (IT)],128.35828562044694
19,Gemma 3 12B [Pretrained (PT)],115.19954802481347
19,Gemma 3 1B IT [Instruction-tuned (IT)],106.41188974857221
19,Gemma 3 1B [Pretrained (PT)],83.42493176906291
19,Gemma 3 27B IT [Instruction-tuned (IT)],129.27870254695276
19,Gemma 3 27B [Pretrained (PT)],119.72133242609834
19,Gemma 3 4B IT [Instruction-tuned (IT)],119.66806647090614
19,Gemma 3 4B [Pretrained (PT)],103.91043509798183
19,Gemma 3n E2B IT [Instruction-tuned (IT)],111.24288975063318
19,Gemma 3n E2B [Pretrained (PT)],101.6551690867313
19,Gemma 3n E4B IT [Instruction-tuned (IT)],118.15861441223926
19,Gemma 3n E4B [Pretrained (PT)],107.65591892539942
19,"Gemma 4 12B [IT, Thinking mode]",142.62029096143834
19,"Gemma 4 26B A4B [IT, Thinking mode]",145.57978432036975
19,"Gemma 4 31B [IT, Thinking mode]",148.2596267755569
19,"Gemma 4 E2B [IT, Thinking mode]",128.65235320769804
19,"Gemma 4 E4B [IT, Thinking mode]",134.4067442228258
19,Gemma 7B IT [Instruction-tuned (IT)],102.36576791852083
19,Gemma 7B [Pretrained (PT)],110.19456700943334
19,Llama-2-13b-chat-hf [Instruct/chat],92.83761780100846
19,Llama-2-13b-hf [Pretrained (PT)],106.43403127824749
19,Llama-2-7b-chat-hf [Instruct/chat],90.1531774406738
19,Llama-2-7b-hf [Pretrained (PT)],100.30605503939057
19,Llama-3.1-8B [Pretrained (PT)],111.96377926033627
19,Llama-3.1-8B-Instruct [Instruct/chat],112.81745283569468
19,Llama-3.2-1B [Pretrained (PT)],88.32765085098669
19,Llama-3.2-1B-Instruct [Instruct/chat],95.11633886583786
19,Llama-3.2-3B [Pretrained (PT)],91.8145825353769
19,Llama-3.2-3B-Instruct [Instruct/chat],118.95254719281472
19,Meta-Llama-3-8B [Pretrained (PT)],96.18186427076773
19,Meta-Llama-3-8B-Instruct [Instruct/chat],114.39176242551797
19,OLMo-1B-hf [Pretrained (PT)],92.55937469399467
19,OLMo-2-1124-7B-Instruct [Instruct/chat],117.58915929811795
19,OLMo-7B-Instruct-hf [Instruct/chat],98.49383908780321
19,OLMo-7B-hf [Pretrained (PT)],84.25448621980445
19,OLMoE-1B-7B-0125-Instruct [Instruct/chat],117.38496671279292
19,OLMoE-1B-7B-0924 [Pretrained (PT)],95.59764914795974
19,OLMoE-1B-7B-0924-Instruct [Instruct/chat],98.76114849645191
19,Phi-3-medium-128k-instruct [Instruct/chat],121.8814255267126
19,Phi-3-medium-4k-instruct [Instruct/chat],120.54828242366793
19,Phi-3-mini-128k-instruct [Instruct/chat],117.20291716145236
19,Phi-3-mini-4k-instruct [Instruct/chat],116.929720636643
19,Phi-3-small-128k-instruct [Instruct/chat],122.85978384648618
19,Phi-3-small-8k-instruct [Instruct/chat],121.81826829662785
19,Phi-3.5-mini-instruct [Instruct/chat],118.8847836889717
19,Phi-4-mini-instruct [Instruct/chat],119.53115594468692
19,Qwen-1.8B-Chat [Instruct/chat],96.54242511129765
19,Qwen-14B-Chat [Instruct/chat],107.47001292467647
19,Qwen-7B-Chat [Instruct/chat],104.2417468844584
19,Qwen1.5-0.5B-Chat [Instruct/chat],71.23849649466068
19,Qwen1.5-1.8B [Base (no official chat academic scores)],100.57776823186587
19,Qwen1.5-1.8B-Chat [Instruct/chat],91.61851598090166
19,Qwen1.5-14B [Base (no official chat academic scores)],110.40813248641939
19,Qwen1.5-14B-Chat [Instruct/chat],111.7727509279741
19,Qwen1.5-32B [Base (no official chat academic scores)],119.22778248526535
19,Qwen1.5-32B-Chat [Instruct/chat],115.31844660851274
19,Qwen1.5-4B [Base (no official chat academic scores)],101.63114255020972
19,Qwen1.5-4B-Chat [Instruct/chat],99.53640907416442
19,Qwen1.5-7B [Base (no official chat academic scores)],107.59389989634306
19,Qwen1.5-7B-Chat [Instruct/chat],105.29419958366486
19,Qwen2-0.5B-Instruct [Instruct/chat],96.62358727439539
19,Qwen2-1.5B-Instruct [Instruct/chat],105.52429595074693
19,Qwen2-7B-Instruct [Instruct/chat],117.51148311531637
19,Qwen2.5-0.5B-Instruct [Instruct/chat],105.75244125178767
19,Qwen2.5-1.5B-Instruct [Instruct/chat],114.40096998281805
19,Qwen2.5-14B-Instruct [Instruct/chat],128.19060725777834
19,Qwen2.5-32B-Instruct [Instruct/chat],129.6909031551156
19,Qwen2.5-3B-Instruct [Instruct/chat],116.90278426744393
19,Qwen2.5-7B-Instruct [Instruct/chat],123.010231536636
19,Qwen3-0.6B [Non-thinking mode],106.65000250790338
19,Qwen3-0.6B [Thinking mode],110.2390751898759
19,Qwen3-1.7B [Non-thinking mode],118.04954143245216
19,Qwen3-1.7B [Thinking mode],122.89249142300767
19,Qwen3-14B [Non-thinking mode],129.54010432133208
19,Qwen3-14B [Thinking mode],139.97702958092862
19,Qwen3-30B-A3B [Non-thinking mode],131.5146460421656
19,Qwen3-30B-A3B [Thinking mode],140.2418569768038
19,Qwen3-30B-A3B-Instruct-2507 [Instruct (non-thinking)],135.0536037604606
19,Qwen3-30B-A3B-Thinking-2507 [Thinking],139.92498927928946
19,Qwen3-32B [Non-thinking mode],131.0414030324416
19,Qwen3-32B [Thinking mode],140.38344956017383
19,Qwen3-4B [Non-thinking mode],127.16666650119953
19,Qwen3-4B [Thinking mode],133.61485342746025
19,Qwen3-4B-Instruct-2507 [Instruct (non-thinking)],132.26080206246172
19,Qwen3-4B-Thinking-2507 [Thinking],138.0470837912761
19,Qwen3-8B [Non-thinking mode],127.04570710495314
19,Qwen3-8B [Thinking mode],138.01369515524658
19,Qwen3.5-0.8B [Non-thinking rows],106.70896514736243
19,Qwen3.5-0.8B [Thinking (default)],110.84643532361275
19,Qwen3.5-27B [Thinking (default)],146.9914916544034
19,Qwen3.5-2B [Non-thinking rows],123.97163355668653
19,Qwen3.5-2B [Thinking (default)],129.27858222074914
19,Qwen3.5-35B-A3B [Thinking (default)],144.52943471491244
19,Qwen3.5-4B [Thinking (default)],140.59621249748267
19,Qwen3.5-9B [Thinking (default)],142.72037719754533
19,Qwen3.6-27B [Thinking (default)],146.5454407876942
19,Qwen3.6-35B-A3B [Thinking (default)],144.47961538897806
19,SmolLM-1.7B [Pretrained (PT)],78.13986727638235
19,SmolLM-1.7B-Instruct [Instruct/chat],94.34317262603324
19,SmolLM-135M [Pretrained (PT)],74.21275233296173
19,SmolLM-135M-Instruct [Instruct/chat],85.54497853178421
19,SmolLM-360M [Pretrained (PT)],84.9377380162966
19,SmolLM-360M-Instruct [Instruct/chat],91.41149183774365
19,SmolLM2-1.7B [Pretrained (PT)],99.35500586878312
19,SmolLM2-1.7B-Instruct [Instruct/chat],107.34211129065775
19,SmolLM2-135M [Pretrained (PT)],91.94987990572112
19,SmolLM2-135M-Instruct [Instruct/chat],83.94099269724089
19,SmolLM2-360M [Pretrained (PT)],94.263443860782
19,SmolLM2-360M-Instruct [Instruct/chat],81.3599314084079
19,phi-1 [Pretrained (PT)],94.88044562321379
19,phi-1_5 [Pretrained (PT)],86.25143895185
19,phi-2 [Pretrained (PT)],106.9428204027665
19,phi-4 [Pretrained (PT)],119.54597987004027
20,Gemma 1.1 2B IT [Instruction-tuned (IT)],89.77969450534766
20,Gemma 1.1 7B IT [Instruction-tuned (IT)],104.90936827148039
20,Gemma 2 27B IT [Instruction-tuned (IT)],123.66916788711146
20,Gemma 2 27B [Pretrained (PT)],114.91778591992318
20,Gemma 2 2B IT [Instruction-tuned (IT)],104.41930940727042
20,Gemma 2 2B [Pretrained (PT)],100.51220075284913
20,Gemma 2 9B IT [Instruction-tuned (IT)],117.93946846970542
20,Gemma 2 9B [Pretrained (PT)],113.19839251014676
20,Gemma 2B IT [Instruction-tuned (IT)],90.11188249127238
20,Gemma 2B [Pretrained (PT)],95.71429279657633
20,Gemma 3 12B IT [Instruction-tuned (IT)],126.95801157043466
20,Gemma 3 12B [Pretrained (PT)],115.49371980213803
20,Gemma 3 1B IT [Instruction-tuned (IT)],106.80833097709544
20,Gemma 3 1B [Pretrained (PT)],79.2505960354278
20,Gemma 3 27B IT [Instruction-tuned (IT)],129.88254706647749
20,Gemma 3 27B [Pretrained (PT)],118.39114177321639
20,Gemma 3 4B IT [Instruction-tuned (IT)],118.78412690150593
20,Gemma 3 4B [Pretrained (PT)],105.13521354170017
20,Gemma 3n E2B IT [Instruction-tuned (IT)],114.99854808566016
20,Gemma 3n E2B [Pretrained (PT)],99.23331724764992
20,Gemma 3n E4B IT [Instruction-tuned (IT)],117.72672687001743
20,Gemma 3n E4B [Pretrained (PT)],108.26842205306176
20,"Gemma 4 12B [IT, Thinking mode]",142.89058655041958
20,"Gemma 4 26B A4B [IT, Thinking mode]",144.89581608781722
20,"Gemma 4 31B [IT, Thinking mode]",145.9558250524252
20,"Gemma 4 E2B [IT, Thinking mode]",129.3137408890446
20,"Gemma 4 E4B [IT, Thinking mode]",132.52104156534017
20,Gemma 7B IT [Instruction-tuned (IT)],100.42077670802804
20,Gemma 7B [Pretrained (PT)],110.5258118327661
20,Llama-2-13b-chat-hf [Instruct/chat],106.45138940731255
20,Llama-2-13b-hf [Pretrained (PT)],104.40402864801729
20,Llama-2-7b-chat-hf [Instruct/chat],103.87663689352544
20,Llama-2-7b-hf [Pretrained (PT)],100.91060149812276
20,Llama-3.1-8B [Pretrained (PT)],93.9981235411646
20,Llama-3.1-8B-Instruct [Instruct/chat],115.62186700083112
20,Llama-3.2-1B [Pretrained (PT)],87.81449565768973
20,Llama-3.2-1B-Instruct [Instruct/chat],109.9433052663607
20,Llama-3.2-3B [Pretrained (PT)],95.0072061163589
20,Llama-3.2-3B-Instruct [Instruct/chat],111.01343146440082
20,Meta-Llama-3-8B [Pretrained (PT)],99.07690013152846
20,Meta-Llama-3-8B-Instruct [Instruct/chat],116.67993249360566
20,OLMo-1B-hf [Pretrained (PT)],90.40559430482969
20,OLMo-2-1124-7B-Instruct [Instruct/chat],119.60158777300258
20,OLMo-7B-Instruct-hf [Instruct/chat],101.45087913456166
20,OLMo-7B-hf [Pretrained (PT)],83.35257530642994
20,OLMoE-1B-7B-0125-Instruct [Instruct/chat],99.8453356427864
20,OLMoE-1B-7B-0924 [Pretrained (PT)],91.01129856347428
20,OLMoE-1B-7B-0924-Instruct [Instruct/chat],105.99694894644834
20,Phi-3-medium-128k-instruct [Instruct/chat],120.10961766031384
20,Phi-3-medium-4k-instruct [Instruct/chat],119.4441257341182
20,Phi-3-mini-128k-instruct [Instruct/chat],117.27583612685967
20,Phi-3-mini-4k-instruct [Instruct/chat],116.30003913364848
20,Phi-3-small-128k-instruct [Instruct/chat],122.36332671997586
20,Phi-3-small-8k-instruct [Instruct/chat],120.43654123894105
20,Phi-3.5-mini-instruct [Instruct/chat],118.60558224026184
20,Phi-4-mini-instruct [Instruct/chat],119.59283225041173
20,Qwen-1.8B-Chat [Instruct/chat],97.09006124997465
20,Qwen-14B-Chat [Instruct/chat],107.46736964380062
20,Qwen-7B-Chat [Instruct/chat],105.04301767641549
20,Qwen1.5-0.5B-Chat [Instruct/chat],78.92680878602198
20,Qwen1.5-1.8B [Base (no official chat academic scores)],98.28852049190951
20,Qwen1.5-1.8B-Chat [Instruct/chat],94.43505573668854
20,Qwen1.5-14B [Base (no official chat academic scores)],113.88030013922301
20,Qwen1.5-14B-Chat [Instruct/chat],107.37835381712276
20,Qwen1.5-32B [Base (no official chat academic scores)],116.35069496778698
20,Qwen1.5-32B-Chat [Instruct/chat],115.1895629106026
20,Qwen1.5-4B [Base (no official chat academic scores)],101.15424009688977
20,Qwen1.5-4B-Chat [Instruct/chat],98.89390711219073
20,Qwen1.5-7B [Base (no official chat academic scores)],110.5869102138893
20,Qwen1.5-7B-Chat [Instruct/chat],101.5319138343141
20,Qwen2-0.5B-Instruct [Instruct/chat],96.62696190715963
20,Qwen2-1.5B-Instruct [Instruct/chat],105.58138308436588
20,Qwen2-7B-Instruct [Instruct/chat],119.77754085928024
20,Qwen2.5-0.5B-Instruct [Instruct/chat],104.37090269436223
20,Qwen2.5-1.5B-Instruct [Instruct/chat],113.8806705679981
20,Qwen2.5-14B-Instruct [Instruct/chat],127.94461213302489
20,Qwen2.5-32B-Instruct [Instruct/chat],130.86487837553292
20,Qwen2.5-3B-Instruct [Instruct/chat],120.57605205485332
20,Qwen2.5-7B-Instruct [Instruct/chat],125.72150142370522
20,Qwen3-0.6B [Non-thinking mode],101.86710649377493
20,Qwen3-0.6B [Thinking mode],115.67389003240196
20,Qwen3-1.7B [Non-thinking mode],121.1459088558313
20,Qwen3-1.7B [Thinking mode],125.40762673632241
20,Qwen3-14B [Non-thinking mode],130.4660151334705
20,Qwen3-14B [Thinking mode],137.79493545029507
20,Qwen3-30B-A3B [Non-thinking mode],131.42285890405785
20,Qwen3-30B-A3B [Thinking mode],137.42857323000823
20,Qwen3-30B-A3B-Instruct-2507 [Instruct (non-thinking)],136.03193387661432
20,Qwen3-30B-A3B-Thinking-2507 [Thinking],140.6638232096552
20,Qwen3-32B [Non-thinking mode],129.97770755378798
20,Qwen3-32B [Thinking mode],138.41624714872674
20,Qwen3-4B [Non-thinking mode],127.25106973065067
20,Qwen3-4B [Thinking mode],135.88454682863
20,Qwen3-4B-Instruct-2507 [Instruct (non-thinking)],132.78442379084368
20,Qwen3-4B-Thinking-2507 [Thinking],137.46518015550714
20,Qwen3-8B [Non-thinking mode],129.12312952066685
20,Qwen3-8B [Thinking mode],136.28898605063395
20,Qwen3.5-0.8B [Non-thinking rows],113.08970666788233
20,Qwen3.5-0.8B [Thinking (default)],116.75536927598455
20,Qwen3.5-27B [Thinking (default)],146.5362878827608
20,Qwen3.5-2B [Non-thinking rows],123.88209683754776
20,Qwen3.5-2B [Thinking (default)],129.46840880809862
20,Qwen3.5-35B-A3B [Thinking (default)],145.60422040377088
20,Qwen3.5-4B [Thinking (default)],140.34697759325798
20,Qwen3.5-9B [Thinking (default)],143.9530313423805
20,Qwen3.6-27B [Thinking (default)],147.66866249276336
20,Qwen3.6-35B-A3B [Thinking (default)],143.7779113553353
20,SmolLM-1.7B [Pretrained (PT)],94.62954132098201
20,SmolLM-1.7B-Instruct [Instruct/chat],91.70059410874177
20,SmolLM-135M [Pretrained (PT)],81.95491655348542
20,SmolLM-135M-Instruct [Instruct/chat],83.98080959676581
20,SmolLM-360M [Pretrained (PT)],101.67663555223335
20,SmolLM-360M-Instruct [Instruct/chat],72.57325352996035
20,SmolLM2-1.7B [Pretrained (PT)],98.28433816929451
20,SmolLM2-1.7B-Instruct [Instruct/chat],109.05929235330814
20,SmolLM2-135M [Pretrained (PT)],81.74546255314796
20,SmolLM2-135M-Instruct [Instruct/chat],83.28682891436658
20,SmolLM2-360M [Pretrained (PT)],85.55558350881137
20,SmolLM2-360M-Instruct [Instruct/chat],78.23640868325816
20,phi-1 [Pretrained (PT)],82.81666095983817
20,phi-1_5 [Pretrained (PT)],91.7575884794214
20,phi-2 [Pretrained (PT)],104.52526259109285
20,phi-4 [Pretrained (PT)],131.96918102292688
21,Gemma 1.1 2B IT [Instruction-tuned (IT)],84.54022098549248
21,Gemma 1.1 7B IT [Instruction-tuned (IT)],104.96535048372931
21,Gemma 2 27B IT [Instruction-tuned (IT)],121.85762847250545
21,Gemma 2 27B [Pretrained (PT)],116.30151766411683
21,Gemma 2 2B IT [Instruction-tuned (IT)],109.14414677349714
21,Gemma 2 2B [Pretrained (PT)],99.22529520076662
21,Gemma 2 9B IT [Instruction-tuned (IT)],118.13838880599054
21,Gemma 2 9B [Pretrained (PT)],109.14127337561911
21,Gemma 2B IT [Instruction-tuned (IT)],96.15526827712657
21,Gemma 2B [Pretrained (PT)],95.20571818591765
21,Gemma 3 12B IT [Instruction-tuned (IT)],126.04233476085061
21,Gemma 3 12B [Pretrained (PT)],113.28512006110046
21,Gemma 3 1B IT [Instruction-tuned (IT)],108.97631176964362
21,Gemma 3 1B [Pretrained (PT)],87.05906101619678
21,Gemma 3 27B IT [Instruction-tuned (IT)],128.28539291607575
21,Gemma 3 27B [Pretrained (PT)],118.14007990720222
21,Gemma 3 4B IT [Instruction-tuned (IT)],117.56665613606665
21,Gemma 3 4B [Pretrained (PT)],103.45748309652797
21,Gemma 3n E2B IT [Instruction-tuned (IT)],110.21658399611479
21,Gemma 3n E2B [Pretrained (PT)],99.17095427721037
21,Gemma 3n E4B IT [Instruction-tuned (IT)],115.31467971008546
21,Gemma 3n E4B [Pretrained (PT)],105.96157254622175
21,"Gemma 4 12B [IT, Thinking mode]",140.27466260829965
21,"Gemma 4 26B A4B [IT, Thinking mode]",142.90692326491583
21,"Gemma 4 31B [IT, Thinking mode]",145.24004179435636
21,"Gemma 4 E2B [IT, Thinking mode]",128.61350956572943
21,"Gemma 4 E4B [IT, Thinking mode]",133.40656663657631
21,Gemma 7B IT [Instruction-tuned (IT)],100.34475964558646
21,Gemma 7B [Pretrained (PT)],106.34151568404843
21,Llama-2-13b-chat-hf [Instruct/chat],104.79928184509923
21,Llama-2-13b-hf [Pretrained (PT)],104.5248324262456
21,Llama-2-7b-chat-hf [Instruct/chat],88.28138090111399
21,Llama-2-7b-hf [Pretrained (PT)],98.14355746067923
21,Llama-3.1-8B [Pretrained (PT)],98.64691474274078
21,Llama-3.1-8B-Instruct [Instruct/chat],109.80383155391573
21,Llama-3.2-1B [Pretrained (PT)],78.19213790899782
21,Llama-3.2-1B-Instruct [Instruct/chat],91.0748154609314
21,Llama-3.2-3B [Pretrained (PT)],88.4465065176131
21,Llama-3.2-3B-Instruct [Instruct/chat],116.59288308183577
21,Meta-Llama-3-8B [Pretrained (PT)],95.09618718478563
21,Meta-Llama-3-8B-Instruct [Instruct/chat],113.08790488658379
21,OLMo-1B-hf [Pretrained (PT)],91.41188196899168
21,OLMo-2-1124-7B-Instruct [Instruct/chat],115.07075161204875
21,OLMo-7B-Instruct-hf [Instruct/chat],98.33396385016505
21,OLMo-7B-hf [Pretrained (PT)],79.65196133351633
21,OLMoE-1B-7B-0125-Instruct [Instruct/chat],97.34986155365456
21,OLMoE-1B-7B-0924 [Pretrained (PT)],93.96420837647138
21,OLMoE-1B-7B-0924-Instruct [Instruct/chat],99.41279969664808
21,Phi-3-medium-128k-instruct [Instruct/chat],121.0334712452412
21,Phi-3-medium-4k-instruct [Instruct/chat],119.25687918335424
21,Phi-3-mini-128k-instruct [Instruct/chat],116.38722776197336
21,Phi-3-mini-4k-instruct [Instruct/chat],115.54484976823927
21,Phi-3-small-128k-instruct [Instruct/chat],119.20121392760369
21,Phi-3-small-8k-instruct [Instruct/chat],120.33864514698189
21,Phi-3.5-mini-instruct [Instruct/chat],116.99814563332703
21,Phi-4-mini-instruct [Instruct/chat],124.32362174472385
21,Qwen-1.8B-Chat [Instruct/chat],96.4440971293327
21,Qwen-14B-Chat [Instruct/chat],109.64252985752776
21,Qwen-7B-Chat [Instruct/chat],104.37974687000676
21,Qwen1.5-0.5B-Chat [Instruct/chat],77.80563200055882
21,Qwen1.5-1.8B [Base (no official chat academic scores)],97.86087136257943
21,Qwen1.5-1.8B-Chat [Instruct/chat],92.00071003675818
21,Qwen1.5-14B [Base (no official chat academic scores)],110.0810777006921
21,Qwen1.5-14B-Chat [Instruct/chat],106.44845407876613
21,Qwen1.5-32B [Base (no official chat academic scores)],113.28255846691385
21,Qwen1.5-32B-Chat [Instruct/chat],116.52340480265548
21,Qwen1.5-4B [Base (no official chat academic scores)],103.20721934092182
21,Qwen1.5-4B-Chat [Instruct/chat],101.69449821261027
21,Qwen1.5-7B [Base (no official chat academic scores)],107.3360950499963
21,Qwen1.5-7B-Chat [Instruct/chat],97.70119268681903
21,Qwen2-0.5B-Instruct [Instruct/chat],97.86755974890781
21,Qwen2-1.5B-Instruct [Instruct/chat],104.40068819657338
21,Qwen2-7B-Instruct [Instruct/chat],117.93166261922343
21,Qwen2.5-0.5B-Instruct [Instruct/chat],102.69836566893507
21,Qwen2.5-1.5B-Instruct [Instruct/chat],109.40073723343457
21,Qwen2.5-14B-Instruct [Instruct/chat],128.1210038565977
21,Qwen2.5-32B-Instruct [Instruct/chat],129.44708210852863
21,Qwen2.5-3B-Instruct [Instruct/chat],121.14041570455467
21,Qwen2.5-7B-Instruct [Instruct/chat],124.98807359635576
21,Qwen3-0.6B [Non-thinking mode],105.6362833649458
21,Qwen3-0.6B [Thinking mode],110.10232090858489
21,Qwen3-1.7B [Non-thinking mode],117.52132626490663
21,Qwen3-1.7B [Thinking mode],123.79862152451766
21,Qwen3-14B [Non-thinking mode],129.483458619614
21,Qwen3-14B [Thinking mode],137.29393848440787
21,Qwen3-30B-A3B [Non-thinking mode],128.51521120083873
21,Qwen3-30B-A3B [Thinking mode],137.18329848382413
21,Qwen3-30B-A3B-Instruct-2507 [Instruct (non-thinking)],136.1968879534595
21,Qwen3-30B-A3B-Thinking-2507 [Thinking],140.57949334600482
21,Qwen3-32B [Non-thinking mode],130.3224008026056
21,Qwen3-32B [Thinking mode],139.07232971852798
21,Qwen3-4B [Non-thinking mode],126.74796067289395
21,Qwen3-4B [Thinking mode],131.96092027524867
21,Qwen3-4B-Instruct-2507 [Instruct (non-thinking)],132.36974774700184
21,Qwen3-4B-Thinking-2507 [Thinking],138.69215237851733
21,Qwen3-8B [Non-thinking mode],127.62364398829874
21,Qwen3-8B [Thinking mode],136.2094700648413
21,Qwen3.5-0.8B [Non-thinking rows],105.94276639038478
21,Qwen3.5-0.8B [Thinking (default)],112.26535128277202
21,Qwen3.5-27B [Thinking (default)],147.58011870192183
21,Qwen3.5-2B [Non-thinking rows],117.19323699019472
21,Qwen3.5-2B [Thinking (default)],130.5565673924388
21,Qwen3.5-35B-A3B [Thinking (default)],143.828128045921
21,Qwen3.5-4B [Thinking (default)],141.86826643246224
21,Qwen3.5-9B [Thinking (default)],144.20259374355362
21,Qwen3.6-27B [Thinking (default)],148.51834142464637
21,Qwen3.6-35B-A3B [Thinking (default)],145.10471603506107
21,SmolLM-1.7B [Pretrained (PT)],94.11476419131543
21,SmolLM-1.7B-Instruct [Instruct/chat],96.03479226107352
21,SmolLM-135M [Pretrained (PT)],90.21544887076308
21,SmolLM-135M-Instruct [Instruct/chat],74.1911157292015
21,SmolLM-360M [Pretrained (PT)],90.89230577820686
21,SmolLM-360M-Instruct [Instruct/chat],89.75553171836737
21,SmolLM2-1.7B [Pretrained (PT)],96.47668462287695
21,SmolLM2-1.7B-Instruct [Instruct/chat],108.4563968211543
21,SmolLM2-135M [Pretrained (PT)],90.12742685415186
21,SmolLM2-135M-Instruct [Instruct/chat],96.71119878588586
21,SmolLM2-360M [Pretrained (PT)],93.54662085355784
21,SmolLM2-360M-Instruct [Instruct/chat],104.94650821508783
21,phi-1 [Pretrained (PT)],94.5211758430404
21,phi-1_5 [Pretrained (PT)],89.76794788469024
21,phi-2 [Pretrained (PT)],95.61337946343237
21,phi-4 [Pretrained (PT)],129.39916206969056
22,Gemma 1.1 2B IT [Instruction-tuned (IT)],96.75490599638516
22,Gemma 1.1 7B IT [Instruction-tuned (IT)],105.1477446539805
22,Gemma 2 27B IT [Instruction-tuned (IT)],124.71041552784419
22,Gemma 2 27B [Pretrained (PT)],112.57162467212193
22,Gemma 2 2B IT [Instruction-tuned (IT)],110.34157758699652
22,Gemma 2 2B [Pretrained (PT)],100.9080662955298
22,Gemma 2 9B IT [Instruction-tuned (IT)],118.5537711458007
22,Gemma 2 9B [Pretrained (PT)],110.41667338267628
22,Gemma 2B IT [Instruction-tuned (IT)],90.77923893694903
22,Gemma 2B [Pretrained (PT)],96.8486877929094
22,Gemma 3 12B IT [Instruction-tuned (IT)],127.69943120571956
22,Gemma 3 12B [Pretrained (PT)],115.70576244758398
22,Gemma 3 1B IT [Instruction-tuned (IT)],106.75211493330133
22,Gemma 3 1B [Pretrained (PT)],88.27711552870123
22,Gemma 3 27B IT [Instruction-tuned (IT)],131.33714787031855
22,Gemma 3 27B [Pretrained (PT)],116.79609210704423
22,Gemma 3 4B IT [Instruction-tuned (IT)],120.1501433841241
22,Gemma 3 4B [Pretrained (PT)],104.49516882536817
22,Gemma 3n E2B IT [Instruction-tuned (IT)],111.54499403950443
22,Gemma 3n E2B [Pretrained (PT)],101.46298713209048
22,Gemma 3n E4B IT [Instruction-tuned (IT)],115.00638243079462
22,Gemma 3n E4B [Pretrained (PT)],107.24570030180777
22,"Gemma 4 12B [IT, Thinking mode]",140.64694369931644
22,"Gemma 4 26B A4B [IT, Thinking mode]",142.86559581710367
22,"Gemma 4 31B [IT, Thinking mode]",144.92369339828102
22,"Gemma 4 E2B [IT, Thinking mode]",128.8100244993628
22,"Gemma 4 E4B [IT, Thinking mode]",133.81732583604847
22,Gemma 7B IT [Instruction-tuned (IT)],100.28319425549216
22,Gemma 7B [Pretrained (PT)],109.3982340939045
22,Llama-2-13b-chat-hf [Instruct/chat],103.88810738539522
22,Llama-2-13b-hf [Pretrained (PT)],105.03518435665498
22,Llama-2-7b-chat-hf [Instruct/chat],99.80140957821695
22,Llama-2-7b-hf [Pretrained (PT)],100.67464337741994
22,Llama-3.1-8B [Pretrained (PT)],112.75020553004191
22,Llama-3.1-8B-Instruct [Instruct/chat],115.3867950723076
22,Llama-3.2-1B [Pretrained (PT)],86.84164214493586
22,Llama-3.2-1B-Instruct [Instruct/chat],112.08494252987029
22,Llama-3.2-3B [Pretrained (PT)],87.07368119142454
22,Llama-3.2-3B-Instruct [Instruct/chat],119.19988334570222
22,Meta-Llama-3-8B [Pretrained (PT)],97.87982926665279
22,Meta-Llama-3-8B-Instruct [Instruct/chat],118.46000148118979
22,OLMo-1B-hf [Pretrained (PT)],88.76592850140734
22,OLMo-2-1124-7B-Instruct [Instruct/chat],116.99248270518935
22,OLMo-7B-Instruct-hf [Instruct/chat],102.55277477046522
22,OLMo-7B-hf [Pretrained (PT)],94.71424452991096
22,OLMoE-1B-7B-0125-Instruct [Instruct/chat],113.71687268171
22,OLMoE-1B-7B-0924 [Pretrained (PT)],93.57025728670797
22,OLMoE-1B-7B-0924-Instruct [Instruct/chat],106.36038819539402
22,Phi-3-medium-128k-instruct [Instruct/chat],120.47263472522152
22,Phi-3-medium-4k-instruct [Instruct/chat],124.42598651242837
22,Phi-3-mini-128k-instruct [Instruct/chat],117.68577682592401
22,Phi-3-mini-4k-instruct [Instruct/chat],117.7178765191035
22,Phi-3-small-128k-instruct [Instruct/chat],121.50194455595471
22,Phi-3-small-8k-instruct [Instruct/chat],120.94746861904044
22,Phi-3.5-mini-instruct [Instruct/chat],118.28943237095795
22,Phi-4-mini-instruct [Instruct/chat],122.93969097347866
22,Qwen-1.8B-Chat [Instruct/chat],100.16188240649387
22,Qwen-14B-Chat [Instruct/chat],109.33287060801008
22,Qwen-7B-Chat [Instruct/chat],106.87119041288523
22,Qwen1.5-0.5B-Chat [Instruct/chat],72.66771283309126
22,Qwen1.5-1.8B [Base (no official chat academic scores)],102.39701588150618
22,Qwen1.5-1.8B-Chat [Instruct/chat],93.84124274557574
22,Qwen1.5-14B [Base (no official chat academic scores)],110.71984813298013
22,Qwen1.5-14B-Chat [Instruct/chat],110.0460122239719
22,Qwen1.5-32B [Base (no official chat academic scores)],114.28895006420562
22,Qwen1.5-32B-Chat [Instruct/chat],119.36299779490484
22,Qwen1.5-4B [Base (no official chat academic scores)],105.08147766942409
22,Qwen1.5-4B-Chat [Instruct/chat],96.96222516450877
22,Qwen1.5-7B [Base (no official chat academic scores)],108.85330845460045
22,Qwen1.5-7B-Chat [Instruct/chat],102.32845607540018
22,Qwen2-0.5B-Instruct [Instruct/chat],91.02928866638877
22,Qwen2-1.5B-Instruct [Instruct/chat],106.66102113923958
22,Qwen2-7B-Instruct [Instruct/chat],120.4446533446087
22,Qwen2.5-0.5B-Instruct [Instruct/chat],101.26495024647372
22,Qwen2.5-1.5B-Instruct [Instruct/chat],112.64335114597536
22,Qwen2.5-14B-Instruct [Instruct/chat],128.60287662021346
22,Qwen2.5-32B-Instruct [Instruct/chat],130.65654845493765
22,Qwen2.5-3B-Instruct [Instruct/chat],119.74584166940203
22,Qwen2.5-7B-Instruct [Instruct/chat],123.96693481265196
22,Qwen3-0.6B [Non-thinking mode],110.39707096047538
22,Qwen3-0.6B [Thinking mode],113.18800396547992
22,Qwen3-1.7B [Non-thinking mode],119.8582872539966
22,Qwen3-1.7B [Thinking mode],126.13707171416128
22,Qwen3-14B [Non-thinking mode],131.18784788923904
22,Qwen3-14B [Thinking mode],138.86993409396908
22,Qwen3-30B-A3B [Non-thinking mode],131.57503829955732
22,Qwen3-30B-A3B [Thinking mode],139.33806016036826
22,Qwen3-30B-A3B-Instruct-2507 [Instruct (non-thinking)],137.27907011859583
22,Qwen3-30B-A3B-Thinking-2507 [Thinking],141.72262882488047
22,Qwen3-32B [Non-thinking mode],131.2530794396892
22,Qwen3-32B [Thinking mode],139.99255506046615
22,Qwen3-4B [Non-thinking mode],128.11078259089214
22,Qwen3-4B [Thinking mode],137.15849377888708
22,Qwen3-4B-Instruct-2507 [Instruct (non-thinking)],133.78194722316996
22,Qwen3-4B-Thinking-2507 [Thinking],138.63300047287206
22,Qwen3-8B [Non-thinking mode],129.93189876251887
22,Qwen3-8B [Thinking mode],136.59613798184552
22,Qwen3.5-0.8B [Non-thinking rows],109.47056730923285
22,Qwen3.5-0.8B [Thinking (default)],116.37574044782684
22,Qwen3.5-27B [Thinking (default)],148.25634223933233
22,Qwen3.5-2B [Non-thinking rows],123.57458093417652
22,Qwen3.5-2B [Thinking (default)],131.35423053748744
22,Qwen3.5-35B-A3B [Thinking (default)],145.1908494341502
22,Qwen3.5-4B [Thinking (default)],142.35904238808507
22,Qwen3.5-9B [Thinking (default)],144.3668194380594
22,Qwen3.6-27B [Thinking (default)],149.14325530993688
22,Qwen3.6-35B-A3B [Thinking (default)],147.3079991851871
22,SmolLM-1.7B [Pretrained (PT)],93.42039612578641
22,SmolLM-1.7B-Instruct [Instruct/chat],91.05523372749029
22,SmolLM-135M [Pretrained (PT)],91.68747843848195
22,SmolLM-135M-Instruct [Instruct/chat],82.55137406387871
22,SmolLM-360M [Pretrained (PT)],91.83959870822721
22,SmolLM-360M-Instruct [Instruct/chat],75.82498780191136
22,SmolLM2-1.7B [Pretrained (PT)],100.1339398315219
22,SmolLM2-1.7B-Instruct [Instruct/chat],110.01215748234264
22,SmolLM2-135M [Pretrained (PT)],88.88809239083793
22,SmolLM2-135M-Instruct [Instruct/chat],96.15504098714928
22,SmolLM2-360M [Pretrained (PT)],92.40974603599476
22,SmolLM2-360M-Instruct [Instruct/chat],76.30166815688956
22,phi-1 [Pretrained (PT)],73.92637061012948
22,phi-1_5 [Pretrained (PT)],96.4946642201787
22,phi-2 [Pretrained (PT)],111.88709930830703
22,phi-4 [Pretrained (PT)],131.6441817532365
23,Gemma 1.1 2B IT [Instruction-tuned (IT)],89.63614443362096
23,Gemma 1.1 7B IT [Instruction-tuned (IT)],105.63106856622629
23,Gemma 2 27B IT [Instruction-tuned (IT)],123.2777628221832
23,Gemma 2 27B [Pretrained (PT)],114.62972968842665
23,Gemma 2 2B IT [Instruction-tuned (IT)],113.15249023582311
23,Gemma 2 2B [Pretrained (PT)],99.45277110657028
23,Gemma 2 9B IT [Instruction-tuned (IT)],118.03775378379449
23,Gemma 2 9B [Pretrained (PT)],113.28804180463445
23,Gemma 2B IT [Instruction-tuned (IT)],89.41509818445846
23,Gemma 2B [Pretrained (PT)],95.55298711936655
23,Gemma 3 12B IT [Instruction-tuned (IT)],126.72660369009759
23,Gemma 3 12B [Pretrained (PT)],114.642647667805
23,Gemma 3 1B IT [Instruction-tuned (IT)],108.19579308686964
23,Gemma 3 1B [Pretrained (PT)],84.94812749114831
23,Gemma 3 27B IT [Instruction-tuned (IT)],129.0888401090294
23,Gemma 3 27B [Pretrained (PT)],116.95716347417792
23,Gemma 3 4B IT [Instruction-tuned (IT)],118.63219640177637
23,Gemma 3 4B [Pretrained (PT)],105.5008961785446
23,Gemma 3n E2B IT [Instruction-tuned (IT)],111.08849028321886
23,Gemma 3n E2B [Pretrained (PT)],98.38679566901281
23,Gemma 3n E4B IT [Instruction-tuned (IT)],119.7011469153203
23,Gemma 3n E4B [Pretrained (PT)],105.14327159150167
23,"Gemma 4 12B [IT, Thinking mode]",140.23274265376608
23,"Gemma 4 26B A4B [IT, Thinking mode]",143.36512793823545
23,"Gemma 4 31B [IT, Thinking mode]",143.90361164356767
23,"Gemma 4 E2B [IT, Thinking mode]",131.78599161560533
23,"Gemma 4 E4B [IT, Thinking mode]",135.37575847339275
23,Gemma 7B IT [Instruction-tuned (IT)],101.6440288051438
23,Gemma 7B [Pretrained (PT)],107.48376540134834
23,Llama-2-13b-chat-hf [Instruct/chat],107.84457829449133
23,Llama-2-13b-hf [Pretrained (PT)],104.05615030723251
23,Llama-2-7b-chat-hf [Instruct/chat],85.79178864520419
23,Llama-2-7b-hf [Pretrained (PT)],94.98595646250982
23,Llama-3.1-8B [Pretrained (PT)],99.59673326247747
23,Llama-3.1-8B-Instruct [Instruct/chat],110.2820261214567
23,Llama-3.2-1B [Pretrained (PT)],92.6606930037317
23,Llama-3.2-1B-Instruct [Instruct/chat],96.27212660427672
23,Llama-3.2-3B [Pretrained (PT)],100.18618618397586
23,Llama-3.2-3B-Instruct [Instruct/chat],113.19100556631287
23,Meta-Llama-3-8B [Pretrained (PT)],98.3319608235665
23,Meta-Llama-3-8B-Instruct [Instruct/chat],115.64007845393776
23,OLMo-1B-hf [Pretrained (PT)],98.34689420348191
23,OLMo-2-1124-7B-Instruct [Instruct/chat],110.90095360386596
23,OLMo-7B-Instruct-hf [Instruct/chat],104.04080067785392
23,OLMo-7B-hf [Pretrained (PT)],89.14680015386321
23,OLMoE-1B-7B-0125-Instruct [Instruct/chat],112.82150511988296
23,OLMoE-1B-7B-0924 [Pretrained (PT)],98.50764794692512
23,OLMoE-1B-7B-0924-Instruct [Instruct/chat],107.48066945878463
23,Phi-3-medium-128k-instruct [Instruct/chat],121.62407975344591
23,Phi-3-medium-4k-instruct [Instruct/chat],120.34345060859441
23,Phi-3-mini-128k-instruct [Instruct/chat],116.52821031064178
23,Phi-3-mini-4k-instruct [Instruct/chat],117.50678234526237
23,Phi-3-small-128k-instruct [Instruct/chat],119.78611802137989
23,Phi-3-small-8k-instruct [Instruct/chat],120.853380144562
23,Phi-3.5-mini-instruct [Instruct/chat],117.5781345238668
23,Phi-4-mini-instruct [Instruct/chat],120.10556542604238
23,Qwen-1.8B-Chat [Instruct/chat],95.90737808080608
23,Qwen-14B-Chat [Instruct/chat],107.73005468565569
23,Qwen-7B-Chat [Instruct/chat],103.52725727758816
23,Qwen1.5-0.5B-Chat [Instruct/chat],71.59082558314049
23,Qwen1.5-1.8B [Base (no official chat academic scores)],99.50186556172152
23,Qwen1.5-1.8B-Chat [Instruct/chat],93.08635562567389
23,Qwen1.5-14B [Base (no official chat academic scores)],109.6781152572741
23,Qwen1.5-14B-Chat [Instruct/chat],105.2333364775791
23,Qwen1.5-32B [Base (no official chat academic scores)],112.31652677195882
23,Qwen1.5-32B-Chat [Instruct/chat],117.92262433720084
23,Qwen1.5-4B [Base (no official chat academic scores)],105.76554791916291
23,Qwen1.5-4B-Chat [Instruct/chat],101.31532043367866
23,Qwen1.5-7B [Base (no official chat academic scores)],107.84684988519942
23,Qwen1.5-7B-Chat [Instruct/chat],108.38345376739268
23,Qwen2-0.5B-Instruct [Instruct/chat],100.18948636333847
23,Qwen2-1.5B-Instruct [Instruct/chat],106.4899141552986
23,Qwen2-7B-Instruct [Instruct/chat],118.12254742207595
23,Qwen2.5-0.5B-Instruct [Instruct/chat],106.35661336710896
23,Qwen2.5-1.5B-Instruct [Instruct/chat],112.74181784711877
23,Qwen2.5-14B-Instruct [Instruct/chat],126.47128131887389
23,Qwen2.5-32B-Instruct [Instruct/chat],128.934702267382
23,Qwen2.5-3B-Instruct [Instruct/chat],118.71186639915612
23,Qwen2.5-7B-Instruct [Instruct/chat],122.01328531250499
23,Qwen3-0.6B [Non-thinking mode],108.91400771460374
23,Qwen3-0.6B [Thinking mode],110.87507684558132
23,Qwen3-1.7B [Non-thinking mode],120.44208363259018
23,Qwen3-1.7B [Thinking mode],124.21048546119107
23,Qwen3-14B [Non-thinking mode],129.10321779017713
23,Qwen3-14B [Thinking mode],136.63872304953486
23,Qwen3-30B-A3B [Non-thinking mode],129.57484854825643
23,Qwen3-30B-A3B [Thinking mode],136.87739138933924
23,Qwen3-30B-A3B-Instruct-2507 [Instruct (non-thinking)],135.85117879203497
23,Qwen3-30B-A3B-Thinking-2507 [Thinking],140.68391620184585
23,Qwen3-32B [Non-thinking mode],129.5810094703526
23,Qwen3-32B [Thinking mode],137.4205542778228
23,Qwen3-4B [Non-thinking mode],125.91978785960221
23,Qwen3-4B [Thinking mode],135.2228428973653
23,Qwen3-4B-Instruct-2507 [Instruct (non-thinking)],133.19665390673603
23,Qwen3-4B-Thinking-2507 [Thinking],137.3035787024176
23,Qwen3-8B [Non-thinking mode],128.04439123476564
23,Qwen3-8B [Thinking mode],135.58985122995406
23,Qwen3.5-0.8B [Non-thinking rows],110.29360807166701
23,Qwen3.5-0.8B [Thinking (default)],117.80658408252361
23,Qwen3.5-27B [Thinking (default)],146.62710003241457
23,Qwen3.5-2B [Non-thinking rows],122.14113325645602
23,Qwen3.5-2B [Thinking (default)],129.4392671592321
23,Qwen3.5-35B-A3B [Thinking (default)],143.9328760501571
23,Qwen3.5-4B [Thinking (default)],140.6468023190413
23,Qwen3.5-9B [Thinking (default)],142.94444196155592
23,Qwen3.6-27B [Thinking (default)],148.1104275139998
23,Qwen3.6-35B-A3B [Thinking (default)],144.85230596659366
23,SmolLM-1.7B [Pretrained (PT)],100.22412312698043
23,SmolLM-1.7B-Instruct [Instruct/chat],78.5405012300057
23,SmolLM-135M [Pretrained (PT)],97.25901409259859
23,SmolLM-135M-Instruct [Instruct/chat],89.37016386257196
23,SmolLM-360M [Pretrained (PT)],85.13474038532331
23,SmolLM-360M-Instruct [Instruct/chat],80.07434334445077
23,SmolLM2-1.7B [Pretrained (PT)],96.0946861962418
23,SmolLM2-1.7B-Instruct [Instruct/chat],111.62215481059803
23,SmolLM2-135M [Pretrained (PT)],93.06425475032526
23,SmolLM2-135M-Instruct [Instruct/chat],101.65407093158035
23,SmolLM2-360M [Pretrained (PT)],98.25111802217546
23,SmolLM2-360M-Instruct [Instruct/chat],80.15786821696959
23,phi-1 [Pretrained (PT)],96.24100668041063
23,phi-1_5 [Pretrained (PT)],79.88310173148167
23,phi-2 [Pretrained (PT)],106.3416470282865
23,phi-4 [Pretrained (PT)],99.47525313121841
24,Gemma 1.1 2B IT [Instruction-tuned (IT)],95.14765712794393
24,Gemma 1.1 7B IT [Instruction-tuned (IT)],105.74183175410045
24,Gemma 2 27B IT [Instruction-tuned (IT)],124.48164237505829
24,Gemma 2 27B [Pretrained (PT)],115.14475758232518
24,Gemma 2 2B IT [Instruction-tuned (IT)],112.04612063724947
24,Gemma 2 2B [Pretrained (PT)],95.71520519501087
24,Gemma 2 9B IT [Instruction-tuned (IT)],121.1145724831999
24,Gemma 2 9B [Pretrained (PT)],114.84345199468328
24,Gemma 2B IT [Instruction-tuned (IT)],84.93570981025546
24,Gemma 2B [Pretrained (PT)],93.67387698545039
24,Gemma 3 12B IT [Instruction-tuned (IT)],128.1547755890266
24,Gemma 3 12B [Pretrained (PT)],113.66307291829722
24,Gemma 3 1B IT [Instruction-tuned (IT)],105.98074916344007
24,Gemma 3 1B [Pretrained (PT)],78.53576690717439
24,Gemma 3 27B IT [Instruction-tuned (IT)],131.40505157101663
24,Gemma 3 27B [Pretrained (PT)],120.2423670497183
24,Gemma 3 4B IT [Instruction-tuned (IT)],121.14491483131785
24,Gemma 3 4B [Pretrained (PT)],104.52270923361323
24,Gemma 3n E2B IT [Instruction-tuned (IT)],116.40425121084743
24,Gemma 3n E2B [Pretrained (PT)],99.25746617266321
24,Gemma 3n E4B IT [Instruction-tuned (IT)],120.07101382460019
24,Gemma 3n E4B [Pretrained (PT)],107.55047000942139
24,"Gemma 4 12B [IT, Thinking mode]",142.49481911532334
24,"Gemma 4 26B A4B [IT, Thinking mode]",144.67522817599297
24,"Gemma 4 31B [IT, Thinking mode]",147.05886564776765
24,"Gemma 4 E2B [IT, Thinking mode]",132.8286840845253
24,"Gemma 4 E4B [IT, Thinking mode]",135.86769158998905
24,Gemma 7B IT [Instruction-tuned (IT)],98.2135250818593
24,Gemma 7B [Pretrained (PT)],111.02704298351459
24,Llama-2-13b-chat-hf [Instruct/chat],94.71492369393653
24,Llama-2-13b-hf [Pretrained (PT)],103.420199004016
24,Llama-2-7b-chat-hf [Instruct/chat],100.46064296735547
24,Llama-2-7b-hf [Pretrained (PT)],96.80599835816022
24,Llama-3.1-8B [Pretrained (PT)],82.55126775124896
24,Llama-3.1-8B-Instruct [Instruct/chat],116.0622383926951
24,Llama-3.2-1B [Pretrained (PT)],82.12502288100029
24,Llama-3.2-1B-Instruct [Instruct/chat],112.1227051214281
24,Llama-3.2-3B [Pretrained (PT)],103.62994862344304
24,Llama-3.2-3B-Instruct [Instruct/chat],118.6004668365976
24,Meta-Llama-3-8B [Pretrained (PT)],112.62024900405392
24,Meta-Llama-3-8B-Instruct [Instruct/chat],118.52586924316756
24,OLMo-1B-hf [Pretrained (PT)],90.32920646933982
24,OLMo-2-1124-7B-Instruct [Instruct/chat],113.4659905805352
24,OLMo-7B-Instruct-hf [Instruct/chat],99.57884633452676
24,OLMo-7B-hf [Pretrained (PT)],93.18261750194296
24,OLMoE-1B-7B-0125-Instruct [Instruct/chat],115.52497274169374
24,OLMoE-1B-7B-0924 [Pretrained (PT)],91.16862382210414
24,OLMoE-1B-7B-0924-Instruct [Instruct/chat],107.57007759685845
24,Phi-3-medium-128k-instruct [Instruct/chat],122.4012744710973
24,Phi-3-medium-4k-instruct [Instruct/chat],123.14618803166468
24,Phi-3-mini-128k-instruct [Instruct/chat],117.91309461512108
24,Phi-3-mini-4k-instruct [Instruct/chat],119.13498829270314
24,Phi-3-small-128k-instruct [Instruct/chat],120.9231748642135
24,Phi-3-small-8k-instruct [Instruct/chat],121.53951741144883
24,Phi-3.5-mini-instruct [Instruct/chat],119.46486760018567
24,Phi-4-mini-instruct [Instruct/chat],120.52442733413247
24,Qwen-1.8B-Chat [Instruct/chat],94.93310716417632
24,Qwen-14B-Chat [Instruct/chat],110.32165245651422
24,Qwen-7B-Chat [Instruct/chat],104.07114589706599
24,Qwen1.5-0.5B-Chat [Instruct/chat],73.75794768505047
24,Qwen1.5-1.8B [Base (no official chat academic scores)],99.73546020525137
24,Qwen1.5-1.8B-Chat [Instruct/chat],90.8556579884673
24,Qwen1.5-14B [Base (no official chat academic scores)],111.1489729832113
24,Qwen1.5-14B-Chat [Instruct/chat],116.0633416996928
24,Qwen1.5-32B [Base (no official chat academic scores)],118.70201081221573
24,Qwen1.5-32B-Chat [Instruct/chat],120.78736273557205
24,Qwen1.5-4B [Base (no official chat academic scores)],105.27852273104025
24,Qwen1.5-4B-Chat [Instruct/chat],95.18022791332137
24,Qwen1.5-7B [Base (no official chat academic scores)],108.5506654622989
24,Qwen1.5-7B-Chat [Instruct/chat],106.30603297374283
24,Qwen2-0.5B-Instruct [Instruct/chat],97.17107577819301
24,Qwen2-1.5B-Instruct [Instruct/chat],105.63236517530041
24,Qwen2-7B-Instruct [Instruct/chat],120.94083345968282
24,Qwen2.5-0.5B-Instruct [Instruct/chat],104.65482243559846
24,Qwen2.5-1.5B-Instruct [Instruct/chat],117.76317222584652
24,Qwen2.5-14B-Instruct [Instruct/chat],129.18118402235876
24,Qwen2.5-32B-Instruct [Instruct/chat],131.42163353041835
24,Qwen2.5-3B-Instruct [Instruct/chat],122.01756572991559
24,Qwen2.5-7B-Instruct [Instruct/chat],126.77801090260141
24,Qwen3-0.6B [Non-thinking mode],113.04805080014773
24,Qwen3-0.6B [Thinking mode],118.44584210899345
24,Qwen3-1.7B [Non-thinking mode],121.63353655373986
24,Qwen3-1.7B [Thinking mode],127.49220966754953
24,Qwen3-14B [Non-thinking mode],130.4408134011219
24,Qwen3-14B [Thinking mode],138.21680992462643
24,Qwen3-30B-A3B [Non-thinking mode],129.63532939774325
24,Qwen3-30B-A3B [Thinking mode],138.56959936390905
24,Qwen3-30B-A3B-Instruct-2507 [Instruct (non-thinking)],136.37246676905121
24,Qwen3-30B-A3B-Thinking-2507 [Thinking],141.4243435813226
24,Qwen3-32B [Non-thinking mode],132.44007228476895
24,Qwen3-32B [Thinking mode],139.36630246363757
24,Qwen3-4B [Non-thinking mode],127.65093379117204
24,Qwen3-4B [Thinking mode],136.415796419995
24,Qwen3-4B-Instruct-2507 [Instruct (non-thinking)],133.75629246148725
24,Qwen3-4B-Thinking-2507 [Thinking],138.8237581151865
24,Qwen3-8B [Non-thinking mode],129.72699458971542
24,Qwen3-8B [Thinking mode],137.10730728934644
24,Qwen3.5-0.8B [Non-thinking rows],113.63483506681717
24,Qwen3.5-0.8B [Thinking (default)],115.74598732755054
24,Qwen3.5-27B [Thinking (default)],147.94855624586722
24,Qwen3.5-2B [Non-thinking rows],123.11880599594278
24,Qwen3.5-2B [Thinking (default)],131.4874108539408
24,Qwen3.5-35B-A3B [Thinking (default)],145.11789303520465
24,Qwen3.5-4B [Thinking (default)],142.96698025106747
24,Qwen3.5-9B [Thinking (default)],144.8480357024935
24,Qwen3.6-27B [Thinking (default)],150.22883850316583
24,Qwen3.6-35B-A3B [Thinking (default)],148.66957415017464
24,SmolLM-1.7B [Pretrained (PT)],91.25980306977138
24,SmolLM-1.7B-Instruct [Instruct/chat],76.14022686111461
24,SmolLM-135M [Pretrained (PT)],79.95529228129166
24,SmolLM-135M-Instruct [Instruct/chat],78.49320922422031
24,SmolLM-360M [Pretrained (PT)],88.82910603120577
24,SmolLM-360M-Instruct [Instruct/chat],86.70402517605888
24,SmolLM2-1.7B [Pretrained (PT)],93.62477303278894
24,SmolLM2-1.7B-Instruct [Instruct/chat],107.90491801640738
24,SmolLM2-135M [Pretrained (PT)],92.12606111820875
24,SmolLM2-135M-Instruct [Instruct/chat],96.0008793119328
24,SmolLM2-360M [Pretrained (PT)],88.78724782103151
24,SmolLM2-360M-Instruct [Instruct/chat],85.41653662785905
24,phi-1 [Pretrained (PT)],81.99294845041885
24,phi-1_5 [Pretrained (PT)],74.66122818774468
24,phi-2 [Pretrained (PT)],105.27054653311187
24,phi-4 [Pretrained (PT)],129.5964950624217
25,Gemma 1.1 2B IT [Instruction-tuned (IT)],104.04072227191737
25,Gemma 1.1 7B IT [Instruction-tuned (IT)],105.81436146123436
25,Gemma 2 27B IT [Instruction-tuned (IT)],122.9080468361328
25,Gemma 2 27B [Pretrained (PT)],113.56497518284385
25,Gemma 2 2B IT [Instruction-tuned (IT)],115.54982536852866
25,Gemma 2 2B [Pretrained (PT)],101.57151948549769
25,Gemma 2 9B IT [Instruction-tuned (IT)],118.14508318734312
25,Gemma 2 9B [Pretrained (PT)],112.25621872696347
25,Gemma 2B IT [Instruction-tuned (IT)],94.91980739246621
25,Gemma 2B [Pretrained (PT)],97.66268189485899
25,Gemma 3 12B IT [Instruction-tuned (IT)],127.24408918070777
25,Gemma 3 12B [Pretrained (PT)],114.53048810872116
25,Gemma 3 1B IT [Instruction-tuned (IT)],105.11758230779779
25,Gemma 3 1B [Pretrained (PT)],85.52081592124807
25,Gemma 3 27B IT [Instruction-tuned (IT)],130.67738203476858
25,Gemma 3 27B [Pretrained (PT)],115.45355993201409
25,Gemma 3 4B IT [Instruction-tuned (IT)],120.1847292340788
25,Gemma 3 4B [Pretrained (PT)],106.50470398631369
25,Gemma 3n E2B IT [Instruction-tuned (IT)],116.50524159121396
25,Gemma 3n E2B [Pretrained (PT)],100.93123526132578
25,Gemma 3n E4B IT [Instruction-tuned (IT)],116.80748830692274
25,Gemma 3n E4B [Pretrained (PT)],107.62200671807179
25,"Gemma 4 12B [IT, Thinking mode]",141.40390702842203
25,"Gemma 4 26B A4B [IT, Thinking mode]",143.84901559046418
25,"Gemma 4 31B [IT, Thinking mode]",144.9382354223933
25,"Gemma 4 E2B [IT, Thinking mode]",131.1650840073272
25,"Gemma 4 E4B [IT, Thinking mode]",135.1033074096121
25,Gemma 7B IT [Instruction-tuned (IT)],103.02569656057435
25,Gemma 7B [Pretrained (PT)],110.03583680523302
25,Llama-2-13b-chat-hf [Instruct/chat],97.16500799096178
25,Llama-2-13b-hf [Pretrained (PT)],106.89258065832936
25,Llama-2-7b-chat-hf [Instruct/chat],108.8790165392823
25,Llama-2-7b-hf [Pretrained (PT)],98.04397638048404
25,Llama-3.1-8B [Pretrained (PT)],95.08245209552868
25,Llama-3.1-8B-Instruct [Instruct/chat],116.93220633887289
25,Llama-3.2-1B [Pretrained (PT)],93.72931329209138
25,Llama-3.2-1B-Instruct [Instruct/chat],96.75960887374018
25,Llama-3.2-3B [Pretrained (PT)],94.30960372856872
25,Llama-3.2-3B-Instruct [Instruct/chat],115.48577424571853
25,Meta-Llama-3-8B [Pretrained (PT)],101.81386964021351
25,Meta-Llama-3-8B-Instruct [Instruct/chat],113.99840693880984
25,OLMo-1B-hf [Pretrained (PT)],87.69271899173957
25,OLMo-2-1124-7B-Instruct [Instruct/chat],108.2021019214074
25,OLMo-7B-Instruct-hf [Instruct/chat],98.33065450770556
25,OLMo-7B-hf [Pretrained (PT)],101.6963067331087
25,OLMoE-1B-7B-0125-Instruct [Instruct/chat],103.84756073677366
25,OLMoE-1B-7B-0924 [Pretrained (PT)],100.84777195852858
25,OLMoE-1B-7B-0924-Instruct [Instruct/chat],108.68404693060856
25,Phi-3-medium-128k-instruct [Instruct/chat],119.39981795008211
25,Phi-3-medium-4k-instruct [Instruct/chat],121.85304306661662
25,Phi-3-mini-128k-instruct [Instruct/chat],118.84018259681001
25,Phi-3-mini-4k-instruct [Instruct/chat],117.59100313089095
25,Phi-3-small-128k-instruct [Instruct/chat],120.52664354854622
25,Phi-3-small-8k-instruct [Instruct/chat],121.03420092144438
25,Phi-3.5-mini-instruct [Instruct/chat],119.46571238324043
25,Phi-4-mini-instruct [Instruct/chat],120.86664509305363
25,Qwen-1.8B-Chat [Instruct/chat],100.27376050521957
25,Qwen-14B-Chat [Instruct/chat],110.3397608418444
25,Qwen-7B-Chat [Instruct/chat],107.02374842966137
25,Qwen1.5-0.5B-Chat [Instruct/chat],62.30563132147936
25,Qwen1.5-1.8B [Base (no official chat academic scores)],103.4505815601519
25,Qwen1.5-1.8B-Chat [Instruct/chat],94.7645525845808
25,Qwen1.5-14B [Base (no official chat academic scores)],112.59689265491703
25,Qwen1.5-14B-Chat [Instruct/chat],108.79877628377962
25,Qwen1.5-32B [Base (no official chat academic scores)],114.03318234260334
25,Qwen1.5-32B-Chat [Instruct/chat],116.59396753560657
25,Qwen1.5-4B [Base (no official chat academic scores)],107.59189872044765
25,Qwen1.5-4B-Chat [Instruct/chat],97.55671686306823
25,Qwen1.5-7B [Base (no official chat academic scores)],107.41497480651071
25,Qwen1.5-7B-Chat [Instruct/chat],109.25255745828397
25,Qwen2-0.5B-Instruct [Instruct/chat],90.79467528126321
25,Qwen2-1.5B-Instruct [Instruct/chat],107.38082548897668
25,Qwen2-7B-Instruct [Instruct/chat],118.34233660807979
25,Qwen2.5-0.5B-Instruct [Instruct/chat],108.09971246806307
25,Qwen2.5-1.5B-Instruct [Instruct/chat],113.48269801511155
25,Qwen2.5-14B-Instruct [Instruct/chat],127.08656122906868
25,Qwen2.5-32B-Instruct [Instruct/chat],127.95806914685336
25,Qwen2.5-3B-Instruct [Instruct/chat],120.66232498613972
25,Qwen2.5-7B-Instruct [Instruct/chat],125.01631720988146
25,Qwen3-0.6B [Non-thinking mode],104.47312894697912
25,Qwen3-0.6B [Thinking mode],102.90247179630255
25,Qwen3-1.7B [Non-thinking mode],117.86950841404243
25,Qwen3-1.7B [Thinking mode],124.62709846261376
25,Qwen3-14B [Non-thinking mode],128.8582505804045
25,Qwen3-14B [Thinking mode],139.2815780690835
25,Qwen3-30B-A3B [Non-thinking mode],128.91008579839158
25,Qwen3-30B-A3B [Thinking mode],139.49668446837757
25,Qwen3-30B-A3B-Instruct-2507 [Instruct (non-thinking)],136.10647667685308
25,Qwen3-30B-A3B-Thinking-2507 [Thinking],142.70070242257037
25,Qwen3-32B [Non-thinking mode],129.8151848209809
25,Qwen3-32B [Thinking mode],139.92436552706295
25,Qwen3-4B [Non-thinking mode],125.08096353402587
25,Qwen3-4B [Thinking mode],135.95283567931375
25,Qwen3-4B-Instruct-2507 [Instruct (non-thinking)],133.65999192531763
25,Qwen3-4B-Thinking-2507 [Thinking],137.6944449593726
25,Qwen3-8B [Non-thinking mode],127.05411881898345
25,Qwen3-8B [Thinking mode],138.16279291962775
25,Qwen3.5-0.8B [Non-thinking rows],108.87016343967188
25,Qwen3.5-0.8B [Thinking (default)],114.19840788956101
25,Qwen3.5-27B [Thinking (default)],146.67634197563336
25,Qwen3.5-2B [Non-thinking rows],120.86704653140754
25,Qwen3.5-2B [Thinking (default)],130.03990491042887
25,Qwen3.5-35B-A3B [Thinking (default)],143.6421714297677
25,Qwen3.5-4B [Thinking (default)],142.53200637696176
25,Qwen3.5-9B [Thinking (default)],144.39960443532013
25,Qwen3.6-27B [Thinking (default)],148.20995920987286
25,Qwen3.6-35B-A3B [Thinking (default)],144.76118895992846
25,SmolLM-1.7B [Pretrained (PT)],98.60938682752885
25,SmolLM-1.7B-Instruct [Instruct/chat],99.85518672487244
25,SmolLM-135M [Pretrained (PT)],95.50494497938466
25,SmolLM-135M-Instruct [Instruct/chat],91.67359075694868
25,SmolLM-360M [Pretrained (PT)],99.17622760862558
25,SmolLM-360M-Instruct [Instruct/chat],95.00361887294862
25,SmolLM2-1.7B [Pretrained (PT)],102.05804001205806
25,SmolLM2-1.7B-Instruct [Instruct/chat],110.09114863144706
25,SmolLM2-135M [Pretrained (PT)],98.85575757625088
25,SmolLM2-135M-Instruct [Instruct/chat],101.0259360328129
25,SmolLM2-360M [Pretrained (PT)],99.19172840035618
25,SmolLM2-360M-Instruct [Instruct/chat],81.13573757278436
25,phi-1 [Pretrained (PT)],100.18940103248872
25,phi-1_5 [Pretrained (PT)],98.08044548637685
25,phi-2 [Pretrained (PT)],106.8439136660268
25,phi-4 [Pretrained (PT)],100.56470693842742
26,Gemma 1.1 2B IT [Instruction-tuned (IT)],85.96124879393628
26,Gemma 1.1 7B IT [Instruction-tuned (IT)],104.35389965306712
26,Gemma 2 27B IT [Instruction-tuned (IT)],122.79716185007528
26,Gemma 2 27B [Pretrained (PT)],115.51529209005855
26,Gemma 2 2B IT [Instruction-tuned (IT)],104.86494031953336
26,Gemma 2 2B [Pretrained (PT)],98.3458121942368
26,Gemma 2 9B IT [Instruction-tuned (IT)],120.04763395528113
26,Gemma 2 9B [Pretrained (PT)],113.4599968615052
26,Gemma 2B IT [Instruction-tuned (IT)],86.38648117780728
26,Gemma 2B [Pretrained (PT)],92.31086498733154
26,Gemma 3 12B IT [Instruction-tuned (IT)],127.65036661458629
26,Gemma 3 12B [Pretrained (PT)],113.71109941821129
26,Gemma 3 1B IT [Instruction-tuned (IT)],76.7687636351161
26,Gemma 3 1B [Pretrained (PT)],84.3450995894022
26,Gemma 3 27B IT [Instruction-tuned (IT)],129.27584271444363
26,Gemma 3 27B [Pretrained (PT)],117.71822321973318
26,Gemma 3 4B IT [Instruction-tuned (IT)],118.489160797663
26,Gemma 3 4B [Pretrained (PT)],105.37698734417071
26,Gemma 3n E2B IT [Instruction-tuned (IT)],109.47880464920692
26,Gemma 3n E2B [Pretrained (PT)],99.06964376070366
26,Gemma 3n E4B IT [Instruction-tuned (IT)],117.61359088733533
26,Gemma 3n E4B [Pretrained (PT)],106.39082148608307
26,"Gemma 4 12B [IT, Thinking mode]",141.8008234692212
26,"Gemma 4 26B A4B [IT, Thinking mode]",144.85146491451815
26,"Gemma 4 31B [IT, Thinking mode]",148.04697608462894
26,"Gemma 4 E2B [IT, Thinking mode]",127.66000768239698
26,"Gemma 4 E4B [IT, Thinking mode]",134.06359910235906
26,Gemma 7B IT [Instruction-tuned (IT)],101.09169196772162
26,Gemma 7B [Pretrained (PT)],106.20792015410959
26,Llama-2-13b-chat-hf [Instruct/chat],90.37365630492678
26,Llama-2-13b-hf [Pretrained (PT)],103.27796553017129
26,Llama-2-7b-chat-hf [Instruct/chat],104.6098394743921
26,Llama-2-7b-hf [Pretrained (PT)],97.5506147473964
26,Llama-3.1-8B [Pretrained (PT)],102.603922728117
26,Llama-3.1-8B-Instruct [Instruct/chat],115.74833102908292
26,Llama-3.2-1B [Pretrained (PT)],80.95878134878475
26,Llama-3.2-1B-Instruct [Instruct/chat],106.58030940088605
26,Llama-3.2-3B [Pretrained (PT)],101.92719719827296
26,Llama-3.2-3B-Instruct [Instruct/chat],117.37192094876713
26,Meta-Llama-3-8B [Pretrained (PT)],104.79938250765525
26,Meta-Llama-3-8B-Instruct [Instruct/chat],112.77852424063082
26,OLMo-1B-hf [Pretrained (PT)],87.1975936703119
26,OLMo-2-1124-7B-Instruct [Instruct/chat],107.70848354734247
26,OLMo-7B-Instruct-hf [Instruct/chat],99.90402254797178
26,OLMo-7B-hf [Pretrained (PT)],85.32519307286569
26,OLMoE-1B-7B-0125-Instruct [Instruct/chat],114.2438600702896
26,OLMoE-1B-7B-0924 [Pretrained (PT)],90.66822675351472
26,OLMoE-1B-7B-0924-Instruct [Instruct/chat],101.83781253183827
26,Phi-3-medium-128k-instruct [Instruct/chat],123.6092349548562
26,Phi-3-medium-4k-instruct [Instruct/chat],121.21745200286176
26,Phi-3-mini-128k-instruct [Instruct/chat],119.78845756441913
26,Phi-3-mini-4k-instruct [Instruct/chat],119.7544643596471
26,Phi-3-small-128k-instruct [Instruct/chat],125.20972006867363
26,Phi-3-small-8k-instruct [Instruct/chat],120.79482650753204
26,Phi-3.5-mini-instruct [Instruct/chat],119.72230347710043
26,Phi-4-mini-instruct [Instruct/chat],120.37200704253141
26,Qwen-1.8B-Chat [Instruct/chat],97.87558577370982
26,Qwen-14B-Chat [Instruct/chat],109.5623445356997
26,Qwen-7B-Chat [Instruct/chat],104.61301156037678
26,Qwen1.5-0.5B-Chat [Instruct/chat],81.93971117506013
26,Qwen1.5-1.8B [Base (no official chat academic scores)],101.03206534433724
26,Qwen1.5-1.8B-Chat [Instruct/chat],88.06153411788168
26,Qwen1.5-14B [Base (no official chat academic scores)],112.1923159718841
26,Qwen1.5-14B-Chat [Instruct/chat],103.91458419439407
26,Qwen1.5-32B [Base (no official chat academic scores)],116.06394183578533
26,Qwen1.5-32B-Chat [Instruct/chat],116.68540102309582
26,Qwen1.5-4B [Base (no official chat academic scores)],106.3495658389943
26,Qwen1.5-4B-Chat [Instruct/chat],100.70945977056573
26,Qwen1.5-7B [Base (no official chat academic scores)],109.8024294243552
26,Qwen1.5-7B-Chat [Instruct/chat],100.83523077830073
26,Qwen2-0.5B-Instruct [Instruct/chat],100.11738045925652
26,Qwen2-1.5B-Instruct [Instruct/chat],105.78699641183299
26,Qwen2-7B-Instruct [Instruct/chat],120.58772426340438
26,Qwen2.5-0.5B-Instruct [Instruct/chat],106.70804862100528
26,Qwen2.5-1.5B-Instruct [Instruct/chat],116.62574716179647
26,Qwen2.5-14B-Instruct [Instruct/chat],127.65618901143694
26,Qwen2.5-32B-Instruct [Instruct/chat],130.0778666130877
26,Qwen2.5-3B-Instruct [Instruct/chat],121.28428533570622
26,Qwen2.5-7B-Instruct [Instruct/chat],123.9605360903226
26,Qwen3-0.6B [Non-thinking mode],109.22020559144944
26,Qwen3-0.6B [Thinking mode],108.55535599979477
26,Qwen3-1.7B [Non-thinking mode],118.95134674416656
26,Qwen3-1.7B [Thinking mode],125.72702090693083
26,Qwen3-14B [Non-thinking mode],130.2865769584654
26,Qwen3-14B [Thinking mode],137.48479848101576
26,Qwen3-30B-A3B [Non-thinking mode],128.22488544387562
26,Qwen3-30B-A3B [Thinking mode],137.2622784331309
26,Qwen3-30B-A3B-Instruct-2507 [Instruct (non-thinking)],135.25878951789107
26,Qwen3-30B-A3B-Thinking-2507 [Thinking],140.1612756984794
26,Qwen3-32B [Non-thinking mode],129.46974211387098
26,Qwen3-32B [Thinking mode],138.39742321369607
26,Qwen3-4B [Non-thinking mode],125.72695362325372
26,Qwen3-4B [Thinking mode],134.99450391870977
26,Qwen3-4B-Instruct-2507 [Instruct (non-thinking)],131.92106553688942
26,Qwen3-4B-Thinking-2507 [Thinking],137.08046364375923
26,Qwen3-8B [Non-thinking mode],126.83381488196207
26,Qwen3-8B [Thinking mode],135.6168297200077
26,Qwen3.5-0.8B [Non-thinking rows],108.67390625549405
26,Qwen3.5-0.8B [Thinking (default)],111.776913758452
26,Qwen3.5-27B [Thinking (default)],145.59438561104596
26,Qwen3.5-2B [Non-thinking rows],119.53218533837266
26,Qwen3.5-2B [Thinking (default)],129.22831188312
26,Qwen3.5-35B-A3B [Thinking (default)],144.44782616499205
26,Qwen3.5-4B [Thinking (default)],139.33016645595683
26,Qwen3.5-9B [Thinking (default)],143.1201275369594
26,Qwen3.6-27B [Thinking (default)],145.8022928990507
26,Qwen3.6-35B-A3B [Thinking (default)],143.59027474820795
26,SmolLM-1.7B [Pretrained (PT)],73.40746474579959
26,SmolLM-1.7B-Instruct [Instruct/chat],91.67879717402518
26,SmolLM-135M [Pretrained (PT)],89.44679780402632
26,SmolLM-135M-Instruct [Instruct/chat],79.66524658744082
26,SmolLM-360M [Pretrained (PT)],87.2633623982546
26,SmolLM-360M-Instruct [Instruct/chat],86.2869051027159
26,SmolLM2-1.7B [Pretrained (PT)],97.72759921986349
26,SmolLM2-1.7B-Instruct [Instruct/chat],108.06670739584496
26,SmolLM2-135M [Pretrained (PT)],84.9298448797437
26,SmolLM2-135M-Instruct [Instruct/chat],96.37042794643276
26,SmolLM2-360M [Pretrained (PT)],75.47694633502105
26,SmolLM2-360M-Instruct [Instruct/chat],93.27160316474226
26,phi-1 [Pretrained (PT)],88.00588407017646
26,phi-1_5 [Pretrained (PT)],90.33480472613897
26,phi-2 [Pretrained (PT)],108.99380389549087
26,phi-4 [Pretrained (PT)],129.34564395463565
27,Gemma 1.1 2B IT [Instruction-tuned (IT)],92.98850893265845
27,Gemma 1.1 7B IT [Instruction-tuned (IT)],106.20656247004882
27,Gemma 2 27B IT [Instruction-tuned (IT)],123.27714584977868
27,Gemma 2 27B [Pretrained (PT)],114.61034913463435
27,Gemma 2 2B IT [Instruction-tuned (IT)],102.55309791559023
27,Gemma 2 2B [Pretrained (PT)],98.71212694380769
27,Gemma 2 9B IT [Instruction-tuned (IT)],119.09546060177952
27,Gemma 2 9B [Pretrained (PT)],114.83701220183173
27,Gemma 2B IT [Instruction-tuned (IT)],90.92829508058205
27,Gemma 2B [Pretrained (PT)],95.64652108245143
27,Gemma 3 12B IT [Instruction-tuned (IT)],128.58576384163734
27,Gemma 3 12B [Pretrained (PT)],114.82877388323122
27,Gemma 3 1B IT [Instruction-tuned (IT)],105.58326901345805
27,Gemma 3 1B [Pretrained (PT)],82.58051875690082
27,Gemma 3 27B IT [Instruction-tuned (IT)],131.0850843057976
27,Gemma 3 27B [Pretrained (PT)],117.16433367115326
27,Gemma 3 4B IT [Instruction-tuned (IT)],121.6763427817664
27,Gemma 3 4B [Pretrained (PT)],104.03403241017237
27,Gemma 3n E2B IT [Instruction-tuned (IT)],114.04223494448189
27,Gemma 3n E2B [Pretrained (PT)],98.55283830083539
27,Gemma 3n E4B IT [Instruction-tuned (IT)],118.59167861337913
27,Gemma 3n E4B [Pretrained (PT)],107.40231422232917
27,"Gemma 4 12B [IT, Thinking mode]",142.3972530935611
27,"Gemma 4 26B A4B [IT, Thinking mode]",143.38248853712108
27,"Gemma 4 31B [IT, Thinking mode]",146.67353673285322
27,"Gemma 4 E2B [IT, Thinking mode]",127.60528870520476
27,"Gemma 4 E4B [IT, Thinking mode]",134.37212506006728
27,Gemma 7B IT [Instruction-tuned (IT)],99.619953906607
27,Gemma 7B [Pretrained (PT)],110.76711332428575
27,Llama-2-13b-chat-hf [Instruct/chat],105.33479902845312
27,Llama-2-13b-hf [Pretrained (PT)],103.69381969492476
27,Llama-2-7b-chat-hf [Instruct/chat],101.07723878851422
27,Llama-2-7b-hf [Pretrained (PT)],99.41503071760894
27,Llama-3.1-8B [Pretrained (PT)],112.68917693451732
27,Llama-3.1-8B-Instruct [Instruct/chat],114.26834447420838
27,Llama-3.2-1B [Pretrained (PT)],87.52798812291232
27,Llama-3.2-1B-Instruct [Instruct/chat],108.97804176546003
27,Llama-3.2-3B [Pretrained (PT)],104.67716210293658
27,Llama-3.2-3B-Instruct [Instruct/chat],115.20783044449304
27,Meta-Llama-3-8B [Pretrained (PT)],111.91419383957316
27,Meta-Llama-3-8B-Instruct [Instruct/chat],116.71954452235725
27,OLMo-1B-hf [Pretrained (PT)],92.818531209609
27,OLMo-2-1124-7B-Instruct [Instruct/chat],115.82106151875811
27,OLMo-7B-Instruct-hf [Instruct/chat],102.23903277966994
27,OLMo-7B-hf [Pretrained (PT)],79.43048099481217
27,OLMoE-1B-7B-0125-Instruct [Instruct/chat],84.16536815754765
27,OLMoE-1B-7B-0924 [Pretrained (PT)],93.72484458944871
27,OLMoE-1B-7B-0924-Instruct [Instruct/chat],106.19304850998024
27,Phi-3-medium-128k-instruct [Instruct/chat],120.76526663395988
27,Phi-3-medium-4k-instruct [Instruct/chat],119.5378845271521
27,Phi-3-mini-128k-instruct [Instruct/chat],117.34697345185184
27,Phi-3-mini-4k-instruct [Instruct/chat],116.7997178807065
27,Phi-3-small-128k-instruct [Instruct/chat],119.96691451989611
27,Phi-3-small-8k-instruct [Instruct/chat],120.76697659570804
27,Phi-3.5-mini-instruct [Instruct/chat],118.48100130498716
27,Phi-4-mini-instruct [Instruct/chat],119.59690279472596
27,Qwen-1.8B-Chat [Instruct/chat],99.06547774654972
27,Qwen-14B-Chat [Instruct/chat],107.4413763378628
27,Qwen-7B-Chat [Instruct/chat],105.04973589067501
27,Qwen1.5-0.5B-Chat [Instruct/chat],72.683416866258
27,Qwen1.5-1.8B [Base (no official chat academic scores)],101.27002639410344
27,Qwen1.5-1.8B-Chat [Instruct/chat],92.1121844415996
27,Qwen1.5-14B [Base (no official chat academic scores)],110.07364033234539
27,Qwen1.5-14B-Chat [Instruct/chat],107.42402480342656
27,Qwen1.5-32B [Base (no official chat academic scores)],115.65754752109686
27,Qwen1.5-32B-Chat [Instruct/chat],117.41986635668829
27,Qwen1.5-4B [Base (no official chat academic scores)],106.03488482309932
27,Qwen1.5-4B-Chat [Instruct/chat],98.60824995830944
27,Qwen1.5-7B [Base (no official chat academic scores)],107.1191236832957
27,Qwen1.5-7B-Chat [Instruct/chat],101.89280396085277
27,Qwen2-0.5B-Instruct [Instruct/chat],94.43062210159702
27,Qwen2-1.5B-Instruct [Instruct/chat],105.92805245140501
27,Qwen2-7B-Instruct [Instruct/chat],118.79792823339011
27,Qwen2.5-0.5B-Instruct [Instruct/chat],102.958325311615
27,Qwen2.5-1.5B-Instruct [Instruct/chat],112.60827392367702
27,Qwen2.5-14B-Instruct [Instruct/chat],127.69246533606437
27,Qwen2.5-32B-Instruct [Instruct/chat],129.29088487998098
27,Qwen2.5-3B-Instruct [Instruct/chat],119.19044592867255
27,Qwen2.5-7B-Instruct [Instruct/chat],125.11132167468412
27,Qwen3-0.6B [Non-thinking mode],106.34182981889023
27,Qwen3-0.6B [Thinking mode],113.16666862754978
27,Qwen3-1.7B [Non-thinking mode],119.29332690401354
27,Qwen3-1.7B [Thinking mode],126.01960102540838
27,Qwen3-14B [Non-thinking mode],130.5470716123431
27,Qwen3-14B [Thinking mode],137.19808565371096
27,Qwen3-30B-A3B [Non-thinking mode],131.43989153399653
27,Qwen3-30B-A3B [Thinking mode],138.56747841850247
27,Qwen3-30B-A3B-Instruct-2507 [Instruct (non-thinking)],136.25857927691084
27,Qwen3-30B-A3B-Thinking-2507 [Thinking],141.8411515884115
27,Qwen3-32B [Non-thinking mode],130.30899204859736
27,Qwen3-32B [Thinking mode],138.23974299729238
27,Qwen3-4B [Non-thinking mode],127.25981750125946
27,Qwen3-4B [Thinking mode],136.32536652117886
27,Qwen3-4B-Instruct-2507 [Instruct (non-thinking)],132.89282538814146
27,Qwen3-4B-Thinking-2507 [Thinking],138.50473557017187
27,Qwen3-8B [Non-thinking mode],129.8362298726408
27,Qwen3-8B [Thinking mode],137.0816472472588
27,Qwen3.5-0.8B [Non-thinking rows],110.19563764796344
27,Qwen3.5-0.8B [Thinking (default)],111.35912170680349
27,Qwen3.5-27B [Thinking (default)],148.42617546016783
27,Qwen3.5-2B [Non-thinking rows],121.36580794265578
27,Qwen3.5-2B [Thinking (default)],131.19104223769912
27,Qwen3.5-35B-A3B [Thinking (default)],145.2848414964088
27,Qwen3.5-4B [Thinking (default)],142.29272924988126
27,Qwen3.5-9B [Thinking (default)],145.8167394969324
27,Qwen3.6-27B [Thinking (default)],149.78887520808996
27,Qwen3.6-35B-A3B [Thinking (default)],146.59920973205257
27,SmolLM-1.7B [Pretrained (PT)],83.52437234070791
27,SmolLM-1.7B-Instruct [Instruct/chat],92.67379812057199
27,SmolLM-135M [Pretrained (PT)],92.45406034463522
27,SmolLM-135M-Instruct [Instruct/chat],82.53798115253471
27,SmolLM-360M [Pretrained (PT)],91.40567024744804
27,SmolLM-360M-Instruct [Instruct/chat],90.37680231184811
27,SmolLM2-1.7B [Pretrained (PT)],97.50075156220646
27,SmolLM2-1.7B-Instruct [Instruct/chat],109.23058977874388
27,SmolLM2-135M [Pretrained (PT)],90.9909647708156
27,SmolLM2-135M-Instruct [Instruct/chat],95.14850473049401
27,SmolLM2-360M [Pretrained (PT)],93.81994375903639
27,SmolLM2-360M-Instruct [Instruct/chat],100.21487297153487
27,phi-1 [Pretrained (PT)],85.46755927571691
27,phi-1_5 [Pretrained (PT)],89.23281168692193
27,phi-2 [Pretrained (PT)],95.9177647481449
27,phi-4 [Pretrained (PT)],130.03511698015336
28,Gemma 1.1 2B IT [Instruction-tuned (IT)],101.06921142747787
28,Gemma 1.1 7B IT [Instruction-tuned (IT)],109.60007002141725
28,Gemma 2 27B IT [Instruction-tuned (IT)],121.20625421599608
28,Gemma 2 27B [Pretrained (PT)],114.23490731005471
28,Gemma 2 2B IT [Instruction-tuned (IT)],107.11352511135539
28,Gemma 2 2B [Pretrained (PT)],99.4428623740083
28,Gemma 2 9B IT [Instruction-tuned (IT)],116.5649941454551
28,Gemma 2 9B [Pretrained (PT)],110.70957521523917
28,Gemma 2B IT [Instruction-tuned (IT)],91.6932669021205
28,Gemma 2B [Pretrained (PT)],95.01534400136347
28,Gemma 3 12B IT [Instruction-tuned (IT)],126.72404767696773
28,Gemma 3 12B [Pretrained (PT)],114.14103360571607
28,Gemma 3 1B IT [Instruction-tuned (IT)],105.60842303720723
28,Gemma 3 1B [Pretrained (PT)],87.84168885278899
28,Gemma 3 27B IT [Instruction-tuned (IT)],130.6710359207589
28,Gemma 3 27B [Pretrained (PT)],117.54548722832845
28,Gemma 3 4B IT [Instruction-tuned (IT)],120.55166580393964
28,Gemma 3 4B [Pretrained (PT)],105.4448231940636
28,Gemma 3n E2B IT [Instruction-tuned (IT)],110.02977599661729
28,Gemma 3n E2B [Pretrained (PT)],99.3293412316943
28,Gemma 3n E4B IT [Instruction-tuned (IT)],113.99124616118333
28,Gemma 3n E4B [Pretrained (PT)],108.27907113640231
28,"Gemma 4 12B [IT, Thinking mode]",140.2456118135094
28,"Gemma 4 26B A4B [IT, Thinking mode]",142.48096640175902
28,"Gemma 4 31B [IT, Thinking mode]",143.7226321056491
28,"Gemma 4 E2B [IT, Thinking mode]",129.46994792061616
28,"Gemma 4 E4B [IT, Thinking mode]",134.6255162912517
28,Gemma 7B IT [Instruction-tuned (IT)],101.12976531702049
28,Gemma 7B [Pretrained (PT)],108.65800103070816
28,Llama-2-13b-chat-hf [Instruct/chat],107.64026503546366
28,Llama-2-13b-hf [Pretrained (PT)],104.45348223762647
28,Llama-2-7b-chat-hf [Instruct/chat],90.39892323181539
28,Llama-2-7b-hf [Pretrained (PT)],98.8627706520043
28,Llama-3.1-8B [Pretrained (PT)],101.45150703021228
28,Llama-3.1-8B-Instruct [Instruct/chat],112.05284758608569
28,Llama-3.2-1B [Pretrained (PT)],86.97651341570887
28,Llama-3.2-1B-Instruct [Instruct/chat],98.88129585570029
28,Llama-3.2-3B [Pretrained (PT)],93.3141268114656
28,Llama-3.2-3B-Instruct [Instruct/chat],116.79906194087314
28,Meta-Llama-3-8B [Pretrained (PT)],91.31504151982278
28,Meta-Llama-3-8B-Instruct [Instruct/chat],117.02847686144011
28,OLMo-1B-hf [Pretrained (PT)],96.8765276075257
28,OLMo-2-1124-7B-Instruct [Instruct/chat],113.71355597997575
28,OLMo-7B-Instruct-hf [Instruct/chat],102.87616013875373
28,OLMo-7B-hf [Pretrained (PT)],86.06928381421511
28,OLMoE-1B-7B-0125-Instruct [Instruct/chat],100.8606242251334
28,OLMoE-1B-7B-0924 [Pretrained (PT)],95.0900572366107
28,OLMoE-1B-7B-0924-Instruct [Instruct/chat],100.85030618883164
28,Phi-3-medium-128k-instruct [Instruct/chat],120.49936524987564
28,Phi-3-medium-4k-instruct [Instruct/chat],121.19307506663236
28,Phi-3-mini-128k-instruct [Instruct/chat],116.794426519059
28,Phi-3-mini-4k-instruct [Instruct/chat],116.8325201714106
28,Phi-3-small-128k-instruct [Instruct/chat],119.96531817263882
28,Phi-3-small-8k-instruct [Instruct/chat],121.17880992867465
28,Phi-3.5-mini-instruct [Instruct/chat],118.27848584120588
28,Phi-4-mini-instruct [Instruct/chat],121.0850535433916
28,Qwen-1.8B-Chat [Instruct/chat],99.65513670543017
28,Qwen-14B-Chat [Instruct/chat],108.71982019410414
28,Qwen-7B-Chat [Instruct/chat],105.6725653463821
28,Qwen1.5-0.5B-Chat [Instruct/chat],81.58794670311852
28,Qwen1.5-1.8B [Base (no official chat academic scores)],101.42173019017542
28,Qwen1.5-1.8B-Chat [Instruct/chat],93.6270029551025
28,Qwen1.5-14B [Base (no official chat academic scores)],111.51827462898449
28,Qwen1.5-14B-Chat [Instruct/chat],114.40874849506969
28,Qwen1.5-32B [Base (no official chat academic scores)],117.32113823886137
28,Qwen1.5-32B-Chat [Instruct/chat],114.87021097812438
28,Qwen1.5-4B [Base (no official chat academic scores)],105.37975298567262
28,Qwen1.5-4B-Chat [Instruct/chat],97.48392248492517
28,Qwen1.5-7B [Base (no official chat academic scores)],107.92841565038246
28,Qwen1.5-7B-Chat [Instruct/chat],107.13542158463045
28,Qwen2-0.5B-Instruct [Instruct/chat],95.30657335735035
28,Qwen2-1.5B-Instruct [Instruct/chat],109.26722827170829
28,Qwen2-7B-Instruct [Instruct/chat],116.30293749632443
28,Qwen2.5-0.5B-Instruct [Instruct/chat],97.9501565063856
28,Qwen2.5-1.5B-Instruct [Instruct/chat],110.73932205893799
28,Qwen2.5-14B-Instruct [Instruct/chat],127.76452708571466
28,Qwen2.5-32B-Instruct [Instruct/chat],129.6332070624359
28,Qwen2.5-3B-Instruct [Instruct/chat],117.38873670212612
28,Qwen2.5-7B-Instruct [Instruct/chat],124.26740963488461
28,Qwen3-0.6B [Non-thinking mode],107.97053649312184
28,Qwen3-0.6B [Thinking mode],111.73857085311012
28,Qwen3-1.7B [Non-thinking mode],117.38634035181227
28,Qwen3-1.7B [Thinking mode],123.15883051115627
28,Qwen3-14B [Non-thinking mode],130.67240848485235
28,Qwen3-14B [Thinking mode],137.20214359337936
28,Qwen3-30B-A3B [Non-thinking mode],129.5409045288819
28,Qwen3-30B-A3B [Thinking mode],137.57645883609476
28,Qwen3-30B-A3B-Instruct-2507 [Instruct (non-thinking)],135.6475344326949
28,Qwen3-30B-A3B-Thinking-2507 [Thinking],141.40699689584676
28,Qwen3-32B [Non-thinking mode],127.0076829614911
28,Qwen3-32B [Thinking mode],138.88720397148538
28,Qwen3-4B [Non-thinking mode],125.08566016322092
28,Qwen3-4B [Thinking mode],135.11002660055843
28,Qwen3-4B-Instruct-2507 [Instruct (non-thinking)],132.34129977197776
28,Qwen3-4B-Thinking-2507 [Thinking],138.1705783251072
28,Qwen3-8B [Non-thinking mode],126.94781113993535
28,Qwen3-8B [Thinking mode],136.47794504514798
28,Qwen3.5-0.8B [Non-thinking rows],99.8390567701756
28,Qwen3.5-0.8B [Thinking (default)],112.32813883775528
28,Qwen3.5-27B [Thinking (default)],147.59710989718104
28,Qwen3.5-2B [Non-thinking rows],121.15992151542436
28,Qwen3.5-2B [Thinking (default)],128.9295665548228
28,Qwen3.5-35B-A3B [Thinking (default)],144.67612143178474
28,Qwen3.5-4B [Thinking (default)],140.61210928126548
28,Qwen3.5-9B [Thinking (default)],144.70241032236382
28,Qwen3.6-27B [Thinking (default)],147.98750993491748
28,Qwen3.6-35B-A3B [Thinking (default)],146.04032243582103
28,SmolLM-1.7B [Pretrained (PT)],91.52192139982311
28,SmolLM-1.7B-Instruct [Instruct/chat],76.42569947792526
28,SmolLM-135M [Pretrained (PT)],94.3026337341963
28,SmolLM-135M-Instruct [Instruct/chat],80.57260785156643
28,SmolLM-360M [Pretrained (PT)],94.55066888357211
28,SmolLM-360M-Instruct [Instruct/chat],90.96385494100545
28,SmolLM2-1.7B [Pretrained (PT)],99.30585096641931
28,SmolLM2-1.7B-Instruct [Instruct/chat],109.00737675266154
28,SmolLM2-135M [Pretrained (PT)],84.1885994052036
28,SmolLM2-135M-Instruct [Instruct/chat],95.39983444366068
28,SmolLM2-360M [Pretrained (PT)],101.41568889422207
28,SmolLM2-360M-Instruct [Instruct/chat],102.22922432001502
28,phi-1 [Pretrained (PT)],83.67256489657528
28,phi-1_5 [Pretrained (PT)],94.9912226670364
28,phi-2 [Pretrained (PT)],107.75397884384276
28,phi-4 [Pretrained (PT)],128.01837637281844
29,Gemma 1.1 2B IT [Instruction-tuned (IT)],95.85346064393457
29,Gemma 1.1 7B IT [Instruction-tuned (IT)],104.6280681353517
29,Gemma 2 27B IT [Instruction-tuned (IT)],121.59992206884954
29,Gemma 2 27B [Pretrained (PT)],114.90044565885655
29,Gemma 2 2B IT [Instruction-tuned (IT)],111.10952380868017
29,Gemma 2 2B [Pretrained (PT)],98.77472496234093
29,Gemma 2 9B IT [Instruction-tuned (IT)],118.15389001024799
29,Gemma 2 9B [Pretrained (PT)],110.22777806286021
29,Gemma 2B IT [Instruction-tuned (IT)],92.65863400822943
29,Gemma 2B [Pretrained (PT)],93.51970069084385
29,Gemma 3 12B IT [Instruction-tuned (IT)],127.59721081775822
29,Gemma 3 12B [Pretrained (PT)],113.4116668466313
29,Gemma 3 1B IT [Instruction-tuned (IT)],108.8808917476558
29,Gemma 3 1B [Pretrained (PT)],85.84284703422401
29,Gemma 3 27B IT [Instruction-tuned (IT)],131.04536766592798
29,Gemma 3 27B [Pretrained (PT)],115.5664607815052
29,Gemma 3 4B IT [Instruction-tuned (IT)],121.76062948399134
29,Gemma 3 4B [Pretrained (PT)],102.33410174526679
29,Gemma 3n E2B IT [Instruction-tuned (IT)],113.10603464979332
29,Gemma 3n E2B [Pretrained (PT)],99.22539911651798
29,Gemma 3n E4B IT [Instruction-tuned (IT)],120.40207938865942
29,Gemma 3n E4B [Pretrained (PT)],106.6522273157739
29,"Gemma 4 12B [IT, Thinking mode]",143.6306048170072
29,"Gemma 4 26B A4B [IT, Thinking mode]",145.97949724501805
29,"Gemma 4 31B [IT, Thinking mode]",147.2421175026362
29,"Gemma 4 E2B [IT, Thinking mode]",131.46353126911586
29,"Gemma 4 E4B [IT, Thinking mode]",135.29905505371283
29,Gemma 7B IT [Instruction-tuned (IT)],99.16236531269024
29,Gemma 7B [Pretrained (PT)],110.28112946174193
29,Llama-2-13b-chat-hf [Instruct/chat],100.38607125321144
29,Llama-2-13b-hf [Pretrained (PT)],102.36409717002272
29,Llama-2-7b-chat-hf [Instruct/chat],97.03225543782477
29,Llama-2-7b-hf [Pretrained (PT)],98.7611558378174
29,Llama-3.1-8B [Pretrained (PT)],114.04481154281443
29,Llama-3.1-8B-Instruct [Instruct/chat],115.09925611154468
29,Llama-3.2-1B [Pretrained (PT)],71.45433883589064
29,Llama-3.2-1B-Instruct [Instruct/chat],94.05412350909069
29,Llama-3.2-3B [Pretrained (PT)],90.69671032703363
29,Llama-3.2-3B-Instruct [Instruct/chat],113.56535710019686
29,Meta-Llama-3-8B [Pretrained (PT)],108.30330035141924
29,Meta-Llama-3-8B-Instruct [Instruct/chat],114.29729587649362
29,OLMo-1B-hf [Pretrained (PT)],86.91750147897025
29,OLMo-2-1124-7B-Instruct [Instruct/chat],114.58624071832632
29,OLMo-7B-Instruct-hf [Instruct/chat],100.66983798757238
29,OLMo-7B-hf [Pretrained (PT)],77.61809509183257
29,OLMoE-1B-7B-0125-Instruct [Instruct/chat],101.47858166814262
29,OLMoE-1B-7B-0924 [Pretrained (PT)],89.1422293567433
29,OLMoE-1B-7B-0924-Instruct [Instruct/chat],107.13049261908012
29,Phi-3-medium-128k-instruct [Instruct/chat],119.22475124392302
29,Phi-3-medium-4k-instruct [Instruct/chat],126.3491353147641
29,Phi-3-mini-128k-instruct [Instruct/chat],120.15351551502482
29,Phi-3-mini-4k-instruct [Instruct/chat],117.45328721551857
29,Phi-3-small-128k-instruct [Instruct/chat],124.98453927317158
29,Phi-3-small-8k-instruct [Instruct/chat],120.28100408800775
29,Phi-3.5-mini-instruct [Instruct/chat],118.31270631757954
29,Phi-4-mini-instruct [Instruct/chat],126.3750490024065
29,Qwen-1.8B-Chat [Instruct/chat],98.59403756983959
29,Qwen-14B-Chat [Instruct/chat],108.74312018934373
29,Qwen-7B-Chat [Instruct/chat],106.03660447655977
29,Qwen1.5-0.5B-Chat [Instruct/chat],72.2972011922941
29,Qwen1.5-1.8B [Base (no official chat academic scores)],101.09919919313418
29,Qwen1.5-1.8B-Chat [Instruct/chat],94.05917248085215
29,Qwen1.5-14B [Base (no official chat academic scores)],111.60526054302458
29,Qwen1.5-14B-Chat [Instruct/chat],111.56385248117454
29,Qwen1.5-32B [Base (no official chat academic scores)],113.13716551655453
29,Qwen1.5-32B-Chat [Instruct/chat],112.21469913978687
29,Qwen1.5-4B [Base (no official chat academic scores)],104.4006120576243
29,Qwen1.5-4B-Chat [Instruct/chat],98.80125803639686
29,Qwen1.5-7B [Base (no official chat academic scores)],106.9739360065067
29,Qwen1.5-7B-Chat [Instruct/chat],95.49013757371249
29,Qwen2-0.5B-Instruct [Instruct/chat],100.45260267584909
29,Qwen2-1.5B-Instruct [Instruct/chat],107.29906894776103
29,Qwen2-7B-Instruct [Instruct/chat],117.58315811787041
29,Qwen2.5-0.5B-Instruct [Instruct/chat],108.32228781825015
29,Qwen2.5-1.5B-Instruct [Instruct/chat],116.30274681296366
29,Qwen2.5-14B-Instruct [Instruct/chat],128.61411716422947
29,Qwen2.5-32B-Instruct [Instruct/chat],131.5344650904916
29,Qwen2.5-3B-Instruct [Instruct/chat],120.64538812609682
29,Qwen2.5-7B-Instruct [Instruct/chat],125.55419529312486
29,Qwen3-0.6B [Non-thinking mode],96.76565187789984
29,Qwen3-0.6B [Thinking mode],114.6315073532257
29,Qwen3-1.7B [Non-thinking mode],117.52022872623195
29,Qwen3-1.7B [Thinking mode],125.67890090065086
29,Qwen3-14B [Non-thinking mode],130.14557452457774
29,Qwen3-14B [Thinking mode],137.51655006542575
29,Qwen3-30B-A3B [Non-thinking mode],130.28257961971272
29,Qwen3-30B-A3B [Thinking mode],138.36642096761915
29,Qwen3-30B-A3B-Instruct-2507 [Instruct (non-thinking)],136.29609842586953
29,Qwen3-30B-A3B-Thinking-2507 [Thinking],140.81346814640642
29,Qwen3-32B [Non-thinking mode],131.13740927273616
29,Qwen3-32B [Thinking mode],138.70861029165877
29,Qwen3-4B [Non-thinking mode],127.49576449990953
29,Qwen3-4B [Thinking mode],135.69639366594
29,Qwen3-4B-Instruct-2507 [Instruct (non-thinking)],133.6050825614384
29,Qwen3-4B-Thinking-2507 [Thinking],138.00770023563652
29,Qwen3-8B [Non-thinking mode],128.41199949568596
29,Qwen3-8B [Thinking mode],136.68917517620898
29,Qwen3.5-0.8B [Non-thinking rows],106.77244313765371
29,Qwen3.5-0.8B [Thinking (default)],115.49842743809398
29,Qwen3.5-27B [Thinking (default)],146.1477722950034
29,Qwen3.5-2B [Non-thinking rows],123.89719818192894
29,Qwen3.5-2B [Thinking (default)],131.11031726535944
29,Qwen3.5-35B-A3B [Thinking (default)],144.37222033000617
29,Qwen3.5-4B [Thinking (default)],141.027175956453
29,Qwen3.5-9B [Thinking (default)],143.58407814382417
29,Qwen3.6-27B [Thinking (default)],148.94680578614305
29,Qwen3.6-35B-A3B [Thinking (default)],145.14591876588636
29,SmolLM-1.7B [Pretrained (PT)],86.3412697133995
29,SmolLM-1.7B-Instruct [Instruct/chat],84.9191482756368
29,SmolLM-135M [Pretrained (PT)],82.3975835420777
29,SmolLM-135M-Instruct [Instruct/chat],70.77533303176294
29,SmolLM-360M [Pretrained (PT)],85.03239808464427
29,SmolLM-360M-Instruct [Instruct/chat],85.33209886098854
29,SmolLM2-1.7B [Pretrained (PT)],94.10290869872966
29,SmolLM2-1.7B-Instruct [Instruct/chat],106.9361819149419
29,SmolLM2-135M [Pretrained (PT)],83.09379333208949
29,SmolLM2-135M-Instruct [Instruct/chat],91.74815967238803
29,SmolLM2-360M [Pretrained (PT)],83.38953091810728
29,SmolLM2-360M-Instruct [Instruct/chat],68.54239076073826
29,phi-1 [Pretrained (PT)],87.36867339023334
29,phi-1_5 [Pretrained (PT)],88.66502716073558
29,phi-2 [Pretrained (PT)],104.76949989952337
29,phi-4 [Pretrained (PT)],126.52422855181847
30,Gemma 1.1 2B IT [Instruction-tuned (IT)],95.14252174454481
30,Gemma 1.1 7B IT [Instruction-tuned (IT)],104.09669168294616
30,Gemma 2 27B IT [Instruction-tuned (IT)],122.69925943804374
30,Gemma 2 27B [Pretrained (PT)],117.00346843784196
30,Gemma 2 2B IT [Instruction-tuned (IT)],110.49827128312728
30,Gemma 2 2B [Pretrained (PT)],99.63345091268432
30,Gemma 2 9B IT [Instruction-tuned (IT)],119.62071102222353
30,Gemma 2 9B [Pretrained (PT)],114.26892349876574
30,Gemma 2B IT [Instruction-tuned (IT)],90.78365458443855
30,Gemma 2B [Pretrained (PT)],95.06858758734262
30,Gemma 3 12B IT [Instruction-tuned (IT)],126.46006723139067
30,Gemma 3 12B [Pretrained (PT)],116.84095189676137
30,Gemma 3 1B IT [Instruction-tuned (IT)],105.94163566797599
30,Gemma 3 1B [Pretrained (PT)],79.92600138549234
30,Gemma 3 27B IT [Instruction-tuned (IT)],129.30713254042675
30,Gemma 3 27B [Pretrained (PT)],121.2609026827896
30,Gemma 3 4B IT [Instruction-tuned (IT)],120.52456869820999
30,Gemma 3 4B [Pretrained (PT)],103.86280717096311
30,Gemma 3n E2B IT [Instruction-tuned (IT)],115.69723698919685
30,Gemma 3n E2B [Pretrained (PT)],100.1981662348237
30,Gemma 3n E4B IT [Instruction-tuned (IT)],116.76202196453617
30,Gemma 3n E4B [Pretrained (PT)],106.30256600052827
30,"Gemma 4 12B [IT, Thinking mode]",141.21048629404115
30,"Gemma 4 26B A4B [IT, Thinking mode]",144.36653732792865
30,"Gemma 4 31B [IT, Thinking mode]",146.0915628984335
30,"Gemma 4 E2B [IT, Thinking mode]",131.10176629763302
30,"Gemma 4 E4B [IT, Thinking mode]",133.82345322542454
30,Gemma 7B IT [Instruction-tuned (IT)],100.30957688051734
30,Gemma 7B [Pretrained (PT)],109.68356914781401
30,Llama-2-13b-chat-hf [Instruct/chat],103.26532753947046
30,Llama-2-13b-hf [Pretrained (PT)],107.5081088144331
30,Llama-2-7b-chat-hf [Instruct/chat],100.20917445621518
30,Llama-2-7b-hf [Pretrained (PT)],99.30597112772784
30,Llama-3.1-8B [Pretrained (PT)],111.54847967310144
30,Llama-3.1-8B-Instruct [Instruct/chat],110.09858729615908
30,Llama-3.2-1B [Pretrained (PT)],84.16433467872434
30,Llama-3.2-1B-Instruct [Instruct/chat],94.44313375789244
30,Llama-3.2-3B [Pretrained (PT)],94.4463117657279
30,Llama-3.2-3B-Instruct [Instruct/chat],116.28878206627638
30,Meta-Llama-3-8B [Pretrained (PT)],101.97506370897497
30,Meta-Llama-3-8B-Instruct [Instruct/chat],116.48039044080292
30,OLMo-1B-hf [Pretrained (PT)],81.09155650131899
30,OLMo-2-1124-7B-Instruct [Instruct/chat],106.40960660949854
30,OLMo-7B-Instruct-hf [Instruct/chat],101.186622665405
30,OLMo-7B-hf [Pretrained (PT)],79.89874469043805
30,OLMoE-1B-7B-0125-Instruct [Instruct/chat],101.83891839728446
30,OLMoE-1B-7B-0924 [Pretrained (PT)],92.38011124660099
30,OLMoE-1B-7B-0924-Instruct [Instruct/chat],105.396421238326
30,Phi-3-medium-128k-instruct [Instruct/chat],121.49568396141218
30,Phi-3-medium-4k-instruct [Instruct/chat],121.20375296851019
30,Phi-3-mini-128k-instruct [Instruct/chat],118.35213382988807
30,Phi-3-mini-4k-instruct [Instruct/chat],116.99344617159053
30,Phi-3-small-128k-instruct [Instruct/chat],123.69305027917757
30,Phi-3-small-8k-instruct [Instruct/chat],120.84509150297293
30,Phi-3.5-mini-instruct [Instruct/chat],118.89493235107352
30,Phi-4-mini-instruct [Instruct/chat],120.32549348153636
30,Qwen-1.8B-Chat [Instruct/chat],97.607171540841
30,Qwen-14B-Chat [Instruct/chat],108.34798452457355
30,Qwen-7B-Chat [Instruct/chat],103.16294226006121
30,Qwen1.5-0.5B-Chat [Instruct/chat],70.9478027990501
30,Qwen1.5-1.8B [Base (no official chat academic scores)],100.60519967322332
30,Qwen1.5-1.8B-Chat [Instruct/chat],90.90845819858568
30,Qwen1.5-14B [Base (no official chat academic scores)],110.06434698114732
30,Qwen1.5-14B-Chat [Instruct/chat],105.7342176813026
30,Qwen1.5-32B [Base (no official chat academic scores)],111.71036919606613
30,Qwen1.5-32B-Chat [Instruct/chat],109.97418772332051
30,Qwen1.5-4B [Base (no official chat academic scores)],102.7154841655341
30,Qwen1.5-4B-Chat [Instruct/chat],102.6923569823285
30,Qwen1.5-7B [Base (no official chat academic scores)],106.75989982849799
30,Qwen1.5-7B-Chat [Instruct/chat],99.3513379716293
30,Qwen2-0.5B-Instruct [Instruct/chat],98.75248460135353
30,Qwen2-1.5B-Instruct [Instruct/chat],107.13587098012833
30,Qwen2-7B-Instruct [Instruct/chat],118.3539295361582
30,Qwen2.5-0.5B-Instruct [Instruct/chat],103.92043340400221
30,Qwen2.5-1.5B-Instruct [Instruct/chat],113.15008556387401
30,Qwen2.5-14B-Instruct [Instruct/chat],127.99604706249437
30,Qwen2.5-32B-Instruct [Instruct/chat],129.22690134348576
30,Qwen2.5-3B-Instruct [Instruct/chat],119.75626932711357
30,Qwen2.5-7B-Instruct [Instruct/chat],123.76538188056719
30,Qwen3-0.6B [Non-thinking mode],112.74911557892152
30,Qwen3-0.6B [Thinking mode],113.61707840579395
30,Qwen3-1.7B [Non-thinking mode],118.93960243790482
30,Qwen3-1.7B [Thinking mode],127.04299946748421
30,Qwen3-14B [Non-thinking mode],127.83065326177798
30,Qwen3-14B [Thinking mode],136.68014589221514
30,Qwen3-30B-A3B [Non-thinking mode],128.00322852179391
30,Qwen3-30B-A3B [Thinking mode],136.23993885925805
30,Qwen3-30B-A3B-Instruct-2507 [Instruct (non-thinking)],135.83600429507385
30,Qwen3-30B-A3B-Thinking-2507 [Thinking],139.69701636908388
30,Qwen3-32B [Non-thinking mode],128.79774113157205
30,Qwen3-32B [Thinking mode],137.77203685860115
30,Qwen3-4B [Non-thinking mode],125.32056739502401
30,Qwen3-4B [Thinking mode],133.26022300661876
30,Qwen3-4B-Instruct-2507 [Instruct (non-thinking)],130.54590964786968
30,Qwen3-4B-Thinking-2507 [Thinking],136.99990715757454
30,Qwen3-8B [Non-thinking mode],126.89204220121889
30,Qwen3-8B [Thinking mode],135.07038370050824
30,Qwen3.5-0.8B [Non-thinking rows],108.51786664069908
30,Qwen3.5-0.8B [Thinking (default)],114.01884698158455
30,Qwen3.5-27B [Thinking (default)],146.33449743421457
30,Qwen3.5-2B [Non-thinking rows],122.70968198531459
30,Qwen3.5-2B [Thinking (default)],129.42293780468947
30,Qwen3.5-35B-A3B [Thinking (default)],143.4080331491584
30,Qwen3.5-4B [Thinking (default)],140.26237054463505
30,Qwen3.5-9B [Thinking (default)],144.31250865383274
30,Qwen3.6-27B [Thinking (default)],146.7444767792876
30,Qwen3.6-35B-A3B [Thinking (default)],143.1339103308444
30,SmolLM-1.7B [Pretrained (PT)],79.85508697255739
30,SmolLM-1.7B-Instruct [Instruct/chat],73.81746007511234
30,SmolLM-135M [Pretrained (PT)],92.41960188511266
30,SmolLM-135M-Instruct [Instruct/chat],80.56022398830397
30,SmolLM-360M [Pretrained (PT)],87.82341501370621
30,SmolLM-360M-Instruct [Instruct/chat],85.59352909908259
30,SmolLM2-1.7B [Pretrained (PT)],94.42368910793037
30,SmolLM2-1.7B-Instruct [Instruct/chat],105.2430196269147
30,SmolLM2-135M [Pretrained (PT)],68.84989036742316
30,SmolLM2-135M-Instruct [Instruct/chat],92.34108092503317
30,SmolLM2-360M [Pretrained (PT)],89.90942214603707
30,SmolLM2-360M-Instruct [Instruct/chat],102.34427464661105
30,phi-1 [Pretrained (PT)],90.09653445579795
30,phi-1_5 [Pretrained (PT)],88.56048836783091
30,phi-2 [Pretrained (PT)],104.69418000380625
30,phi-4 [Pretrained (PT)],124.15723429357644
31,Gemma 1.1 2B IT [Instruction-tuned (IT)],88.70826202090589
31,Gemma 1.1 7B IT [Instruction-tuned (IT)],104.62388072427622
31,Gemma 2 27B IT [Instruction-tuned (IT)],121.32860795691101
31,Gemma 2 27B [Pretrained (PT)],117.71242778322443
31,Gemma 2 2B IT [Instruction-tuned (IT)],109.50434396415613
31,Gemma 2 2B [Pretrained (PT)],99.24605656016945
31,Gemma 2 9B IT [Instruction-tuned (IT)],118.09397242470061
31,Gemma 2 9B [Pretrained (PT)],115.21372399949456
31,Gemma 2B IT [Instruction-tuned (IT)],86.68221322495316
31,Gemma 2B [Pretrained (PT)],95.13484336775849
31,Gemma 3 12B IT [Instruction-tuned (IT)],125.54014868978861
31,Gemma 3 12B [Pretrained (PT)],113.92567613766671
31,Gemma 3 1B IT [Instruction-tuned (IT)],108.98307717801973
31,Gemma 3 1B [Pretrained (PT)],86.96759167918113
31,Gemma 3 27B IT [Instruction-tuned (IT)],127.60705662896478
31,Gemma 3 27B [Pretrained (PT)],116.66943568946253
31,Gemma 3 4B IT [Instruction-tuned (IT)],121.27805791212201
31,Gemma 3 4B [Pretrained (PT)],103.91274631136152
31,Gemma 3n E2B IT [Instruction-tuned (IT)],113.58527968649355
31,Gemma 3n E2B [Pretrained (PT)],99.66844847275055
31,Gemma 3n E4B IT [Instruction-tuned (IT)],122.21731968225741
31,Gemma 3n E4B [Pretrained (PT)],106.70870271477825
31,"Gemma 4 12B [IT, Thinking mode]",141.99072120714436
31,"Gemma 4 26B A4B [IT, Thinking mode]",145.19836243339077
31,"Gemma 4 31B [IT, Thinking mode]",145.76502088127845
31,"Gemma 4 E2B [IT, Thinking mode]",128.07201248659896
31,"Gemma 4 E4B [IT, Thinking mode]",133.361001794537
31,Gemma 7B IT [Instruction-tuned (IT)],99.62112144198103
31,Gemma 7B [Pretrained (PT)],108.16664016317627
31,Llama-2-13b-chat-hf [Instruct/chat],100.46317639566487
31,Llama-2-13b-hf [Pretrained (PT)],103.79490501268567
31,Llama-2-7b-chat-hf [Instruct/chat],101.78292097094031
31,Llama-2-7b-hf [Pretrained (PT)],98.2240511861874
31,Llama-3.1-8B [Pretrained (PT)],111.8105168154763
31,Llama-3.1-8B-Instruct [Instruct/chat],108.53815383553021
31,Llama-3.2-1B [Pretrained (PT)],83.11172337975134
31,Llama-3.2-1B-Instruct [Instruct/chat],111.08072310664267
31,Llama-3.2-3B [Pretrained (PT)],103.56131886459373
31,Llama-3.2-3B-Instruct [Instruct/chat],114.53639313873637
31,Meta-Llama-3-8B [Pretrained (PT)],92.35061257412448
31,Meta-Llama-3-8B-Instruct [Instruct/chat],116.15689162024702
31,OLMo-1B-hf [Pretrained (PT)],76.95969879576084
31,OLMo-2-1124-7B-Instruct [Instruct/chat],111.38376606501214
31,OLMo-7B-Instruct-hf [Instruct/chat],101.75421055730689
31,OLMo-7B-hf [Pretrained (PT)],78.78812911837248
31,OLMoE-1B-7B-0125-Instruct [Instruct/chat],99.86243693842901
31,OLMoE-1B-7B-0924 [Pretrained (PT)],93.07375429107336
31,OLMoE-1B-7B-0924-Instruct [Instruct/chat],107.19768485565098
31,Phi-3-medium-128k-instruct [Instruct/chat],117.88048245263715
31,Phi-3-medium-4k-instruct [Instruct/chat],124.64046873264928
31,Phi-3-mini-128k-instruct [Instruct/chat],117.81160432168043
31,Phi-3-mini-4k-instruct [Instruct/chat],115.35300856634244
31,Phi-3-small-128k-instruct [Instruct/chat],120.10267566798137
31,Phi-3-small-8k-instruct [Instruct/chat],119.66123719757636
31,Phi-3.5-mini-instruct [Instruct/chat],117.80437959422889
31,Phi-4-mini-instruct [Instruct/chat],121.81299380468039
31,Qwen-1.8B-Chat [Instruct/chat],98.82981194626285
31,Qwen-14B-Chat [Instruct/chat],107.40771818967842
31,Qwen-7B-Chat [Instruct/chat],103.68297274034762
31,Qwen1.5-0.5B-Chat [Instruct/chat],68.11283908933089
31,Qwen1.5-1.8B [Base (no official chat academic scores)],101.51611280340367
31,Qwen1.5-1.8B-Chat [Instruct/chat],91.46367470430175
31,Qwen1.5-14B [Base (no official chat academic scores)],108.59776527783522
31,Qwen1.5-14B-Chat [Instruct/chat],103.58102066087837
31,Qwen1.5-32B [Base (no official chat academic scores)],112.51608942304867
31,Qwen1.5-32B-Chat [Instruct/chat],117.78178167718387
31,Qwen1.5-4B [Base (no official chat academic scores)],102.81783372406275
31,Qwen1.5-4B-Chat [Instruct/chat],95.8954276959019
31,Qwen1.5-7B [Base (no official chat academic scores)],108.6314054388962
31,Qwen1.5-7B-Chat [Instruct/chat],101.59271586002913
31,Qwen2-0.5B-Instruct [Instruct/chat],90.86577213218195
31,Qwen2-1.5B-Instruct [Instruct/chat],107.78650314139666
31,Qwen2-7B-Instruct [Instruct/chat],118.53166830792642
31,Qwen2.5-0.5B-Instruct [Instruct/chat],101.24065622527107
31,Qwen2.5-1.5B-Instruct [Instruct/chat],112.08377631960364
31,Qwen2.5-14B-Instruct [Instruct/chat],126.15332035348155
31,Qwen2.5-32B-Instruct [Instruct/chat],129.59318749835097
31,Qwen2.5-3B-Instruct [Instruct/chat],119.06213014286848
31,Qwen2.5-7B-Instruct [Instruct/chat],124.61103413123591
31,Qwen3-0.6B [Non-thinking mode],107.5888368429464
31,Qwen3-0.6B [Thinking mode],111.38598149276365
31,Qwen3-1.7B [Non-thinking mode],115.15577460765984
31,Qwen3-1.7B [Thinking mode],124.20529555157363
31,Qwen3-14B [Non-thinking mode],127.3349390224717
31,Qwen3-14B [Thinking mode],136.38071185197362
31,Qwen3-30B-A3B [Non-thinking mode],127.49337498168802
31,Qwen3-30B-A3B [Thinking mode],136.89598682273848
31,Qwen3-30B-A3B-Instruct-2507 [Instruct (non-thinking)],135.21910826413986
31,Qwen3-30B-A3B-Thinking-2507 [Thinking],139.65072565857153
31,Qwen3-32B [Non-thinking mode],128.29998941241035
31,Qwen3-32B [Thinking mode],138.2953559699376
31,Qwen3-4B [Non-thinking mode],125.3502252505599
31,Qwen3-4B [Thinking mode],134.15750392012757
31,Qwen3-4B-Instruct-2507 [Instruct (non-thinking)],131.85997918988332
31,Qwen3-4B-Thinking-2507 [Thinking],137.16152648130162
31,Qwen3-8B [Non-thinking mode],126.80120086442656
31,Qwen3-8B [Thinking mode],135.40308916034596
31,Qwen3.5-0.8B [Non-thinking rows],100.97669382260051
31,Qwen3.5-0.8B [Thinking (default)],111.73927159750404
31,Qwen3.5-27B [Thinking (default)],146.19575926066958
31,Qwen3.5-2B [Non-thinking rows],118.8150868352175
31,Qwen3.5-2B [Thinking (default)],130.14622440245728
31,Qwen3.5-35B-A3B [Thinking (default)],144.41339108202183
31,Qwen3.5-4B [Thinking (default)],140.5230156848471
31,Qwen3.5-9B [Thinking (default)],143.2282660793681
31,Qwen3.6-27B [Thinking (default)],148.38485026306265
31,Qwen3.6-35B-A3B [Thinking (default)],144.34910830133066
31,SmolLM-1.7B [Pretrained (PT)],91.16138694313437
31,SmolLM-1.7B-Instruct [Instruct/chat],90.22675887097395
31,SmolLM-135M [Pretrained (PT)],101.12123223319637
31,SmolLM-135M-Instruct [Instruct/chat],81.0616944403316
31,SmolLM-360M [Pretrained (PT)],88.23214271983711
31,SmolLM-360M-Instruct [Instruct/chat],76.58431137520857
31,SmolLM2-1.7B [Pretrained (PT)],93.61616398781518
31,SmolLM2-1.7B-Instruct [Instruct/chat],110.21637937629009
31,SmolLM2-135M [Pretrained (PT)],85.81669441030455
31,SmolLM2-135M-Instruct [Instruct/chat],96.50057871731471
31,SmolLM2-360M [Pretrained (PT)],89.07364042939241
31,SmolLM2-360M-Instruct [Instruct/chat],96.2781719726048
31,phi-1 [Pretrained (PT)],89.08242085939423
31,phi-1_5 [Pretrained (PT)],83.52369688641704
31,phi-2 [Pretrained (PT)],102.11563412887978
31,phi-4 [Pretrained (PT)],117.54361219254129
32,Gemma 1.1 2B IT [Instruction-tuned (IT)],94.09091715156461
32,Gemma 1.1 7B IT [Instruction-tuned (IT)],102.84223140820845
32,Gemma 2 27B IT [Instruction-tuned (IT)],122.81596620505468
32,Gemma 2 27B [Pretrained (PT)],113.59949207301192
32,Gemma 2 2B IT [Instruction-tuned (IT)],103.77361384965845
32,Gemma 2 2B [Pretrained (PT)],97.99540460060948
32,Gemma 2 9B IT [Instruction-tuned (IT)],118.08454566957035
32,Gemma 2 9B [Pretrained (PT)],111.33611529971529
32,Gemma 2B IT [Instruction-tuned (IT)],86.09463211171357
32,Gemma 2B [Pretrained (PT)],91.86330210210478
32,Gemma 3 12B IT [Instruction-tuned (IT)],126.61826307499926
32,Gemma 3 12B [Pretrained (PT)],113.04049852910867
32,Gemma 3 1B IT [Instruction-tuned (IT)],106.79863601232546
32,Gemma 3 1B [Pretrained (PT)],82.63844678317562
32,Gemma 3 27B IT [Instruction-tuned (IT)],128.22582156423323
32,Gemma 3 27B [Pretrained (PT)],116.67206404257051
32,Gemma 3 4B IT [Instruction-tuned (IT)],120.8862346612545
32,Gemma 3 4B [Pretrained (PT)],103.86991573112431
32,Gemma 3n E2B IT [Instruction-tuned (IT)],113.11093267425413
32,Gemma 3n E2B [Pretrained (PT)],98.93567645247134
32,Gemma 3n E4B IT [Instruction-tuned (IT)],116.02031420644882
32,Gemma 3n E4B [Pretrained (PT)],105.53646594210757
32,"Gemma 4 12B [IT, Thinking mode]",141.72126024772786
32,"Gemma 4 26B A4B [IT, Thinking mode]",144.14696524837134
32,"Gemma 4 31B [IT, Thinking mode]",147.15756336472953
32,"Gemma 4 E2B [IT, Thinking mode]",130.7436803353371
32,"Gemma 4 E4B [IT, Thinking mode]",135.1461005711826
32,Gemma 7B IT [Instruction-tuned (IT)],98.77827862677364
32,Gemma 7B [Pretrained (PT)],106.665527062375
32,Llama-2-13b-chat-hf [Instruct/chat],102.68466028229969
32,Llama-2-13b-hf [Pretrained (PT)],101.13522656323939
32,Llama-2-7b-chat-hf [Instruct/chat],90.4841973151793
32,Llama-2-7b-hf [Pretrained (PT)],94.90725938577549
32,Llama-3.1-8B [Pretrained (PT)],111.50254294641981
32,Llama-3.1-8B-Instruct [Instruct/chat],112.58209724904806
32,Llama-3.2-1B [Pretrained (PT)],82.81300580810756
32,Llama-3.2-1B-Instruct [Instruct/chat],108.55557353527001
32,Llama-3.2-3B [Pretrained (PT)],101.60031486624928
32,Llama-3.2-3B-Instruct [Instruct/chat],116.92833004264858
32,Meta-Llama-3-8B [Pretrained (PT)],102.4512997480513
32,Meta-Llama-3-8B-Instruct [Instruct/chat],111.90745116701838
32,OLMo-1B-hf [Pretrained (PT)],87.44385025723417
32,OLMo-2-1124-7B-Instruct [Instruct/chat],113.24670857769226
32,OLMo-7B-Instruct-hf [Instruct/chat],93.35771111942964
32,OLMo-7B-hf [Pretrained (PT)],93.99289047410736
32,OLMoE-1B-7B-0125-Instruct [Instruct/chat],112.3498322870133
32,OLMoE-1B-7B-0924 [Pretrained (PT)],91.04121420540625
32,OLMoE-1B-7B-0924-Instruct [Instruct/chat],103.01097145037527
32,Phi-3-medium-128k-instruct [Instruct/chat],122.32007403130187
32,Phi-3-medium-4k-instruct [Instruct/chat],119.82130217605962
32,Phi-3-mini-128k-instruct [Instruct/chat],116.83020148128394
32,Phi-3-mini-4k-instruct [Instruct/chat],116.91238059680492
32,Phi-3-small-128k-instruct [Instruct/chat],118.99780379721768
32,Phi-3-small-8k-instruct [Instruct/chat],120.70593704107777
32,Phi-3.5-mini-instruct [Instruct/chat],117.04679346389656
32,Phi-4-mini-instruct [Instruct/chat],121.4317362542014
32,Qwen-1.8B-Chat [Instruct/chat],95.49572784000215
32,Qwen-14B-Chat [Instruct/chat],106.5884463305891
32,Qwen-7B-Chat [Instruct/chat],102.91161152204796
32,Qwen1.5-0.5B-Chat [Instruct/chat],79.2296397701077
32,Qwen1.5-1.8B [Base (no official chat academic scores)],99.12499779708203
32,Qwen1.5-1.8B-Chat [Instruct/chat],89.98795608205688
32,Qwen1.5-14B [Base (no official chat academic scores)],110.76535965319988
32,Qwen1.5-14B-Chat [Instruct/chat],112.14939908275596
32,Qwen1.5-32B [Base (no official chat academic scores)],119.79764645554658
32,Qwen1.5-32B-Chat [Instruct/chat],114.02087445923475
32,Qwen1.5-4B [Base (no official chat academic scores)],104.64189751802284
32,Qwen1.5-4B-Chat [Instruct/chat],102.04548229893604
32,Qwen1.5-7B [Base (no official chat academic scores)],107.67604050779622
32,Qwen1.5-7B-Chat [Instruct/chat],97.91531343801512
32,Qwen2-0.5B-Instruct [Instruct/chat],96.37208973485208
32,Qwen2-1.5B-Instruct [Instruct/chat],105.09193395779086
32,Qwen2-7B-Instruct [Instruct/chat],117.81020476579829
32,Qwen2.5-0.5B-Instruct [Instruct/chat],104.85027771636194
32,Qwen2.5-1.5B-Instruct [Instruct/chat],111.6253082700258
32,Qwen2.5-14B-Instruct [Instruct/chat],126.98786914915482
32,Qwen2.5-32B-Instruct [Instruct/chat],130.26838795545302
32,Qwen2.5-3B-Instruct [Instruct/chat],119.87837271194944
32,Qwen2.5-7B-Instruct [Instruct/chat],122.35924378422058
32,Qwen3-0.6B [Non-thinking mode],103.84138102540405
32,Qwen3-0.6B [Thinking mode],114.41519441871722
32,Qwen3-1.7B [Non-thinking mode],118.17211172729236
32,Qwen3-1.7B [Thinking mode],125.55649692279884
32,Qwen3-14B [Non-thinking mode],129.87256835634483
32,Qwen3-14B [Thinking mode],137.6992555943683
32,Qwen3-30B-A3B [Non-thinking mode],129.49437356929062
32,Qwen3-30B-A3B [Thinking mode],138.13191373888012
32,Qwen3-30B-A3B-Instruct-2507 [Instruct (non-thinking)],136.6954588751996
32,Qwen3-30B-A3B-Thinking-2507 [Thinking],141.37038893869862
32,Qwen3-32B [Non-thinking mode],130.50996522976064
32,Qwen3-32B [Thinking mode],138.71981915031853
32,Qwen3-4B [Non-thinking mode],125.7890156441591
32,Qwen3-4B [Thinking mode],136.21884619888073
32,Qwen3-4B-Instruct-2507 [Instruct (non-thinking)],132.9653929246766
32,Qwen3-4B-Thinking-2507 [Thinking],136.9524023369655
32,Qwen3-8B [Non-thinking mode],127.02642271911941
32,Qwen3-8B [Thinking mode],135.91632448131028
32,Qwen3.5-0.8B [Non-thinking rows],109.15630876490162
32,Qwen3.5-0.8B [Thinking (default)],113.67029924288046
32,Qwen3.5-27B [Thinking (default)],146.4834894186628
32,Qwen3.5-2B [Non-thinking rows],122.34950436680774
32,Qwen3.5-2B [Thinking (default)],130.1268341859681
32,Qwen3.5-35B-A3B [Thinking (default)],144.45851762937073
32,Qwen3.5-4B [Thinking (default)],141.10203856091695
32,Qwen3.5-9B [Thinking (default)],143.56703063520513
32,Qwen3.6-27B [Thinking (default)],147.752794347016
32,Qwen3.6-35B-A3B [Thinking (default)],145.79794596886134
32,SmolLM-1.7B [Pretrained (PT)],90.10247924813731
32,SmolLM-1.7B-Instruct [Instruct/chat],86.96700530552008
32,SmolLM-135M [Pretrained (PT)],87.0718454882811
32,SmolLM-135M-Instruct [Instruct/chat],80.29009596277373
32,SmolLM-360M [Pretrained (PT)],81.28488217935612
32,SmolLM-360M-Instruct [Instruct/chat],86.20969293102874
32,SmolLM2-1.7B [Pretrained (PT)],95.18427093871841
32,SmolLM2-1.7B-Instruct [Instruct/chat],99.79191788014145
32,SmolLM2-135M [Pretrained (PT)],84.8682103461729
32,SmolLM2-135M-Instruct [Instruct/chat],80.92167772875217
32,SmolLM2-360M [Pretrained (PT)],89.68655408026287
32,SmolLM2-360M-Instruct [Instruct/chat],97.39914049459085
32,phi-1 [Pretrained (PT)],84.60029627435321
32,phi-1_5 [Pretrained (PT)],89.4760070828878
32,phi-2 [Pretrained (PT)],88.48537888430376
32,phi-4 [Pretrained (PT)],131.13795994541175
33,Gemma 1.1 2B IT [Instruction-tuned (IT)],88.30922768586561
33,Gemma 1.1 7B IT [Instruction-tuned (IT)],105.43121668820484
33,Gemma 2 27B IT [Instruction-tuned (IT)],124.15516081045409
33,Gemma 2 27B [Pretrained (PT)],116.52902914542769
33,Gemma 2 2B IT [Instruction-tuned (IT)],106.53387566669556
33,Gemma 2 2B [Pretrained (PT)],101.31615745295997
33,Gemma 2 9B IT [Instruction-tuned (IT)],120.96939949927466
33,Gemma 2 9B [Pretrained (PT)],113.29418066323281
33,Gemma 2B IT [Instruction-tuned (IT)],94.17386706790168
33,Gemma 2B [Pretrained (PT)],94.58697196759877
33,Gemma 3 12B IT [Instruction-tuned (IT)],128.04503127141408
33,Gemma 3 12B [Pretrained (PT)],114.31372068018894
33,Gemma 3 1B IT [Instruction-tuned (IT)],107.19738570433276
33,Gemma 3 1B [Pretrained (PT)],68.42696196119212
33,Gemma 3 27B IT [Instruction-tuned (IT)],130.2533624795887
33,Gemma 3 27B [Pretrained (PT)],118.45204144035878
33,Gemma 3 4B IT [Instruction-tuned (IT)],121.5925125973857
33,Gemma 3 4B [Pretrained (PT)],104.94596077953409
33,Gemma 3n E2B IT [Instruction-tuned (IT)],117.34323472329088
33,Gemma 3n E2B [Pretrained (PT)],101.03616855597937
33,Gemma 3n E4B IT [Instruction-tuned (IT)],118.99333019069131
33,Gemma 3n E4B [Pretrained (PT)],107.98704933153692
33,"Gemma 4 12B [IT, Thinking mode]",142.39034038547658
33,"Gemma 4 26B A4B [IT, Thinking mode]",143.46790971064965
33,"Gemma 4 31B [IT, Thinking mode]",145.3173609229201
33,"Gemma 4 E2B [IT, Thinking mode]",131.95499303677542
33,"Gemma 4 E4B [IT, Thinking mode]",135.70729946121602
33,Gemma 7B IT [Instruction-tuned (IT)],101.16617631029025
33,Gemma 7B [Pretrained (PT)],110.07146465168833
33,Llama-2-13b-chat-hf [Instruct/chat],102.9941708919324
33,Llama-2-13b-hf [Pretrained (PT)],105.09952473175669
33,Llama-2-7b-chat-hf [Instruct/chat],100.17069939304974
33,Llama-2-7b-hf [Pretrained (PT)],99.65270340110845
33,Llama-3.1-8B [Pretrained (PT)],113.66307519698593
33,Llama-3.1-8B-Instruct [Instruct/chat],115.44042035043108
33,Llama-3.2-1B [Pretrained (PT)],82.87847569370672
33,Llama-3.2-1B-Instruct [Instruct/chat],95.30810897185752
33,Llama-3.2-3B [Pretrained (PT)],85.2204923697977
33,Llama-3.2-3B-Instruct [Instruct/chat],116.26874016841217
33,Meta-Llama-3-8B [Pretrained (PT)],112.22745874934319
33,Meta-Llama-3-8B-Instruct [Instruct/chat],115.52216899430812
33,OLMo-1B-hf [Pretrained (PT)],88.86069361612314
33,OLMo-2-1124-7B-Instruct [Instruct/chat],121.65206567337997
33,OLMo-7B-Instruct-hf [Instruct/chat],101.5942585662287
33,OLMo-7B-hf [Pretrained (PT)],92.463992539914
33,OLMoE-1B-7B-0125-Instruct [Instruct/chat],100.07485207176651
33,OLMoE-1B-7B-0924 [Pretrained (PT)],89.87239353016143
33,OLMoE-1B-7B-0924-Instruct [Instruct/chat],107.0524955822082
33,Phi-3-medium-128k-instruct [Instruct/chat],121.01265381579422
33,Phi-3-medium-4k-instruct [Instruct/chat],120.49825976288588
33,Phi-3-mini-128k-instruct [Instruct/chat],119.15542297216895
33,Phi-3-mini-4k-instruct [Instruct/chat],117.99193755504768
33,Phi-3-small-128k-instruct [Instruct/chat],123.90620786874425
33,Phi-3-small-8k-instruct [Instruct/chat],123.00561887961938
33,Phi-3.5-mini-instruct [Instruct/chat],119.84731656039921
33,Phi-4-mini-instruct [Instruct/chat],120.05898242473847
33,Qwen-1.8B-Chat [Instruct/chat],98.88261461635874
33,Qwen-14B-Chat [Instruct/chat],108.6971567322571
33,Qwen-7B-Chat [Instruct/chat],105.6426033436629
33,Qwen1.5-0.5B-Chat [Instruct/chat],76.577176679931
33,Qwen1.5-1.8B [Base (no official chat academic scores)],101.1708098144195
33,Qwen1.5-1.8B-Chat [Instruct/chat],92.99065669400761
33,Qwen1.5-14B [Base (no official chat academic scores)],110.88007755569441
33,Qwen1.5-14B-Chat [Instruct/chat],110.15398648001236
33,Qwen1.5-32B [Base (no official chat academic scores)],111.9704665540531
33,Qwen1.5-32B-Chat [Instruct/chat],118.9235717459156
33,Qwen1.5-4B [Base (no official chat academic scores)],104.22817847704411
33,Qwen1.5-4B-Chat [Instruct/chat],98.04668648446994
33,Qwen1.5-7B [Base (no official chat academic scores)],108.27090210039472
33,Qwen1.5-7B-Chat [Instruct/chat],108.80413575173492
33,Qwen2-0.5B-Instruct [Instruct/chat],95.71023020357254
33,Qwen2-1.5B-Instruct [Instruct/chat],106.52482071801612
33,Qwen2-7B-Instruct [Instruct/chat],119.23988581272407
33,Qwen2.5-0.5B-Instruct [Instruct/chat],104.86924033578921
33,Qwen2.5-1.5B-Instruct [Instruct/chat],115.28638630511843
33,Qwen2.5-14B-Instruct [Instruct/chat],128.2677970752175
33,Qwen2.5-32B-Instruct [Instruct/chat],130.6555846419554
33,Qwen2.5-3B-Instruct [Instruct/chat],119.07496239959895
33,Qwen2.5-7B-Instruct [Instruct/chat],122.93461037953374
33,Qwen3-0.6B [Non-thinking mode],111.51202903705705
33,Qwen3-0.6B [Thinking mode],115.98443093077073
33,Qwen3-1.7B [Non-thinking mode],114.9392132088955
33,Qwen3-1.7B [Thinking mode],126.41689897675668
33,Qwen3-14B [Non-thinking mode],128.15284775459835
33,Qwen3-14B [Thinking mode],138.63158871064152
33,Qwen3-30B-A3B [Non-thinking mode],128.3368010107785
33,Qwen3-30B-A3B [Thinking mode],138.30945933880804
33,Qwen3-30B-A3B-Instruct-2507 [Instruct (non-thinking)],135.83192144049548
33,Qwen3-30B-A3B-Thinking-2507 [Thinking],140.48008019994649
33,Qwen3-32B [Non-thinking mode],130.82465207617892
33,Qwen3-32B [Thinking mode],138.8084643343861
33,Qwen3-4B [Non-thinking mode],125.87459992090926
33,Qwen3-4B [Thinking mode],134.58212685220482
33,Qwen3-4B-Instruct-2507 [Instruct (non-thinking)],132.48818533293488
33,Qwen3-4B-Thinking-2507 [Thinking],137.54848072927504
33,Qwen3-8B [Non-thinking mode],127.93928478790448
33,Qwen3-8B [Thinking mode],137.94708441508266
33,Qwen3.5-0.8B [Non-thinking rows],102.2382922650308
33,Qwen3.5-0.8B [Thinking (default)],112.83029536469039
33,Qwen3.5-27B [Thinking (default)],147.10550208846968
33,Qwen3.5-2B [Non-thinking rows],121.32937377963617
33,Qwen3.5-2B [Thinking (default)],130.6512198303881
33,Qwen3.5-35B-A3B [Thinking (default)],144.26989558427695
33,Qwen3.5-4B [Thinking (default)],140.355431435394
33,Qwen3.5-9B [Thinking (default)],144.57936410934812
33,Qwen3.6-27B [Thinking (default)],145.96751136186123
33,Qwen3.6-35B-A3B [Thinking (default)],143.68846615046152
33,SmolLM-1.7B [Pretrained (PT)],83.98583272493748
33,SmolLM-1.7B-Instruct [Instruct/chat],86.47074322062798
33,SmolLM-135M [Pretrained (PT)],88.64188026647727
33,SmolLM-135M-Instruct [Instruct/chat],77.64997707434037
33,SmolLM-360M [Pretrained (PT)],80.01517548656642
33,SmolLM-360M-Instruct [Instruct/chat],75.27117014380866
33,SmolLM2-1.7B [Pretrained (PT)],99.87614323837687
33,SmolLM2-1.7B-Instruct [Instruct/chat],109.75729896963782
33,SmolLM2-135M [Pretrained (PT)],80.05481422614841
33,SmolLM2-135M-Instruct [Instruct/chat],95.30869854732913
33,SmolLM2-360M [Pretrained (PT)],88.29348495304558
33,SmolLM2-360M-Instruct [Instruct/chat],81.65324592212322
33,phi-1 [Pretrained (PT)],87.03220255416952
33,phi-1_5 [Pretrained (PT)],85.04894764216807
33,phi-2 [Pretrained (PT)],98.40771976603065
33,phi-4 [Pretrained (PT)],128.9756472637258
34,Gemma 1.1 2B IT [Instruction-tuned (IT)],86.92899423471049
34,Gemma 1.1 7B IT [Instruction-tuned (IT)],104.83955979531821
34,Gemma 2 27B IT [Instruction-tuned (IT)],123.78235356038478
34,Gemma 2 27B [Pretrained (PT)],115.21700281264776
34,Gemma 2 2B IT [Instruction-tuned (IT)],104.20366620875888
34,Gemma 2 2B [Pretrained (PT)],101.03481305273955
34,Gemma 2 9B IT [Instruction-tuned (IT)],119.04843774082572
34,Gemma 2 9B [Pretrained (PT)],112.77390158854178
34,Gemma 2B IT [Instruction-tuned (IT)],94.35770858420244
34,Gemma 2B [Pretrained (PT)],94.58325071194417
34,Gemma 3 12B IT [Instruction-tuned (IT)],129.1608312681491
34,Gemma 3 12B [Pretrained (PT)],113.36779687616226
34,Gemma 3 1B IT [Instruction-tuned (IT)],107.17313801011596
34,Gemma 3 1B [Pretrained (PT)],83.0875694273164
34,Gemma 3 27B IT [Instruction-tuned (IT)],131.45663803306022
34,Gemma 3 27B [Pretrained (PT)],121.3376899099806
34,Gemma 3 4B IT [Instruction-tuned (IT)],121.29918890158959
34,Gemma 3 4B [Pretrained (PT)],103.89887098465553
34,Gemma 3n E2B IT [Instruction-tuned (IT)],118.03409799106267
34,Gemma 3n E2B [Pretrained (PT)],99.72115121490017
34,Gemma 3n E4B IT [Instruction-tuned (IT)],115.37880360544874
34,Gemma 3n E4B [Pretrained (PT)],107.41875539805142
34,"Gemma 4 12B [IT, Thinking mode]",144.06314204462868
34,"Gemma 4 26B A4B [IT, Thinking mode]",145.95847043759395
34,"Gemma 4 31B [IT, Thinking mode]",146.97163324146746
34,"Gemma 4 E2B [IT, Thinking mode]",132.31978135338417
34,"Gemma 4 E4B [IT, Thinking mode]",136.1036257078595
34,Gemma 7B IT [Instruction-tuned (IT)],100.06288505118276
34,Gemma 7B [Pretrained (PT)],108.4994499609939
34,Llama-2-13b-chat-hf [Instruct/chat],102.40969401509521
34,Llama-2-13b-hf [Pretrained (PT)],105.1777148152818
34,Llama-2-7b-chat-hf [Instruct/chat],105.47212692941163
34,Llama-2-7b-hf [Pretrained (PT)],98.10095765147669
34,Llama-3.1-8B [Pretrained (PT)],113.0589123167682
34,Llama-3.1-8B-Instruct [Instruct/chat],113.58220393789645
34,Llama-3.2-1B [Pretrained (PT)],86.28151559894133
34,Llama-3.2-1B-Instruct [Instruct/chat],113.90259425221463
34,Llama-3.2-3B [Pretrained (PT)],89.97184316363551
34,Llama-3.2-3B-Instruct [Instruct/chat],121.99303339819069
34,Meta-Llama-3-8B [Pretrained (PT)],96.20807852141898
34,Meta-Llama-3-8B-Instruct [Instruct/chat],116.79295149551886
34,OLMo-1B-hf [Pretrained (PT)],94.69621703744218
34,OLMo-2-1124-7B-Instruct [Instruct/chat],118.26984594617329
34,OLMo-7B-Instruct-hf [Instruct/chat],103.9124416888331
34,OLMo-7B-hf [Pretrained (PT)],85.68227818790768
34,OLMoE-1B-7B-0125-Instruct [Instruct/chat],113.88715272945663
34,OLMoE-1B-7B-0924 [Pretrained (PT)],94.17839955596003
34,OLMoE-1B-7B-0924-Instruct [Instruct/chat],105.6444854249552
34,Phi-3-medium-128k-instruct [Instruct/chat],123.03602533441125
34,Phi-3-medium-4k-instruct [Instruct/chat],121.54892557365537
34,Phi-3-mini-128k-instruct [Instruct/chat],118.43930435262618
34,Phi-3-mini-4k-instruct [Instruct/chat],118.10651904713941
34,Phi-3-small-128k-instruct [Instruct/chat],121.24985130022212
34,Phi-3-small-8k-instruct [Instruct/chat],121.39330258644466
34,Phi-3.5-mini-instruct [Instruct/chat],119.56375296767403
34,Phi-4-mini-instruct [Instruct/chat],118.99706871337062
34,Qwen-1.8B-Chat [Instruct/chat],97.80710652248241
34,Qwen-14B-Chat [Instruct/chat],109.7255043730729
34,Qwen-7B-Chat [Instruct/chat],103.99113830310448
34,Qwen1.5-0.5B-Chat [Instruct/chat],83.39063752224618
34,Qwen1.5-1.8B [Base (no official chat academic scores)],100.74180006160971
34,Qwen1.5-1.8B-Chat [Instruct/chat],91.0535511124718
34,Qwen1.5-14B [Base (no official chat academic scores)],111.75137336926092
34,Qwen1.5-14B-Chat [Instruct/chat],108.03461493251989
34,Qwen1.5-32B [Base (no official chat academic scores)],114.26431037246975
34,Qwen1.5-32B-Chat [Instruct/chat],119.07952345131135
34,Qwen1.5-4B [Base (no official chat academic scores)],102.43933464382751
34,Qwen1.5-4B-Chat [Instruct/chat],100.68716169490774
34,Qwen1.5-7B [Base (no official chat academic scores)],106.71037034894087
34,Qwen1.5-7B-Chat [Instruct/chat],108.06096245067573
34,Qwen2-0.5B-Instruct [Instruct/chat],97.96431761582198
34,Qwen2-1.5B-Instruct [Instruct/chat],105.6738246790035
34,Qwen2-7B-Instruct [Instruct/chat],117.05211663540527
34,Qwen2.5-0.5B-Instruct [Instruct/chat],103.13090229709937
34,Qwen2.5-1.5B-Instruct [Instruct/chat],114.18220246800142
34,Qwen2.5-14B-Instruct [Instruct/chat],128.56721853883136
34,Qwen2.5-32B-Instruct [Instruct/chat],131.55892154164715
34,Qwen2.5-3B-Instruct [Instruct/chat],121.54348678129057
34,Qwen2.5-7B-Instruct [Instruct/chat],126.24314041849986
34,Qwen3-0.6B [Non-thinking mode],99.86396380930141
34,Qwen3-0.6B [Thinking mode],115.38723410367643
34,Qwen3-1.7B [Non-thinking mode],119.97907540000273
34,Qwen3-1.7B [Thinking mode],129.19124547848688
34,Qwen3-14B [Non-thinking mode],129.27302917253448
34,Qwen3-14B [Thinking mode],138.13629475655358
34,Qwen3-30B-A3B [Non-thinking mode],129.32381119510785
34,Qwen3-30B-A3B [Thinking mode],138.030045331586
34,Qwen3-30B-A3B-Instruct-2507 [Instruct (non-thinking)],136.52432134792178
34,Qwen3-30B-A3B-Thinking-2507 [Thinking],141.46975433558364
34,Qwen3-32B [Non-thinking mode],129.12779445618665
34,Qwen3-32B [Thinking mode],138.92089771789662
34,Qwen3-4B [Non-thinking mode],126.6334100125529
34,Qwen3-4B [Thinking mode],135.07520231136635
34,Qwen3-4B-Instruct-2507 [Instruct (non-thinking)],134.01719415021086
34,Qwen3-4B-Thinking-2507 [Thinking],138.37483714287185
34,Qwen3-8B [Non-thinking mode],128.59152156033076
34,Qwen3-8B [Thinking mode],136.51326352095919
34,Qwen3.5-0.8B [Non-thinking rows],108.69066992191333
34,Qwen3.5-0.8B [Thinking (default)],113.96446235653484
34,Qwen3.5-27B [Thinking (default)],147.42572819786554
34,Qwen3.5-2B [Non-thinking rows],122.35371042350585
34,Qwen3.5-2B [Thinking (default)],130.7468394390056
34,Qwen3.5-35B-A3B [Thinking (default)],145.13041969300818
34,Qwen3.5-4B [Thinking (default)],141.03386382575883
34,Qwen3.5-9B [Thinking (default)],143.52698177970078
34,Qwen3.6-27B [Thinking (default)],149.50360833683135
34,Qwen3.6-35B-A3B [Thinking (default)],145.30166120439912
34,SmolLM-1.7B [Pretrained (PT)],92.21064729621264
34,SmolLM-1.7B-Instruct [Instruct/chat],94.23974975019837
34,SmolLM-135M [Pretrained (PT)],83.38279719917762
34,SmolLM-135M-Instruct [Instruct/chat],74.55742500450151
34,SmolLM-360M [Pretrained (PT)],89.08446389071528
34,SmolLM-360M-Instruct [Instruct/chat],82.58437403695007
34,SmolLM2-1.7B [Pretrained (PT)],96.75176379261302
34,SmolLM2-1.7B-Instruct [Instruct/chat],98.09232935161293
34,SmolLM2-135M [Pretrained (PT)],91.19848578750236
34,SmolLM2-135M-Instruct [Instruct/chat],95.9262512713707
34,SmolLM2-360M [Pretrained (PT)],93.10389707728444
34,SmolLM2-360M-Instruct [Instruct/chat],88.75187244574164
34,phi-1 [Pretrained (PT)],80.13219471538093
34,phi-1_5 [Pretrained (PT)],97.01751980677753
34,phi-2 [Pretrained (PT)],92.40211971282775
34,phi-4 [Pretrained (PT)],127.5780379270858
35,Gemma 1.1 2B IT [Instruction-tuned (IT)],83.98310009306071
35,Gemma 1.1 7B IT [Instruction-tuned (IT)],106.91535319132646
35,Gemma 2 27B IT [Instruction-tuned (IT)],123.18849769207644
35,Gemma 2 27B [Pretrained (PT)],115.9424415774151
35,Gemma 2 2B IT [Instruction-tuned (IT)],113.38178355893582
35,Gemma 2 2B [Pretrained (PT)],100.24178338748018
35,Gemma 2 9B IT [Instruction-tuned (IT)],119.4952611879559
35,Gemma 2 9B [Pretrained (PT)],112.27911807904557
35,Gemma 2B IT [Instruction-tuned (IT)],89.92051240276751
35,Gemma 2B [Pretrained (PT)],93.63101150265302
35,Gemma 3 12B IT [Instruction-tuned (IT)],127.50725097349869
35,Gemma 3 12B [Pretrained (PT)],115.16452593860339
35,Gemma 3 1B IT [Instruction-tuned (IT)],106.21136266565621
35,Gemma 3 1B [Pretrained (PT)],85.63011006728107
35,Gemma 3 27B IT [Instruction-tuned (IT)],129.93632258212546
35,Gemma 3 27B [Pretrained (PT)],117.01724058180733
35,Gemma 3 4B IT [Instruction-tuned (IT)],121.8711903356095
35,Gemma 3 4B [Pretrained (PT)],104.72288605241582
35,Gemma 3n E2B IT [Instruction-tuned (IT)],109.90872858377745
35,Gemma 3n E2B [Pretrained (PT)],99.8250519820705
35,Gemma 3n E4B IT [Instruction-tuned (IT)],115.87397213542533
35,Gemma 3n E4B [Pretrained (PT)],106.96718828730343
35,"Gemma 4 12B [IT, Thinking mode]",141.80177522456808
35,"Gemma 4 26B A4B [IT, Thinking mode]",144.60454431332818
35,"Gemma 4 31B [IT, Thinking mode]",148.19383926648644
35,"Gemma 4 E2B [IT, Thinking mode]",128.16270709041413
35,"Gemma 4 E4B [IT, Thinking mode]",134.57573654490506
35,Gemma 7B IT [Instruction-tuned (IT)],101.47749833149166
35,Gemma 7B [Pretrained (PT)],108.32959138351362
35,Llama-2-13b-chat-hf [Instruct/chat],89.23297523953075
35,Llama-2-13b-hf [Pretrained (PT)],103.76778831846546
35,Llama-2-7b-chat-hf [Instruct/chat],103.4716188367701
35,Llama-2-7b-hf [Pretrained (PT)],96.92406564116598
35,Llama-3.1-8B [Pretrained (PT)],89.21060214940793
35,Llama-3.1-8B-Instruct [Instruct/chat],116.90372358826168
35,Llama-3.2-1B [Pretrained (PT)],86.03776290279154
35,Llama-3.2-1B-Instruct [Instruct/chat],96.17855717917709
35,Llama-3.2-3B [Pretrained (PT)],92.77486891169953
35,Llama-3.2-3B-Instruct [Instruct/chat],115.15718847735434
35,Meta-Llama-3-8B [Pretrained (PT)],96.45309171047259
35,Meta-Llama-3-8B-Instruct [Instruct/chat],115.38843006942724
35,OLMo-1B-hf [Pretrained (PT)],90.10281416950524
35,OLMo-2-1124-7B-Instruct [Instruct/chat],115.37037772299708
35,OLMo-7B-Instruct-hf [Instruct/chat],99.23947138705775
35,OLMo-7B-hf [Pretrained (PT)],77.08419960521212
35,OLMoE-1B-7B-0125-Instruct [Instruct/chat],114.15286079413988
35,OLMoE-1B-7B-0924 [Pretrained (PT)],93.19825597417295
35,OLMoE-1B-7B-0924-Instruct [Instruct/chat],106.5105107781537
35,Phi-3-medium-128k-instruct [Instruct/chat],123.7083034178478
35,Phi-3-medium-4k-instruct [Instruct/chat],119.69481277011421
35,Phi-3-mini-128k-instruct [Instruct/chat],117.69215296340356
35,Phi-3-mini-4k-instruct [Instruct/chat],119.09703732765223
35,Phi-3-small-128k-instruct [Instruct/chat],124.40098859648006
35,Phi-3-small-8k-instruct [Instruct/chat],120.90383612761798
35,Phi-3.5-mini-instruct [Instruct/chat],118.73456187940945
35,Phi-4-mini-instruct [Instruct/chat],120.61709412233749
35,Qwen-1.8B-Chat [Instruct/chat],96.59796649295215
35,Qwen-14B-Chat [Instruct/chat],108.03981468295726
35,Qwen-7B-Chat [Instruct/chat],100.96750143426453
35,Qwen1.5-0.5B-Chat [Instruct/chat],84.43931544118388
35,Qwen1.5-1.8B [Base (no official chat academic scores)],98.46604983461042
35,Qwen1.5-1.8B-Chat [Instruct/chat],90.44636982831315
35,Qwen1.5-14B [Base (no official chat academic scores)],109.90720168306011
35,Qwen1.5-14B-Chat [Instruct/chat],104.91246300326972
35,Qwen1.5-32B [Base (no official chat academic scores)],113.75504801624596
35,Qwen1.5-32B-Chat [Instruct/chat],119.17392723948313
35,Qwen1.5-4B [Base (no official chat academic scores)],101.43037889366423
35,Qwen1.5-4B-Chat [Instruct/chat],100.96255832929485
35,Qwen1.5-7B [Base (no official chat academic scores)],108.48160184156349
35,Qwen1.5-7B-Chat [Instruct/chat],104.73331681117754
35,Qwen2-0.5B-Instruct [Instruct/chat],99.00521306945384
35,Qwen2-1.5B-Instruct [Instruct/chat],108.37691203990747
35,Qwen2-7B-Instruct [Instruct/chat],117.93038633006792
35,Qwen2.5-0.5B-Instruct [Instruct/chat],106.13716837430412
35,Qwen2.5-1.5B-Instruct [Instruct/chat],112.11500664258061
35,Qwen2.5-14B-Instruct [Instruct/chat],128.00172918463085
35,Qwen2.5-32B-Instruct [Instruct/chat],130.50275851546544
35,Qwen2.5-3B-Instruct [Instruct/chat],117.9666195274855
35,Qwen2.5-7B-Instruct [Instruct/chat],125.46525388749328
35,Qwen3-0.6B [Non-thinking mode],111.8068550998247
35,Qwen3-0.6B [Thinking mode],116.16024634472278
35,Qwen3-1.7B [Non-thinking mode],119.21113319046634
35,Qwen3-1.7B [Thinking mode],125.42628544256426
35,Qwen3-14B [Non-thinking mode],128.39422931920572
35,Qwen3-14B [Thinking mode],137.5787935307358
35,Qwen3-30B-A3B [Non-thinking mode],128.42623753768393
35,Qwen3-30B-A3B [Thinking mode],138.05027813645546
35,Qwen3-30B-A3B-Instruct-2507 [Instruct (non-thinking)],136.02255272978812
35,Qwen3-30B-A3B-Thinking-2507 [Thinking],140.96394880082275
35,Qwen3-32B [Non-thinking mode],131.85054945964828
35,Qwen3-32B [Thinking mode],139.14709467017082
35,Qwen3-4B [Non-thinking mode],127.44472558962765
35,Qwen3-4B [Thinking mode],134.35696182916502
35,Qwen3-4B-Instruct-2507 [Instruct (non-thinking)],131.7045057191345
35,Qwen3-4B-Thinking-2507 [Thinking],135.5107863626452
35,Qwen3-8B [Non-thinking mode],129.16570580691993
35,Qwen3-8B [Thinking mode],136.26918361114187
35,Qwen3.5-0.8B [Non-thinking rows],104.72883615326865
35,Qwen3.5-0.8B [Thinking (default)],114.17899777336214
35,Qwen3.5-27B [Thinking (default)],147.05707581752503
35,Qwen3.5-2B [Non-thinking rows],120.74224064380289
35,Qwen3.5-2B [Thinking (default)],130.16330582273665
35,Qwen3.5-35B-A3B [Thinking (default)],144.4257645205606
35,Qwen3.5-4B [Thinking (default)],140.95167567251534
35,Qwen3.5-9B [Thinking (default)],143.43252689310265
35,Qwen3.6-27B [Thinking (default)],150.160462430464
35,Qwen3.6-35B-A3B [Thinking (default)],144.52542122666102
35,SmolLM-1.7B [Pretrained (PT)],92.88460727542397
35,SmolLM-1.7B-Instruct [Instruct/chat],92.10267545693674
35,SmolLM-135M [Pretrained (PT)],83.74996514443839
35,SmolLM-135M-Instruct [Instruct/chat],82.45249609248661
35,SmolLM-360M [Pretrained (PT)],90.31507285418334
35,SmolLM-360M-Instruct [Instruct/chat],86.68300410431284
35,SmolLM2-1.7B [Pretrained (PT)],95.50225253712159
35,SmolLM2-1.7B-Instruct [Instruct/chat],105.03717720591006
35,SmolLM2-135M [Pretrained (PT)],90.0084270978677
35,SmolLM2-135M-Instruct [Instruct/chat],81.09727920420434
35,SmolLM2-360M [Pretrained (PT)],92.33587090217941
35,SmolLM2-360M-Instruct [Instruct/chat],80.90444190806056
35,phi-1 [Pretrained (PT)],83.46667085356509
35,phi-1_5 [Pretrained (PT)],91.76004701383863
35,phi-2 [Pretrained (PT)],105.0915453893845
35,phi-4 [Pretrained (PT)],121.12325892645048
36,Gemma 1.1 2B IT [Instruction-tuned (IT)],90.77779232459983
36,Gemma 1.1 7B IT [Instruction-tuned (IT)],106.24308099010406
36,Gemma 2 27B IT [Instruction-tuned (IT)],123.12929281854713
36,Gemma 2 27B [Pretrained (PT)],117.01763497609073
36,Gemma 2 2B IT [Instruction-tuned (IT)],104.97529358725063
36,Gemma 2 2B [Pretrained (PT)],101.3437107612993
36,Gemma 2 9B IT [Instruction-tuned (IT)],119.43135387913107
36,Gemma 2 9B [Pretrained (PT)],110.78028941568793
36,Gemma 2B IT [Instruction-tuned (IT)],91.20918122484414
36,Gemma 2B [Pretrained (PT)],95.89636513790231
36,Gemma 3 12B IT [Instruction-tuned (IT)],127.07608783605276
36,Gemma 3 12B [Pretrained (PT)],114.56488627118043
36,Gemma 3 1B IT [Instruction-tuned (IT)],106.79411580427983
36,Gemma 3 1B [Pretrained (PT)],83.24676329565993
36,Gemma 3 27B IT [Instruction-tuned (IT)],128.53124879118437
36,Gemma 3 27B [Pretrained (PT)],116.49815856995613
36,Gemma 3 4B IT [Instruction-tuned (IT)],121.79102504792682
36,Gemma 3 4B [Pretrained (PT)],104.60685409843065
36,Gemma 3n E2B IT [Instruction-tuned (IT)],111.39050497194845
36,Gemma 3n E2B [Pretrained (PT)],101.36623508843184
36,Gemma 3n E4B IT [Instruction-tuned (IT)],121.45982223467384
36,Gemma 3n E4B [Pretrained (PT)],107.65964250436467
36,"Gemma 4 12B [IT, Thinking mode]",140.59246709232576
36,"Gemma 4 26B A4B [IT, Thinking mode]",142.40866398582156
36,"Gemma 4 31B [IT, Thinking mode]",143.66619203625243
36,"Gemma 4 E2B [IT, Thinking mode]",130.2422395438552
36,"Gemma 4 E4B [IT, Thinking mode]",133.63689521964366
36,Gemma 7B IT [Instruction-tuned (IT)],104.37941948181948
36,Gemma 7B [Pretrained (PT)],109.11231245674847
36,Llama-2-13b-chat-hf [Instruct/chat],100.24544864006276
36,Llama-2-13b-hf [Pretrained (PT)],104.66088450594462
36,Llama-2-7b-chat-hf [Instruct/chat],107.87039747789183
36,Llama-2-7b-hf [Pretrained (PT)],99.28372274068144
36,Llama-3.1-8B [Pretrained (PT)],102.35743115125891
36,Llama-3.1-8B-Instruct [Instruct/chat],109.90669660077708
36,Llama-3.2-1B [Pretrained (PT)],92.83169259891307
36,Llama-3.2-1B-Instruct [Instruct/chat],112.19948190274474
36,Llama-3.2-3B [Pretrained (PT)],99.44341046791078
36,Llama-3.2-3B-Instruct [Instruct/chat],108.76403606640866
36,Meta-Llama-3-8B [Pretrained (PT)],102.36115222622729
36,Meta-Llama-3-8B-Instruct [Instruct/chat],117.28622304387451
36,OLMo-1B-hf [Pretrained (PT)],96.43971092385675
36,OLMo-2-1124-7B-Instruct [Instruct/chat],114.10603539005808
36,OLMo-7B-Instruct-hf [Instruct/chat],106.60647206726603
36,OLMo-7B-hf [Pretrained (PT)],101.79465044990107
36,OLMoE-1B-7B-0125-Instruct [Instruct/chat],105.0398686522673
36,OLMoE-1B-7B-0924 [Pretrained (PT)],98.33754733325814
36,OLMoE-1B-7B-0924-Instruct [Instruct/chat],107.9105958936853
36,Phi-3-medium-128k-instruct [Instruct/chat],120.04595179075734
36,Phi-3-medium-4k-instruct [Instruct/chat],120.17276636786036
36,Phi-3-mini-128k-instruct [Instruct/chat],117.24052021123131
36,Phi-3-mini-4k-instruct [Instruct/chat],115.23156401719216
36,Phi-3-small-128k-instruct [Instruct/chat],118.90923668656657
36,Phi-3-small-8k-instruct [Instruct/chat],118.46628279053064
36,Phi-3.5-mini-instruct [Instruct/chat],117.8449775675407
36,Phi-4-mini-instruct [Instruct/chat],117.57059491967927
36,Qwen-1.8B-Chat [Instruct/chat],100.44730652524979
36,Qwen-14B-Chat [Instruct/chat],108.40124000056441
36,Qwen-7B-Chat [Instruct/chat],106.19350954914869
36,Qwen1.5-0.5B-Chat [Instruct/chat],67.44130723069242
36,Qwen1.5-1.8B [Base (no official chat academic scores)],102.26661277062286
36,Qwen1.5-1.8B-Chat [Instruct/chat],93.82386550139586
36,Qwen1.5-14B [Base (no official chat academic scores)],112.70449440009972
36,Qwen1.5-14B-Chat [Instruct/chat],106.57200295578211
36,Qwen1.5-32B [Base (no official chat academic scores)],111.49139706295742
36,Qwen1.5-32B-Chat [Instruct/chat],118.22991621396903
36,Qwen1.5-4B [Base (no official chat academic scores)],104.6192118412279
36,Qwen1.5-4B-Chat [Instruct/chat],101.92245331715775
36,Qwen1.5-7B [Base (no official chat academic scores)],108.29666460100461
36,Qwen1.5-7B-Chat [Instruct/chat],100.58305490819853
36,Qwen2-0.5B-Instruct [Instruct/chat],102.12305808048201
36,Qwen2-1.5B-Instruct [Instruct/chat],108.04562113294739
36,Qwen2-7B-Instruct [Instruct/chat],118.0971931917426
36,Qwen2.5-0.5B-Instruct [Instruct/chat],107.28903155000759
36,Qwen2.5-1.5B-Instruct [Instruct/chat],113.59670458235293
36,Qwen2.5-14B-Instruct [Instruct/chat],126.96694021566014
36,Qwen2.5-32B-Instruct [Instruct/chat],128.86338721339865
36,Qwen2.5-3B-Instruct [Instruct/chat],119.73915019924686
36,Qwen2.5-7B-Instruct [Instruct/chat],124.96552287668365
36,Qwen3-0.6B [Non-thinking mode],107.68949551650044
36,Qwen3-0.6B [Thinking mode],112.586677239065
36,Qwen3-1.7B [Non-thinking mode],118.24086627323959
36,Qwen3-1.7B [Thinking mode],122.97169912782097
36,Qwen3-14B [Non-thinking mode],129.67763293971555
36,Qwen3-14B [Thinking mode],137.58342597057793
36,Qwen3-30B-A3B [Non-thinking mode],129.06601278171166
36,Qwen3-30B-A3B [Thinking mode],137.97000582318807
36,Qwen3-30B-A3B-Instruct-2507 [Instruct (non-thinking)],135.44477941955694
36,Qwen3-30B-A3B-Thinking-2507 [Thinking],142.3804252653048
36,Qwen3-32B [Non-thinking mode],130.03876418897386
36,Qwen3-32B [Thinking mode],138.32988186896054
36,Qwen3-4B [Non-thinking mode],125.34918583528197
36,Qwen3-4B [Thinking mode],135.78115019358026
36,Qwen3-4B-Instruct-2507 [Instruct (non-thinking)],131.55496419963478
36,Qwen3-4B-Thinking-2507 [Thinking],138.23139949014586
36,Qwen3-8B [Non-thinking mode],127.84243873034666
36,Qwen3-8B [Thinking mode],136.6632416649182
36,Qwen3.5-0.8B [Non-thinking rows],105.17564264943877
36,Qwen3.5-0.8B [Thinking (default)],104.57022401166766
36,Qwen3.5-27B [Thinking (default)],148.27796286782947
36,Qwen3.5-2B [Non-thinking rows],123.40828094030843
36,Qwen3.5-2B [Thinking (default)],127.91129166397829
36,Qwen3.5-35B-A3B [Thinking (default)],145.38100037650582
36,Qwen3.5-4B [Thinking (default)],141.66417565011537
36,Qwen3.5-9B [Thinking (default)],144.36465767361736
36,Qwen3.6-27B [Thinking (default)],149.99062754611776
36,Qwen3.6-35B-A3B [Thinking (default)],149.16913047420863
36,SmolLM-1.7B [Pretrained (PT)],98.76852819454623
36,SmolLM-1.7B-Instruct [Instruct/chat],79.5952233948397
36,SmolLM-135M [Pretrained (PT)],95.8546224632872
36,SmolLM-135M-Instruct [Instruct/chat],82.03757884682614
36,SmolLM-360M [Pretrained (PT)],97.30608070360384
36,SmolLM-360M-Instruct [Instruct/chat],94.17726799421507
36,SmolLM2-1.7B [Pretrained (PT)],99.95263048081006
36,SmolLM2-1.7B-Instruct [Instruct/chat],100.1106564065895
36,SmolLM2-135M [Pretrained (PT)],97.88713903291284
36,SmolLM2-135M-Instruct [Instruct/chat],82.50167220002886
36,SmolLM2-360M [Pretrained (PT)],93.8459020843356
36,SmolLM2-360M-Instruct [Instruct/chat],104.75583195768677
36,phi-1 [Pretrained (PT)],99.37956191197098
36,phi-1_5 [Pretrained (PT)],69.27054645905048
36,phi-2 [Pretrained (PT)],109.76579804987026
36,phi-4 [Pretrained (PT)],103.37817685114538
37,Gemma 1.1 2B IT [Instruction-tuned (IT)],97.15524557010494
37,Gemma 1.1 7B IT [Instruction-tuned (IT)],109.17242286621033
37,Gemma 2 27B IT [Instruction-tuned (IT)],123.72354381086693
37,Gemma 2 27B [Pretrained (PT)],115.02994169131163
37,Gemma 2 2B IT [Instruction-tuned (IT)],112.03743256532417
37,Gemma 2 2B [Pretrained (PT)],98.3261816572641
37,Gemma 2 9B IT [Instruction-tuned (IT)],120.39455599436603
37,Gemma 2 9B [Pretrained (PT)],110.43634415013358
37,Gemma 2B IT [Instruction-tuned (IT)],89.00698662476877
37,Gemma 2B [Pretrained (PT)],94.05712130762574
37,Gemma 3 12B IT [Instruction-tuned (IT)],127.18707056074196
37,Gemma 3 12B [Pretrained (PT)],118.97361794178049
37,Gemma 3 1B IT [Instruction-tuned (IT)],101.39811442832067
37,Gemma 3 1B [Pretrained (PT)],86.97729647670239
37,Gemma 3 27B IT [Instruction-tuned (IT)],129.28031453863375
37,Gemma 3 27B [Pretrained (PT)],119.03241385641735
37,Gemma 3 4B IT [Instruction-tuned (IT)],119.21865037454945
37,Gemma 3 4B [Pretrained (PT)],103.51175419263137
37,Gemma 3n E2B IT [Instruction-tuned (IT)],112.81546326534668
37,Gemma 3n E2B [Pretrained (PT)],100.98282919528846
37,Gemma 3n E4B IT [Instruction-tuned (IT)],118.82263295621301
37,Gemma 3n E4B [Pretrained (PT)],105.11906578686077
37,"Gemma 4 12B [IT, Thinking mode]",141.06797151360564
37,"Gemma 4 26B A4B [IT, Thinking mode]",142.41678950879898
37,"Gemma 4 31B [IT, Thinking mode]",146.09808928179882
37,"Gemma 4 E2B [IT, Thinking mode]",130.50095160535145
37,"Gemma 4 E4B [IT, Thinking mode]",133.58196251735404
37,Gemma 7B IT [Instruction-tuned (IT)],101.55319782538245
37,Gemma 7B [Pretrained (PT)],108.2105053154063
37,Llama-2-13b-chat-hf [Instruct/chat],103.96016634968292
37,Llama-2-13b-hf [Pretrained (PT)],103.03115481575276
37,Llama-2-7b-chat-hf [Instruct/chat],102.25618224449929
37,Llama-2-7b-hf [Pretrained (PT)],98.73098386395483
37,Llama-3.1-8B [Pretrained (PT)],114.55214475460096
37,Llama-3.1-8B-Instruct [Instruct/chat],114.82410301541934
37,Llama-3.2-1B [Pretrained (PT)],86.03112408222718
37,Llama-3.2-1B-Instruct [Instruct/chat],95.0679845289617
37,Llama-3.2-3B [Pretrained (PT)],97.1083879413772
37,Llama-3.2-3B-Instruct [Instruct/chat],121.58841097232055
37,Meta-Llama-3-8B [Pretrained (PT)],89.69686892784964
37,Meta-Llama-3-8B-Instruct [Instruct/chat],117.3417263717386
37,OLMo-1B-hf [Pretrained (PT)],92.52647539277353
37,OLMo-2-1124-7B-Instruct [Instruct/chat],115.91893653042504
37,OLMo-7B-Instruct-hf [Instruct/chat],102.23119803322618
37,OLMo-7B-hf [Pretrained (PT)],97.56575659082874
37,OLMoE-1B-7B-0125-Instruct [Instruct/chat],117.37373263998596
37,OLMoE-1B-7B-0924 [Pretrained (PT)],94.4662412980171
37,OLMoE-1B-7B-0924-Instruct [Instruct/chat],101.55076796919892
37,Phi-3-medium-128k-instruct [Instruct/chat],123.23181041852298
37,Phi-3-medium-4k-instruct [Instruct/chat],125.9521187436757
37,Phi-3-mini-128k-instruct [Instruct/chat],118.075124046353
37,Phi-3-mini-4k-instruct [Instruct/chat],115.57694662294381
37,Phi-3-small-128k-instruct [Instruct/chat],122.59306770671513
37,Phi-3-small-8k-instruct [Instruct/chat],123.29579765656408
37,Phi-3.5-mini-instruct [Instruct/chat],119.62660231481038
37,Phi-4-mini-instruct [Instruct/chat],121.70661612709524
37,Qwen-1.8B-Chat [Instruct/chat],97.5160306546789
37,Qwen-14B-Chat [Instruct/chat],107.91651761848765
37,Qwen-7B-Chat [Instruct/chat],105.13678407996208
37,Qwen1.5-0.5B-Chat [Instruct/chat],74.6588349026485
37,Qwen1.5-1.8B [Base (no official chat academic scores)],99.78001397764845
37,Qwen1.5-1.8B-Chat [Instruct/chat],94.29801574839543
37,Qwen1.5-14B [Base (no official chat academic scores)],109.48736458723312
37,Qwen1.5-14B-Chat [Instruct/chat],115.24163715248947
37,Qwen1.5-32B [Base (no official chat academic scores)],116.95681142715364
37,Qwen1.5-32B-Chat [Instruct/chat],119.95640487407088
37,Qwen1.5-4B [Base (no official chat academic scores)],102.33576016516054
37,Qwen1.5-4B-Chat [Instruct/chat],98.02186035150388
37,Qwen1.5-7B [Base (no official chat academic scores)],105.53755934829847
37,Qwen1.5-7B-Chat [Instruct/chat],108.9134205142728
37,Qwen2-0.5B-Instruct [Instruct/chat],94.75574607675333
37,Qwen2-1.5B-Instruct [Instruct/chat],105.23975239036497
37,Qwen2-7B-Instruct [Instruct/chat],118.97679441756969
37,Qwen2.5-0.5B-Instruct [Instruct/chat],106.65368814794479
37,Qwen2.5-1.5B-Instruct [Instruct/chat],114.489848338424
37,Qwen2.5-14B-Instruct [Instruct/chat],128.98958173401672
37,Qwen2.5-32B-Instruct [Instruct/chat],131.1885740123457
37,Qwen2.5-3B-Instruct [Instruct/chat],117.43419678834633
37,Qwen2.5-7B-Instruct [Instruct/chat],121.76794985042395
37,Qwen3-0.6B [Non-thinking mode],102.59824135206074
37,Qwen3-0.6B [Thinking mode],111.15584581139838
37,Qwen3-1.7B [Non-thinking mode],118.33842260906351
37,Qwen3-1.7B [Thinking mode],126.95532668689671
37,Qwen3-14B [Non-thinking mode],128.45292242491206
37,Qwen3-14B [Thinking mode],138.05077125442435
37,Qwen3-30B-A3B [Non-thinking mode],131.32552071851933
37,Qwen3-30B-A3B [Thinking mode],137.97785378617186
37,Qwen3-30B-A3B-Instruct-2507 [Instruct (non-thinking)],136.24872586254259
37,Qwen3-30B-A3B-Thinking-2507 [Thinking],141.14490922335142
37,Qwen3-32B [Non-thinking mode],129.35547446555447
37,Qwen3-32B [Thinking mode],138.6804013032353
37,Qwen3-4B [Non-thinking mode],126.95122760194582
37,Qwen3-4B [Thinking mode],135.5426537443378
37,Qwen3-4B-Instruct-2507 [Instruct (non-thinking)],133.69132481631937
37,Qwen3-4B-Thinking-2507 [Thinking],138.94862279938116
37,Qwen3-8B [Non-thinking mode],129.22667599064235
37,Qwen3-8B [Thinking mode],136.17579236879783
37,Qwen3.5-0.8B [Non-thinking rows],109.99720883409424
37,Qwen3.5-0.8B [Thinking (default)],115.26310555631981
37,Qwen3.5-27B [Thinking (default)],147.204300992875
37,Qwen3.5-2B [Non-thinking rows],119.35931171753879
37,Qwen3.5-2B [Thinking (default)],130.57798797273384
37,Qwen3.5-35B-A3B [Thinking (default)],144.75749089677097
37,Qwen3.5-4B [Thinking (default)],141.6979502123097
37,Qwen3.5-9B [Thinking (default)],144.5511881132462
37,Qwen3.6-27B [Thinking (default)],148.88958012242983
37,Qwen3.6-35B-A3B [Thinking (default)],146.57169129179616
37,SmolLM-1.7B [Pretrained (PT)],94.38650194791882
37,SmolLM-1.7B-Instruct [Instruct/chat],91.61260852623178
37,SmolLM-135M [Pretrained (PT)],81.85971008772889
37,SmolLM-135M-Instruct [Instruct/chat],82.59757706111967
37,SmolLM-360M [Pretrained (PT)],92.35840312220385
37,SmolLM-360M-Instruct [Instruct/chat],78.63483561555148
37,SmolLM2-1.7B [Pretrained (PT)],96.07788636809771
37,SmolLM2-1.7B-Instruct [Instruct/chat],108.651665004043
37,SmolLM2-135M [Pretrained (PT)],89.2142743291806
37,SmolLM2-135M-Instruct [Instruct/chat],86.88718752273776
37,SmolLM2-360M [Pretrained (PT)],92.15369041613658
37,SmolLM2-360M-Instruct [Instruct/chat],98.65171392992048
37,phi-1 [Pretrained (PT)],79.8973083080247
37,phi-1_5 [Pretrained (PT)],87.2764105805499
37,phi-2 [Pretrained (PT)],100.56260908400587
37,phi-4 [Pretrained (PT)],129.9919411890236
38,Gemma 1.1 2B IT [Instruction-tuned (IT)],100.52721986946352
38,Gemma 1.1 7B IT [Instruction-tuned (IT)],106.14320090222412
38,Gemma 2 27B IT [Instruction-tuned (IT)],123.28426951659324
38,Gemma 2 27B [Pretrained (PT)],114.3415686813014
38,Gemma 2 2B IT [Instruction-tuned (IT)],105.87926532062176
38,Gemma 2 2B [Pretrained (PT)],97.78129299286987
38,Gemma 2 9B IT [Instruction-tuned (IT)],121.12152302920451
38,Gemma 2 9B [Pretrained (PT)],112.18971899118972
38,Gemma 2B IT [Instruction-tuned (IT)],92.25603480772173
38,Gemma 2B [Pretrained (PT)],92.88513871429419
38,Gemma 3 12B IT [Instruction-tuned (IT)],128.38025515121996
38,Gemma 3 12B [Pretrained (PT)],117.52220279339927
38,Gemma 3 1B IT [Instruction-tuned (IT)],109.69579495437189
38,Gemma 3 1B [Pretrained (PT)],73.82708322868976
38,Gemma 3 27B IT [Instruction-tuned (IT)],130.46560969488257
38,Gemma 3 27B [Pretrained (PT)],121.54663160705528
38,Gemma 3 4B IT [Instruction-tuned (IT)],121.01375821654544
38,Gemma 3 4B [Pretrained (PT)],102.93429569521713
38,Gemma 3n E2B IT [Instruction-tuned (IT)],114.91205286177575
38,Gemma 3n E2B [Pretrained (PT)],99.35851244045044
38,Gemma 3n E4B IT [Instruction-tuned (IT)],121.0691644510942
38,Gemma 3n E4B [Pretrained (PT)],105.63105664538197
38,"Gemma 4 12B [IT, Thinking mode]",142.73438077371404
38,"Gemma 4 26B A4B [IT, Thinking mode]",144.0115518017107
38,"Gemma 4 31B [IT, Thinking mode]",147.58008904736965
38,"Gemma 4 E2B [IT, Thinking mode]",129.67375477979257
38,"Gemma 4 E4B [IT, Thinking mode]",135.1604771233581
38,Gemma 7B IT [Instruction-tuned (IT)],100.33066039153877
38,Gemma 7B [Pretrained (PT)],107.6101156835035
38,Llama-2-13b-chat-hf [Instruct/chat],95.6865132560806
38,Llama-2-13b-hf [Pretrained (PT)],105.58505086055293
38,Llama-2-7b-chat-hf [Instruct/chat],87.90658894728404
38,Llama-2-7b-hf [Pretrained (PT)],97.49486404265248
38,Llama-3.1-8B [Pretrained (PT)],112.10380043336721
38,Llama-3.1-8B-Instruct [Instruct/chat],113.1152320939806
38,Llama-3.2-1B [Pretrained (PT)],85.63303598791961
38,Llama-3.2-1B-Instruct [Instruct/chat],105.1898722700943
38,Llama-3.2-3B [Pretrained (PT)],90.65522250657654
38,Llama-3.2-3B-Instruct [Instruct/chat],118.29965543189894
38,Meta-Llama-3-8B [Pretrained (PT)],101.41527895597133
38,Meta-Llama-3-8B-Instruct [Instruct/chat],115.77924175452912
38,OLMo-1B-hf [Pretrained (PT)],79.04514846973596
38,OLMo-2-1124-7B-Instruct [Instruct/chat],116.43506340911256
38,OLMo-7B-Instruct-hf [Instruct/chat],102.51221494990031
38,OLMo-7B-hf [Pretrained (PT)],86.05623522386637
38,OLMoE-1B-7B-0125-Instruct [Instruct/chat],114.45636239919347
38,OLMoE-1B-7B-0924 [Pretrained (PT)],93.97851820805766
38,OLMoE-1B-7B-0924-Instruct [Instruct/chat],108.54965779511613
38,Phi-3-medium-128k-instruct [Instruct/chat],120.62754238349324
38,Phi-3-medium-4k-instruct [Instruct/chat],125.09026137223837
38,Phi-3-mini-128k-instruct [Instruct/chat],118.67215739636734
38,Phi-3-mini-4k-instruct [Instruct/chat],117.20401770514304
38,Phi-3-small-128k-instruct [Instruct/chat],123.69511573550096
38,Phi-3-small-8k-instruct [Instruct/chat],121.55335157897208
38,Phi-3.5-mini-instruct [Instruct/chat],118.28334728170988
38,Phi-4-mini-instruct [Instruct/chat],120.70852318210527
38,Qwen-1.8B-Chat [Instruct/chat],99.07508496120795
38,Qwen-14B-Chat [Instruct/chat],109.31492528498237
38,Qwen-7B-Chat [Instruct/chat],105.5295927799593
38,Qwen1.5-0.5B-Chat [Instruct/chat],65.84265493573287
38,Qwen1.5-1.8B [Base (no official chat academic scores)],100.6834531662265
38,Qwen1.5-1.8B-Chat [Instruct/chat],93.32507978821408
38,Qwen1.5-14B [Base (no official chat academic scores)],110.82138933142625
38,Qwen1.5-14B-Chat [Instruct/chat],110.26633511013458
38,Qwen1.5-32B [Base (no official chat academic scores)],113.06895126571062
38,Qwen1.5-32B-Chat [Instruct/chat],117.06772104431292
38,Qwen1.5-4B [Base (no official chat academic scores)],102.07776588889895
38,Qwen1.5-4B-Chat [Instruct/chat],96.53652835472147
38,Qwen1.5-7B [Base (no official chat academic scores)],109.99564582206398
38,Qwen1.5-7B-Chat [Instruct/chat],102.05806689459718
38,Qwen2-0.5B-Instruct [Instruct/chat],100.87534684545483
38,Qwen2-1.5B-Instruct [Instruct/chat],106.79852925567553
38,Qwen2-7B-Instruct [Instruct/chat],117.80154643828959
38,Qwen2.5-0.5B-Instruct [Instruct/chat],102.96157250869084
38,Qwen2.5-1.5B-Instruct [Instruct/chat],113.99175677521812
38,Qwen2.5-14B-Instruct [Instruct/chat],127.12356643651054
38,Qwen2.5-32B-Instruct [Instruct/chat],129.24534655641628
38,Qwen2.5-3B-Instruct [Instruct/chat],120.16870305192194
38,Qwen2.5-7B-Instruct [Instruct/chat],123.00788071851753
38,Qwen3-0.6B [Non-thinking mode],99.3590479167573
38,Qwen3-0.6B [Thinking mode],115.13373375643297
38,Qwen3-1.7B [Non-thinking mode],116.8916371570644
38,Qwen3-1.7B [Thinking mode],126.03027179210687
38,Qwen3-14B [Non-thinking mode],129.29596486964095
38,Qwen3-14B [Thinking mode],138.72973268762036
38,Qwen3-30B-A3B [Non-thinking mode],130.17960850597737
38,Qwen3-30B-A3B [Thinking mode],138.56071347329348
38,Qwen3-30B-A3B-Instruct-2507 [Instruct (non-thinking)],135.4154861097532
38,Qwen3-30B-A3B-Thinking-2507 [Thinking],140.73683961022056
38,Qwen3-32B [Non-thinking mode],129.84556013614736
38,Qwen3-32B [Thinking mode],139.03081596198254
38,Qwen3-4B [Non-thinking mode],125.61002076845479
38,Qwen3-4B [Thinking mode],136.52166543099247
38,Qwen3-4B-Instruct-2507 [Instruct (non-thinking)],131.34854014140933
38,Qwen3-4B-Thinking-2507 [Thinking],137.7645657599806
38,Qwen3-8B [Non-thinking mode],127.07144624075046
38,Qwen3-8B [Thinking mode],137.00496385341472
38,Qwen3.5-0.8B [Non-thinking rows],110.5952672731384
38,Qwen3.5-0.8B [Thinking (default)],112.08415550234838
38,Qwen3.5-27B [Thinking (default)],145.15902094071058
38,Qwen3.5-2B [Non-thinking rows],119.1767529843005
38,Qwen3.5-2B [Thinking (default)],130.21979692678448
38,Qwen3.5-35B-A3B [Thinking (default)],145.0169130234497
38,Qwen3.5-4B [Thinking (default)],140.32726188648257
38,Qwen3.5-9B [Thinking (default)],142.20324699303507
38,Qwen3.6-27B [Thinking (default)],150.38491136137475
38,Qwen3.6-35B-A3B [Thinking (default)],143.64636695303597
38,SmolLM-1.7B [Pretrained (PT)],91.95566168657905
38,SmolLM-1.7B-Instruct [Instruct/chat],95.2168115556037
38,SmolLM-135M [Pretrained (PT)],91.3377297581363
38,SmolLM-135M-Instruct [Instruct/chat],78.32678631898847
38,SmolLM-360M [Pretrained (PT)],92.32993993899245
38,SmolLM-360M-Instruct [Instruct/chat],75.79853592867298
38,SmolLM2-1.7B [Pretrained (PT)],96.72733294893743
38,SmolLM2-1.7B-Instruct [Instruct/chat],99.3692189399722
38,SmolLM2-135M [Pretrained (PT)],87.95840009303117
38,SmolLM2-135M-Instruct [Instruct/chat],79.59415366816197
38,SmolLM2-360M [Pretrained (PT)],93.6287327202095
38,SmolLM2-360M-Instruct [Instruct/chat],86.72690302023312
38,phi-1 [Pretrained (PT)],93.4797162897815
38,phi-1_5 [Pretrained (PT)],91.01072490836816
38,phi-2 [Pretrained (PT)],111.2771978205019
38,phi-4 [Pretrained (PT)],131.98800267799226
39,Gemma 1.1 2B IT [Instruction-tuned (IT)],102.58915145131373
39,Gemma 1.1 7B IT [Instruction-tuned (IT)],107.57020757696888
39,Gemma 2 27B IT [Instruction-tuned (IT)],122.1955032751324
39,Gemma 2 27B [Pretrained (PT)],110.40250260210598
39,Gemma 2 2B IT [Instruction-tuned (IT)],101.18826736509774
39,Gemma 2 2B [Pretrained (PT)],98.5632901889835
39,Gemma 2 9B IT [Instruction-tuned (IT)],120.48211294771863
39,Gemma 2 9B [Pretrained (PT)],106.39131442608685
39,Gemma 2B IT [Instruction-tuned (IT)],89.8746453522335
39,Gemma 2B [Pretrained (PT)],94.03152842082156
39,Gemma 3 12B IT [Instruction-tuned (IT)],127.85069012704822
39,Gemma 3 12B [Pretrained (PT)],112.67668998348341
39,Gemma 3 1B IT [Instruction-tuned (IT)],102.23813960350176
39,Gemma 3 1B [Pretrained (PT)],88.16198051998356
39,Gemma 3 27B IT [Instruction-tuned (IT)],129.80811167550806
39,Gemma 3 27B [Pretrained (PT)],115.84695657699562
39,Gemma 3 4B IT [Instruction-tuned (IT)],120.6836109410108
39,Gemma 3 4B [Pretrained (PT)],103.94419624195574
39,Gemma 3n E2B IT [Instruction-tuned (IT)],111.10236795922084
39,Gemma 3n E2B [Pretrained (PT)],100.2799213162097
39,Gemma 3n E4B IT [Instruction-tuned (IT)],114.06873337820637
39,Gemma 3n E4B [Pretrained (PT)],106.27224352874994
39,"Gemma 4 12B [IT, Thinking mode]",138.2196740230623
39,"Gemma 4 26B A4B [IT, Thinking mode]",139.6740027372563
39,"Gemma 4 31B [IT, Thinking mode]",140.5954275263452
39,"Gemma 4 E2B [IT, Thinking mode]",131.43085810593195
39,"Gemma 4 E4B [IT, Thinking mode]",133.57144915923942
39,Gemma 7B IT [Instruction-tuned (IT)],101.30193399970705
39,Gemma 7B [Pretrained (PT)],104.89740884201802
39,Llama-2-13b-chat-hf [Instruct/chat],97.68394936199083
39,Llama-2-13b-hf [Pretrained (PT)],106.26854267725749
39,Llama-2-7b-chat-hf [Instruct/chat],106.2763387757368
39,Llama-2-7b-hf [Pretrained (PT)],98.82700447026671
39,Llama-3.1-8B [Pretrained (PT)],100.35988283561383
39,Llama-3.1-8B-Instruct [Instruct/chat],113.83694601247714
39,Llama-3.2-1B [Pretrained (PT)],92.5940596821876
39,Llama-3.2-1B-Instruct [Instruct/chat],112.65935344461684
39,Llama-3.2-3B [Pretrained (PT)],105.46511345872364
39,Llama-3.2-3B-Instruct [Instruct/chat],119.12676795380708
39,Meta-Llama-3-8B [Pretrained (PT)],100.679851326722
39,Meta-Llama-3-8B-Instruct [Instruct/chat],116.27930145644645
39,OLMo-1B-hf [Pretrained (PT)],80.45431838820413
39,OLMo-2-1124-7B-Instruct [Instruct/chat],112.57758203917375
39,OLMo-7B-Instruct-hf [Instruct/chat],104.51202853934927
39,OLMo-7B-hf [Pretrained (PT)],99.30389355226403
39,OLMoE-1B-7B-0125-Instruct [Instruct/chat],104.06190121533125
39,OLMoE-1B-7B-0924 [Pretrained (PT)],97.34853380870915
39,OLMoE-1B-7B-0924-Instruct [Instruct/chat],99.52794265980526
39,Phi-3-medium-128k-instruct [Instruct/chat],120.19618842937497
39,Phi-3-medium-4k-instruct [Instruct/chat],118.4616342844778
39,Phi-3-mini-128k-instruct [Instruct/chat],116.90210972991298
39,Phi-3-mini-4k-instruct [Instruct/chat],116.45720705387143
39,Phi-3-small-128k-instruct [Instruct/chat],120.8206481970745
39,Phi-3-small-8k-instruct [Instruct/chat],120.55793241046914
39,Phi-3.5-mini-instruct [Instruct/chat],117.81794557260419
39,Phi-4-mini-instruct [Instruct/chat],119.81453108982558
39,Qwen-1.8B-Chat [Instruct/chat],96.78128680360285
39,Qwen-14B-Chat [Instruct/chat],106.42856630657225
39,Qwen-7B-Chat [Instruct/chat],103.62218390856938
39,Qwen1.5-0.5B-Chat [Instruct/chat],82.35956904955123
39,Qwen1.5-1.8B [Base (no official chat academic scores)],100.46801469542898
39,Qwen1.5-1.8B-Chat [Instruct/chat],93.12195409860212
39,Qwen1.5-14B [Base (no official chat academic scores)],108.74230883106773
39,Qwen1.5-14B-Chat [Instruct/chat],106.867226058293
39,Qwen1.5-32B [Base (no official chat academic scores)],110.65311907528044
39,Qwen1.5-32B-Chat [Instruct/chat],115.86111156875864
39,Qwen1.5-4B [Base (no official chat academic scores)],101.66421069827734
39,Qwen1.5-4B-Chat [Instruct/chat],99.60509667363019
39,Qwen1.5-7B [Base (no official chat academic scores)],106.74912944448101
39,Qwen1.5-7B-Chat [Instruct/chat],105.21990657832595
39,Qwen2-0.5B-Instruct [Instruct/chat],90.45230792885141
39,Qwen2-1.5B-Instruct [Instruct/chat],105.54699917887427
39,Qwen2-7B-Instruct [Instruct/chat],116.80140972325705
39,Qwen2.5-0.5B-Instruct [Instruct/chat],105.51204432638632
39,Qwen2.5-1.5B-Instruct [Instruct/chat],113.39201452161498
39,Qwen2.5-14B-Instruct [Instruct/chat],127.52793121489725
39,Qwen2.5-32B-Instruct [Instruct/chat],129.45805848704066
39,Qwen2.5-3B-Instruct [Instruct/chat],119.47781924250828
39,Qwen2.5-7B-Instruct [Instruct/chat],122.34161651443179
39,Qwen3-0.6B [Non-thinking mode],86.1040905392446
39,Qwen3-0.6B [Thinking mode],114.87451444306197
39,Qwen3-1.7B [Non-thinking mode],119.01708218346066
39,Qwen3-1.7B [Thinking mode],127.20008914217001
39,Qwen3-14B [Non-thinking mode],126.92205359875922
39,Qwen3-14B [Thinking mode],137.64984102984604
39,Qwen3-30B-A3B [Non-thinking mode],127.31582123773404
39,Qwen3-30B-A3B [Thinking mode],137.36178304310974
39,Qwen3-30B-A3B-Instruct-2507 [Instruct (non-thinking)],135.44849354588268
39,Qwen3-30B-A3B-Thinking-2507 [Thinking],141.6106360936646
39,Qwen3-32B [Non-thinking mode],126.55076231229098
39,Qwen3-32B [Thinking mode],138.39012185933456
39,Qwen3-4B [Non-thinking mode],123.57396268891785
39,Qwen3-4B [Thinking mode],134.13004397882023
39,Qwen3-4B-Instruct-2507 [Instruct (non-thinking)],132.67450580371604
39,Qwen3-4B-Thinking-2507 [Thinking],137.9159598223758
39,Qwen3-8B [Non-thinking mode],125.58760269485964
39,Qwen3-8B [Thinking mode],136.1975525037542
39,Qwen3.5-0.8B [Non-thinking rows],107.65490522500062
39,Qwen3.5-0.8B [Thinking (default)],118.19790654540729
39,Qwen3.5-27B [Thinking (default)],146.36453689722893
39,Qwen3.5-2B [Non-thinking rows],119.67339583836879
39,Qwen3.5-2B [Thinking (default)],131.00292837217762
39,Qwen3.5-35B-A3B [Thinking (default)],143.73442850720713
39,Qwen3.5-4B [Thinking (default)],140.84153102365448
39,Qwen3.5-9B [Thinking (default)],144.11327508060734
39,Qwen3.6-27B [Thinking (default)],147.53005091266033
39,Qwen3.6-35B-A3B [Thinking (default)],145.4208878186559
39,SmolLM-1.7B [Pretrained (PT)],94.59480958944647
39,SmolLM-1.7B-Instruct [Instruct/chat],80.10439327136362
39,SmolLM-135M [Pretrained (PT)],94.94824736367708
39,SmolLM-135M-Instruct [Instruct/chat],88.82031986940524
39,SmolLM-360M [Pretrained (PT)],94.41166120561711
39,SmolLM-360M-Instruct [Instruct/chat],93.609715616182
39,SmolLM2-1.7B [Pretrained (PT)],99.5978931367315
39,SmolLM2-1.7B-Instruct [Instruct/chat],98.56060407117914
39,SmolLM2-135M [Pretrained (PT)],91.63637911176798
39,SmolLM2-135M-Instruct [Instruct/chat],99.99316100750669
39,SmolLM2-360M [Pretrained (PT)],96.71698167876836
39,SmolLM2-360M-Instruct [Instruct/chat],104.83660461466759
39,phi-1 [Pretrained (PT)],82.51901643430385
39,phi-1_5 [Pretrained (PT)],93.14521364089958
39,phi-2 [Pretrained (PT)],104.49727198846709
39,phi-4 [Pretrained (PT)],129.32479115047278
40,Gemma 1.1 2B IT [Instruction-tuned (IT)],86.25205156004198
40,Gemma 1.1 7B IT [Instruction-tuned (IT)],104.85273380565809
40,Gemma 2 27B IT [Instruction-tuned (IT)],122.86775641387999
40,Gemma 2 27B [Pretrained (PT)],115.53517264821461
40,Gemma 2 2B IT [Instruction-tuned (IT)],107.01796030374231
40,Gemma 2 2B [Pretrained (PT)],99.81859622519198
40,Gemma 2 9B IT [Instruction-tuned (IT)],119.90441718853253
40,Gemma 2 9B [Pretrained (PT)],110.7843670858934
40,Gemma 2B IT [Instruction-tuned (IT)],93.21951079155222
40,Gemma 2B [Pretrained (PT)],96.0074373569245
40,Gemma 3 12B IT [Instruction-tuned (IT)],127.19147000403582
40,Gemma 3 12B [Pretrained (PT)],114.38752486543227
40,Gemma 3 1B IT [Instruction-tuned (IT)],105.06688824296366
40,Gemma 3 1B [Pretrained (PT)],81.02548128897237
40,Gemma 3 27B IT [Instruction-tuned (IT)],129.09223753476562
40,Gemma 3 27B [Pretrained (PT)],120.88993258369453
40,Gemma 3 4B IT [Instruction-tuned (IT)],122.40188525587374
40,Gemma 3 4B [Pretrained (PT)],105.53390873134859
40,Gemma 3n E2B IT [Instruction-tuned (IT)],110.91467702101635
40,Gemma 3n E2B [Pretrained (PT)],100.11394757395283
40,Gemma 3n E4B IT [Instruction-tuned (IT)],121.50680846467178
40,Gemma 3n E4B [Pretrained (PT)],108.23545014800895
40,"Gemma 4 12B [IT, Thinking mode]",142.86566956116462
40,"Gemma 4 26B A4B [IT, Thinking mode]",145.63643486116078
40,"Gemma 4 31B [IT, Thinking mode]",146.90356275690286
40,"Gemma 4 E2B [IT, Thinking mode]",130.06371363742377
40,"Gemma 4 E4B [IT, Thinking mode]",135.37083207174467
40,Gemma 7B IT [Instruction-tuned (IT)],100.6349076623301
40,Gemma 7B [Pretrained (PT)],110.09535903444844
40,Llama-2-13b-chat-hf [Instruct/chat],102.21643407480349
40,Llama-2-13b-hf [Pretrained (PT)],106.76340261841212
40,Llama-2-7b-chat-hf [Instruct/chat],101.28352876596728
40,Llama-2-7b-hf [Pretrained (PT)],97.37441429992143
40,Llama-3.1-8B [Pretrained (PT)],104.93279153226891
40,Llama-3.1-8B-Instruct [Instruct/chat],112.86520424689047
40,Llama-3.2-1B [Pretrained (PT)],79.97083119520389
40,Llama-3.2-1B-Instruct [Instruct/chat],110.00213144086487
40,Llama-3.2-3B [Pretrained (PT)],104.28303959701861
40,Llama-3.2-3B-Instruct [Instruct/chat],114.2537013962262
40,Meta-Llama-3-8B [Pretrained (PT)],112.01880263334468
40,Meta-Llama-3-8B-Instruct [Instruct/chat],116.54474281156607
40,OLMo-1B-hf [Pretrained (PT)],85.00530846449323
40,OLMo-2-1124-7B-Instruct [Instruct/chat],109.57130722786806
40,OLMo-7B-Instruct-hf [Instruct/chat],102.01871823574672
40,OLMo-7B-hf [Pretrained (PT)],92.35614244157364
40,OLMoE-1B-7B-0125-Instruct [Instruct/chat],113.75363516712417
40,OLMoE-1B-7B-0924 [Pretrained (PT)],91.61262594856773
40,OLMoE-1B-7B-0924-Instruct [Instruct/chat],109.8974399368398
40,Phi-3-medium-128k-instruct [Instruct/chat],121.82748340734796
40,Phi-3-medium-4k-instruct [Instruct/chat],122.63138615373326
40,Phi-3-mini-128k-instruct [Instruct/chat],120.9570690927952
40,Phi-3-mini-4k-instruct [Instruct/chat],118.33358330431125
40,Phi-3-small-128k-instruct [Instruct/chat],122.15472027639454
40,Phi-3-small-8k-instruct [Instruct/chat],122.29157966259456
40,Phi-3.5-mini-instruct [Instruct/chat],119.71706450653497
40,Phi-4-mini-instruct [Instruct/chat],119.78704160468907
40,Qwen-1.8B-Chat [Instruct/chat],93.68598691898089
40,Qwen-14B-Chat [Instruct/chat],108.73385721430515
40,Qwen-7B-Chat [Instruct/chat],104.72834996065136
40,Qwen1.5-0.5B-Chat [Instruct/chat],72.77914387082069
40,Qwen1.5-1.8B [Base (no official chat academic scores)],101.85192918164121
40,Qwen1.5-1.8B-Chat [Instruct/chat],87.1042210461244
40,Qwen1.5-14B [Base (no official chat academic scores)],110.61544074464601
40,Qwen1.5-14B-Chat [Instruct/chat],105.73579726095919
40,Qwen1.5-32B [Base (no official chat academic scores)],115.7151902419224
40,Qwen1.5-32B-Chat [Instruct/chat],120.13645611821991
40,Qwen1.5-4B [Base (no official chat academic scores)],106.49005317470512
40,Qwen1.5-4B-Chat [Instruct/chat],99.58381013768756
40,Qwen1.5-7B [Base (no official chat academic scores)],107.57174217122041
40,Qwen1.5-7B-Chat [Instruct/chat],101.9768138191082
40,Qwen2-0.5B-Instruct [Instruct/chat],95.27661035560308
40,Qwen2-1.5B-Instruct [Instruct/chat],107.01630453873175
40,Qwen2-7B-Instruct [Instruct/chat],119.90008274792034
40,Qwen2.5-0.5B-Instruct [Instruct/chat],107.22724119606323
40,Qwen2.5-1.5B-Instruct [Instruct/chat],114.5111580513881
40,Qwen2.5-14B-Instruct [Instruct/chat],129.66061517283498
40,Qwen2.5-32B-Instruct [Instruct/chat],131.18338029271536
40,Qwen2.5-3B-Instruct [Instruct/chat],120.54952751920695
40,Qwen2.5-7B-Instruct [Instruct/chat],125.34199684388287
40,Qwen3-0.6B [Non-thinking mode],111.04597002041716
40,Qwen3-0.6B [Thinking mode],116.88025759480261
40,Qwen3-1.7B [Non-thinking mode],120.61406188970491
40,Qwen3-1.7B [Thinking mode],127.74111480575698
40,Qwen3-14B [Non-thinking mode],129.6085336822638
40,Qwen3-14B [Thinking mode],136.85573864345972
40,Qwen3-30B-A3B [Non-thinking mode],130.03912640182168
40,Qwen3-30B-A3B [Thinking mode],136.95692901869177
40,Qwen3-30B-A3B-Instruct-2507 [Instruct (non-thinking)],135.7464321993016
40,Qwen3-30B-A3B-Thinking-2507 [Thinking],140.51993068690325
40,Qwen3-32B [Non-thinking mode],128.91868466382732
40,Qwen3-32B [Thinking mode],137.05939670251402
40,Qwen3-4B [Non-thinking mode],126.75967419120475
40,Qwen3-4B [Thinking mode],134.7405411816901
40,Qwen3-4B-Instruct-2507 [Instruct (non-thinking)],132.8560494310712
40,Qwen3-4B-Thinking-2507 [Thinking],137.10890084763767
40,Qwen3-8B [Non-thinking mode],127.70925458188023
40,Qwen3-8B [Thinking mode],135.48960077650673
40,Qwen3.5-0.8B [Non-thinking rows],114.7350559780226
40,Qwen3.5-0.8B [Thinking (default)],113.88349783247045
40,Qwen3.5-27B [Thinking (default)],147.20468829491008
40,Qwen3.5-2B [Non-thinking rows],125.62680556528869
40,Qwen3.5-2B [Thinking (default)],131.98586668336168
40,Qwen3.5-35B-A3B [Thinking (default)],145.01997561478217
40,Qwen3.5-4B [Thinking (default)],142.29114540233695
40,Qwen3.5-9B [Thinking (default)],144.16644676389453
40,Qwen3.6-27B [Thinking (default)],147.175541231417
40,Qwen3.6-35B-A3B [Thinking (default)],146.14280964993353
40,SmolLM-1.7B [Pretrained (PT)],90.27986114284455
40,SmolLM-1.7B-Instruct [Instruct/chat],78.49202613155626
40,SmolLM-135M [Pretrained (PT)],86.11528989997652
40,SmolLM-135M-Instruct [Instruct/chat],81.62599236159669
40,SmolLM-360M [Pretrained (PT)],84.98828165638238
40,SmolLM-360M-Instruct [Instruct/chat],86.19743888383204
40,SmolLM2-1.7B [Pretrained (PT)],99.00424550133634
40,SmolLM2-1.7B-Instruct [Instruct/chat],100.18348297378124
40,SmolLM2-135M [Pretrained (PT)],78.08867046860787
40,SmolLM2-135M-Instruct [Instruct/chat],82.82259981850375
40,SmolLM2-360M [Pretrained (PT)],89.90246695712302
40,SmolLM2-360M-Instruct [Instruct/chat],81.2553873783771
40,phi-1 [Pretrained (PT)],83.29483133910549
40,phi-1_5 [Pretrained (PT)],86.55127572096762
40,phi-2 [Pretrained (PT)],111.40154833446725
40,phi-4 [Pretrained (PT)],122.23160142617893
41,Gemma 1.1 2B IT [Instruction-tuned (IT)],103.17065933026701
41,Gemma 1.1 7B IT [Instruction-tuned (IT)],104.9868983934964
41,Gemma 2 27B IT [Instruction-tuned (IT)],122.38058660258883
41,Gemma 2 27B [Pretrained (PT)],111.62990581789094
41,Gemma 2 2B IT [Instruction-tuned (IT)],112.88051710667979
41,Gemma 2 2B [Pretrained (PT)],98.15924846749974
41,Gemma 2 9B IT [Instruction-tuned (IT)],117.02107819904035
41,Gemma 2 9B [Pretrained (PT)],110.41909204473549
41,Gemma 2B IT [Instruction-tuned (IT)],90.7205691944446
41,Gemma 2B [Pretrained (PT)],95.640239604427
41,Gemma 3 12B IT [Instruction-tuned (IT)],126.24658013752367
41,Gemma 3 12B [Pretrained (PT)],112.90481897871061
41,Gemma 3 1B IT [Instruction-tuned (IT)],106.08256818118042
41,Gemma 3 1B [Pretrained (PT)],87.80189235167398
41,Gemma 3 27B IT [Instruction-tuned (IT)],128.0056735328073
41,Gemma 3 27B [Pretrained (PT)],115.27888960198068
41,Gemma 3 4B IT [Instruction-tuned (IT)],118.46540106108587
41,Gemma 3 4B [Pretrained (PT)],104.72350722526454
41,Gemma 3n E2B IT [Instruction-tuned (IT)],113.93613085370805
41,Gemma 3n E2B [Pretrained (PT)],101.91779351853397
41,Gemma 3n E4B IT [Instruction-tuned (IT)],119.276436480427
41,Gemma 3n E4B [Pretrained (PT)],106.28260018514226
41,"Gemma 4 12B [IT, Thinking mode]",141.04829291279023
41,"Gemma 4 26B A4B [IT, Thinking mode]",143.17778506343512
41,"Gemma 4 31B [IT, Thinking mode]",144.91568255202296
41,"Gemma 4 E2B [IT, Thinking mode]",126.29513372144747
41,"Gemma 4 E4B [IT, Thinking mode]",133.66763413851686
41,Gemma 7B IT [Instruction-tuned (IT)],100.59904789782516
41,Gemma 7B [Pretrained (PT)],109.17096980328319
41,Llama-2-13b-chat-hf [Instruct/chat],108.01454792612802
41,Llama-2-13b-hf [Pretrained (PT)],103.42897585552207
41,Llama-2-7b-chat-hf [Instruct/chat],104.19323980029952
41,Llama-2-7b-hf [Pretrained (PT)],99.702819474814
41,Llama-3.1-8B [Pretrained (PT)],96.79820845924738
41,Llama-3.1-8B-Instruct [Instruct/chat],114.68116470776052
41,Llama-3.2-1B [Pretrained (PT)],91.26526865326923
41,Llama-3.2-1B-Instruct [Instruct/chat],99.13858436841008
41,Llama-3.2-3B [Pretrained (PT)],93.75101902997207
41,Llama-3.2-3B-Instruct [Instruct/chat],116.92314296596761
41,Meta-Llama-3-8B [Pretrained (PT)],98.69687263271922
41,Meta-Llama-3-8B-Instruct [Instruct/chat],121.52469939598654
41,OLMo-1B-hf [Pretrained (PT)],97.66924907545139
41,OLMo-2-1124-7B-Instruct [Instruct/chat],105.79266030943809
41,OLMo-7B-Instruct-hf [Instruct/chat],104.46819198120788
41,OLMo-7B-hf [Pretrained (PT)],95.70997096687145
41,OLMoE-1B-7B-0125-Instruct [Instruct/chat],113.19196803351073
41,OLMoE-1B-7B-0924 [Pretrained (PT)],97.21468042343025
41,OLMoE-1B-7B-0924-Instruct [Instruct/chat],109.59909331347902
41,Phi-3-medium-128k-instruct [Instruct/chat],122.013398333222
41,Phi-3-medium-4k-instruct [Instruct/chat],120.07463072613594
41,Phi-3-mini-128k-instruct [Instruct/chat],117.92421706280713
41,Phi-3-mini-4k-instruct [Instruct/chat],117.75314810507513
41,Phi-3-small-128k-instruct [Instruct/chat],120.43375267846514
41,Phi-3-small-8k-instruct [Instruct/chat],120.36142612891027
41,Phi-3.5-mini-instruct [Instruct/chat],118.73960351877305
41,Phi-4-mini-instruct [Instruct/chat],120.10119249717684
41,Qwen-1.8B-Chat [Instruct/chat],98.83668687140933
41,Qwen-14B-Chat [Instruct/chat],109.41987017756608
41,Qwen-7B-Chat [Instruct/chat],105.33464977366992
41,Qwen1.5-0.5B-Chat [Instruct/chat],84.26192818542931
41,Qwen1.5-1.8B [Base (no official chat academic scores)],101.59692360088991
41,Qwen1.5-1.8B-Chat [Instruct/chat],93.2443359257214
41,Qwen1.5-14B [Base (no official chat academic scores)],112.14782010265178
41,Qwen1.5-14B-Chat [Instruct/chat],104.38199872684888
41,Qwen1.5-32B [Base (no official chat academic scores)],114.13007074982582
41,Qwen1.5-32B-Chat [Instruct/chat],118.92844923074455
41,Qwen1.5-4B [Base (no official chat academic scores)],107.02948794964085
41,Qwen1.5-4B-Chat [Instruct/chat],97.32188959459623
41,Qwen1.5-7B [Base (no official chat academic scores)],109.08542636356833
41,Qwen1.5-7B-Chat [Instruct/chat],102.56220323923688
41,Qwen2-0.5B-Instruct [Instruct/chat],101.02541092609145
41,Qwen2-1.5B-Instruct [Instruct/chat],108.12186549120008
41,Qwen2-7B-Instruct [Instruct/chat],118.56843734351935
41,Qwen2.5-0.5B-Instruct [Instruct/chat],108.41807504186731
41,Qwen2.5-1.5B-Instruct [Instruct/chat],115.41501148914888
41,Qwen2.5-14B-Instruct [Instruct/chat],127.58251529090116
41,Qwen2.5-32B-Instruct [Instruct/chat],129.21643858786726
41,Qwen2.5-3B-Instruct [Instruct/chat],121.05681994391277
41,Qwen2.5-7B-Instruct [Instruct/chat],125.30861198471935
41,Qwen3-0.6B [Non-thinking mode],93.94924607215027
41,Qwen3-0.6B [Thinking mode],115.3511793917837
41,Qwen3-1.7B [Non-thinking mode],117.17214576495734
41,Qwen3-1.7B [Thinking mode],125.30194997922167
41,Qwen3-14B [Non-thinking mode],130.86601776691057
41,Qwen3-14B [Thinking mode],139.2638648626402
41,Qwen3-30B-A3B [Non-thinking mode],130.46353038876566
41,Qwen3-30B-A3B [Thinking mode],138.25221939312647
41,Qwen3-30B-A3B-Instruct-2507 [Instruct (non-thinking)],136.3512407663849
41,Qwen3-30B-A3B-Thinking-2507 [Thinking],141.3614861800548
41,Qwen3-32B [Non-thinking mode],130.30197593574272
41,Qwen3-32B [Thinking mode],139.19197029390796
41,Qwen3-4B [Non-thinking mode],127.12517187521962
41,Qwen3-4B [Thinking mode],135.82306027871718
41,Qwen3-4B-Instruct-2507 [Instruct (non-thinking)],132.87694939499255
41,Qwen3-4B-Thinking-2507 [Thinking],138.39334769967942
41,Qwen3-8B [Non-thinking mode],129.0051198653352
41,Qwen3-8B [Thinking mode],137.92787263113723
41,Qwen3.5-0.8B [Non-thinking rows],113.19219241602903
41,Qwen3.5-0.8B [Thinking (default)],114.5868755927741
41,Qwen3.5-27B [Thinking (default)],147.49716194046857
41,Qwen3.5-2B [Non-thinking rows],123.44967296351308
41,Qwen3.5-2B [Thinking (default)],130.85656762793897
41,Qwen3.5-35B-A3B [Thinking (default)],145.27249614788548
41,Qwen3.5-4B [Thinking (default)],141.8609533171897
41,Qwen3.5-9B [Thinking (default)],145.28774534137244
41,Qwen3.6-27B [Thinking (default)],149.94315425357883
41,Qwen3.6-35B-A3B [Thinking (default)],147.0414411202997
41,SmolLM-1.7B [Pretrained (PT)],84.38197440445938
41,SmolLM-1.7B-Instruct [Instruct/chat],98.77239299972842
41,SmolLM-135M [Pretrained (PT)],89.83487627426283
41,SmolLM-135M-Instruct [Instruct/chat],88.48217559485292
41,SmolLM-360M [Pretrained (PT)],88.02429953231922
41,SmolLM-360M-Instruct [Instruct/chat],95.90890972693653
41,SmolLM2-1.7B [Pretrained (PT)],105.26983527469199
41,SmolLM2-1.7B-Instruct [Instruct/chat],111.05466486795336
41,SmolLM2-135M [Pretrained (PT)],90.97706620174284
41,SmolLM2-135M-Instruct [Instruct/chat],101.7864874048208
41,SmolLM2-360M [Pretrained (PT)],97.13045776881292
41,SmolLM2-360M-Instruct [Instruct/chat],84.21887442648199
41,phi-1 [Pretrained (PT)],83.86437379779466
41,phi-1_5 [Pretrained (PT)],88.41517872238853
41,phi-2 [Pretrained (PT)],108.84742469879507
41,phi-4 [Pretrained (PT)],126.04438368789778
42,Gemma 1.1 2B IT [Instruction-tuned (IT)],92.32831007592577
42,Gemma 1.1 7B IT [Instruction-tuned (IT)],105.98529791826171
42,Gemma 2 27B IT [Instruction-tuned (IT)],122.43997406555177
42,Gemma 2 27B [Pretrained (PT)],116.203320219401
42,Gemma 2 2B IT [Instruction-tuned (IT)],111.59412795503432
42,Gemma 2 2B [Pretrained (PT)],97.86127172524935
42,Gemma 2 9B IT [Instruction-tuned (IT)],120.30598256926554
42,Gemma 2 9B [Pretrained (PT)],111.8229138224641
42,Gemma 2B IT [Instruction-tuned (IT)],93.89376272292257
42,Gemma 2B [Pretrained (PT)],95.96881140727976
42,Gemma 3 12B IT [Instruction-tuned (IT)],127.74446541916079
42,Gemma 3 12B [Pretrained (PT)],113.88677217014536
42,Gemma 3 1B IT [Instruction-tuned (IT)],109.79767828533873
42,Gemma 3 1B [Pretrained (PT)],84.82054808262103
42,Gemma 3 27B IT [Instruction-tuned (IT)],128.92555755085007
42,Gemma 3 27B [Pretrained (PT)],117.40611238270823
42,Gemma 3 4B IT [Instruction-tuned (IT)],123.14206942916216
42,Gemma 3 4B [Pretrained (PT)],105.80661461105964
42,Gemma 3n E2B IT [Instruction-tuned (IT)],115.59805585049824
42,Gemma 3n E2B [Pretrained (PT)],101.65787614463073
42,Gemma 3n E4B IT [Instruction-tuned (IT)],119.41866157952057
42,Gemma 3n E4B [Pretrained (PT)],108.07691031157175
42,"Gemma 4 12B [IT, Thinking mode]",141.3045127819465
42,"Gemma 4 26B A4B [IT, Thinking mode]",144.10074168002933
42,"Gemma 4 31B [IT, Thinking mode]",146.5442046745285
42,"Gemma 4 E2B [IT, Thinking mode]",129.47854071277501
42,"Gemma 4 E4B [IT, Thinking mode]",134.1113358333155
42,Gemma 7B IT [Instruction-tuned (IT)],100.67916691845214
42,Gemma 7B [Pretrained (PT)],110.24198811724865
42,Llama-2-13b-chat-hf [Instruct/chat],105.17730357046379
42,Llama-2-13b-hf [Pretrained (PT)],107.50067638657012
42,Llama-2-7b-chat-hf [Instruct/chat],102.64639978958556
42,Llama-2-7b-hf [Pretrained (PT)],99.3341195892426
42,Llama-3.1-8B [Pretrained (PT)],96.65879760421234
42,Llama-3.1-8B-Instruct [Instruct/chat],114.88895210924585
42,Llama-3.2-1B [Pretrained (PT)],89.2004225170058
42,Llama-3.2-1B-Instruct [Instruct/chat],110.0936412306117
42,Llama-3.2-3B [Pretrained (PT)],90.1143233447888
42,Llama-3.2-3B-Instruct [Instruct/chat],113.98459237656897
42,Meta-Llama-3-8B [Pretrained (PT)],96.77454727851165
42,Meta-Llama-3-8B-Instruct [Instruct/chat],116.9074066911913
42,OLMo-1B-hf [Pretrained (PT)],84.83338935781958
42,OLMo-2-1124-7B-Instruct [Instruct/chat],120.19339907138212
42,OLMo-7B-Instruct-hf [Instruct/chat],103.80695473987637
42,OLMo-7B-hf [Pretrained (PT)],98.52733837126726
42,OLMoE-1B-7B-0125-Instruct [Instruct/chat],118.23390876667537
42,OLMoE-1B-7B-0924 [Pretrained (PT)],95.42352560456271
42,OLMoE-1B-7B-0924-Instruct [Instruct/chat],108.76154657646202
42,Phi-3-medium-128k-instruct [Instruct/chat],124.55178483433302
42,Phi-3-medium-4k-instruct [Instruct/chat],121.41680443568707
42,Phi-3-mini-128k-instruct [Instruct/chat],117.02737195462393
42,Phi-3-mini-4k-instruct [Instruct/chat],119.91489377547977
42,Phi-3-small-128k-instruct [Instruct/chat],123.67850765131892
42,Phi-3-small-8k-instruct [Instruct/chat],120.66862635456852
42,Phi-3.5-mini-instruct [Instruct/chat],118.99353197781178
42,Phi-4-mini-instruct [Instruct/chat],120.10029587398336
42,Qwen-1.8B-Chat [Instruct/chat],99.87418801710572
42,Qwen-14B-Chat [Instruct/chat],109.08996517196175
42,Qwen-7B-Chat [Instruct/chat],105.69680418605037
42,Qwen1.5-0.5B-Chat [Instruct/chat],88.62774856588655
42,Qwen1.5-1.8B [Base (no official chat academic scores)],102.75082512308329
42,Qwen1.5-1.8B-Chat [Instruct/chat],95.44850674326173
42,Qwen1.5-14B [Base (no official chat academic scores)],112.53878329283245
42,Qwen1.5-14B-Chat [Instruct/chat],116.46335477039344
42,Qwen1.5-32B [Base (no official chat academic scores)],111.8084589905646
42,Qwen1.5-32B-Chat [Instruct/chat],118.81009141837832
42,Qwen1.5-4B [Base (no official chat academic scores)],106.11364725058829
42,Qwen1.5-4B-Chat [Instruct/chat],100.47030932592254
42,Qwen1.5-7B [Base (no official chat academic scores)],108.08507448038111
42,Qwen1.5-7B-Chat [Instruct/chat],110.7468722457933
42,Qwen2-0.5B-Instruct [Instruct/chat],101.78958181478595
42,Qwen2-1.5B-Instruct [Instruct/chat],107.66267372364875
42,Qwen2-7B-Instruct [Instruct/chat],118.44927653093765
42,Qwen2.5-0.5B-Instruct [Instruct/chat],106.36062632438939
42,Qwen2.5-1.5B-Instruct [Instruct/chat],116.07497378809344
42,Qwen2.5-14B-Instruct [Instruct/chat],127.55655950378431
42,Qwen2.5-32B-Instruct [Instruct/chat],131.08995563818493
42,Qwen2.5-3B-Instruct [Instruct/chat],122.0144866238494
42,Qwen2.5-7B-Instruct [Instruct/chat],124.1489300179826
42,Qwen3-0.6B [Non-thinking mode],111.61898434527063
42,Qwen3-0.6B [Thinking mode],118.44393282395448
42,Qwen3-1.7B [Non-thinking mode],118.59280505494556
42,Qwen3-1.7B [Thinking mode],127.03565925541606
42,Qwen3-14B [Non-thinking mode],127.85307103563399
42,Qwen3-14B [Thinking mode],137.38069083975765
42,Qwen3-30B-A3B [Non-thinking mode],129.4560798398727
42,Qwen3-30B-A3B [Thinking mode],137.7359480237466
42,Qwen3-30B-A3B-Instruct-2507 [Instruct (non-thinking)],136.7667410932286
42,Qwen3-30B-A3B-Thinking-2507 [Thinking],141.83161088264424
42,Qwen3-32B [Non-thinking mode],127.57464176699625
42,Qwen3-32B [Thinking mode],138.82099659834063
42,Qwen3-4B [Non-thinking mode],124.16906463025488
42,Qwen3-4B [Thinking mode],134.90914180831317
42,Qwen3-4B-Instruct-2507 [Instruct (non-thinking)],132.08740889066067
42,Qwen3-4B-Thinking-2507 [Thinking],137.56848362573737
42,Qwen3-8B [Non-thinking mode],126.50909056584165
42,Qwen3-8B [Thinking mode],136.23080603493867
42,Qwen3.5-0.8B [Non-thinking rows],111.8401039926909
42,Qwen3.5-0.8B [Thinking (default)],114.1082656048574
42,Qwen3.5-27B [Thinking (default)],147.06246354047988
42,Qwen3.5-2B [Non-thinking rows],122.27441152251536
42,Qwen3.5-2B [Thinking (default)],130.45131209789938
42,Qwen3.5-35B-A3B [Thinking (default)],144.5561982498581
42,Qwen3.5-4B [Thinking (default)],141.6316798431364
42,Qwen3.5-9B [Thinking (default)],144.0303544960721
42,Qwen3.6-27B [Thinking (default)],147.6559856151475
42,Qwen3.6-35B-A3B [Thinking (default)],146.06713821509564
42,SmolLM-1.7B [Pretrained (PT)],79.48923976840388
42,SmolLM-1.7B-Instruct [Instruct/chat],94.0989962386655
42,SmolLM-135M [Pretrained (PT)],82.93965513696944
42,SmolLM-135M-Instruct [Instruct/chat],86.14927287990105
42,SmolLM-360M [Pretrained (PT)],80.74459279338163
42,SmolLM-360M-Instruct [Instruct/chat],94.53507000467818
42,SmolLM2-1.7B [Pretrained (PT)],99.07347555590778
42,SmolLM2-1.7B-Instruct [Instruct/chat],110.20500592994198
42,SmolLM2-135M [Pretrained (PT)],93.30685019538203
42,SmolLM2-135M-Instruct [Instruct/chat],100.44930302928014
42,SmolLM2-360M [Pretrained (PT)],95.08174044739579
42,SmolLM2-360M-Instruct [Instruct/chat],100.33369138986743
42,phi-1 [Pretrained (PT)],93.49551356667482
42,phi-1_5 [Pretrained (PT)],88.16035592492176
42,phi-2 [Pretrained (PT)],92.92253728110722
42,phi-4 [Pretrained (PT)],112.99771163955539
43,Gemma 1.1 2B IT [Instruction-tuned (IT)],98.21144251842013
43,Gemma 1.1 7B IT [Instruction-tuned (IT)],105.8915320491084
43,Gemma 2 27B IT [Instruction-tuned (IT)],121.9544105537663
43,Gemma 2 27B [Pretrained (PT)],115.64272876973058
43,Gemma 2 2B IT [Instruction-tuned (IT)],106.02447852018136
43,Gemma 2 2B [Pretrained (PT)],98.67330149597561
43,Gemma 2 9B IT [Instruction-tuned (IT)],118.53879784220912
43,Gemma 2 9B [Pretrained (PT)],111.38533786455973
43,Gemma 2B IT [Instruction-tuned (IT)],94.62299781659397
43,Gemma 2B [Pretrained (PT)],97.29158658127608
43,Gemma 3 12B IT [Instruction-tuned (IT)],126.53173901331938
43,Gemma 3 12B [Pretrained (PT)],114.56173074342213
43,Gemma 3 1B IT [Instruction-tuned (IT)],104.27505338571302
43,Gemma 3 1B [Pretrained (PT)],85.52681632147491
43,Gemma 3 27B IT [Instruction-tuned (IT)],127.4691572096165
43,Gemma 3 27B [Pretrained (PT)],119.20942106788593
43,Gemma 3 4B IT [Instruction-tuned (IT)],117.47610182822862
43,Gemma 3 4B [Pretrained (PT)],107.0736122359848
43,Gemma 3n E2B IT [Instruction-tuned (IT)],113.2487620459719
43,Gemma 3n E2B [Pretrained (PT)],100.39228722906533
43,Gemma 3n E4B IT [Instruction-tuned (IT)],119.9432943798984
43,Gemma 3n E4B [Pretrained (PT)],107.88213061535032
43,"Gemma 4 12B [IT, Thinking mode]",142.38987925850387
43,"Gemma 4 26B A4B [IT, Thinking mode]",145.594683945802
43,"Gemma 4 31B [IT, Thinking mode]",145.82604680859308
43,"Gemma 4 E2B [IT, Thinking mode]",125.56998966876486
43,"Gemma 4 E4B [IT, Thinking mode]",132.69073358582162
43,Gemma 7B IT [Instruction-tuned (IT)],101.66478978909765
43,Gemma 7B [Pretrained (PT)],108.69526996223222
43,Llama-2-13b-chat-hf [Instruct/chat],102.48632515885512
43,Llama-2-13b-hf [Pretrained (PT)],107.48097468268699
43,Llama-2-7b-chat-hf [Instruct/chat],100.42382872115101
43,Llama-2-7b-hf [Pretrained (PT)],98.30957548450426
43,Llama-3.1-8B [Pretrained (PT)],111.38633829082569
43,Llama-3.1-8B-Instruct [Instruct/chat],115.52474219223053
43,Llama-3.2-1B [Pretrained (PT)],82.93570654724076
43,Llama-3.2-1B-Instruct [Instruct/chat],96.16846097269654
43,Llama-3.2-3B [Pretrained (PT)],105.22372924600775
43,Llama-3.2-3B-Instruct [Instruct/chat],112.76561378543538
43,Meta-Llama-3-8B [Pretrained (PT)],86.99708565034837
43,Meta-Llama-3-8B-Instruct [Instruct/chat],112.96334326028861
43,OLMo-1B-hf [Pretrained (PT)],84.41180412690433
43,OLMo-2-1124-7B-Instruct [Instruct/chat],112.64878285353568
43,OLMo-7B-Instruct-hf [Instruct/chat],101.49115099150703
43,OLMo-7B-hf [Pretrained (PT)],96.3702692683161
43,OLMoE-1B-7B-0125-Instruct [Instruct/chat],101.92162579020393
43,OLMoE-1B-7B-0924 [Pretrained (PT)],94.87570513533007
43,OLMoE-1B-7B-0924-Instruct [Instruct/chat],101.72314406308081
43,Phi-3-medium-128k-instruct [Instruct/chat],119.73608771008605
43,Phi-3-medium-4k-instruct [Instruct/chat],123.21369973153368
43,Phi-3-mini-128k-instruct [Instruct/chat],116.991426479831
43,Phi-3-mini-4k-instruct [Instruct/chat],117.36895180483042
43,Phi-3-small-128k-instruct [Instruct/chat],120.14073157610345
43,Phi-3-small-8k-instruct [Instruct/chat],123.3027749826623
43,Phi-3.5-mini-instruct [Instruct/chat],118.33693614986129
43,Phi-4-mini-instruct [Instruct/chat],118.46641718397323
43,Qwen-1.8B-Chat [Instruct/chat],99.90484587200497
43,Qwen-14B-Chat [Instruct/chat],109.59618187529789
43,Qwen-7B-Chat [Instruct/chat],104.94885863808379
43,Qwen1.5-0.5B-Chat [Instruct/chat],72.31325469248416
43,Qwen1.5-1.8B [Base (no official chat academic scores)],101.06627625347225
43,Qwen1.5-1.8B-Chat [Instruct/chat],91.37097132541271
43,Qwen1.5-14B [Base (no official chat academic scores)],111.16005645994996
43,Qwen1.5-14B-Chat [Instruct/chat],105.03302163171882
43,Qwen1.5-32B [Base (no official chat academic scores)],112.39673542466808
43,Qwen1.5-32B-Chat [Instruct/chat],116.53308349104564
43,Qwen1.5-4B [Base (no official chat academic scores)],106.55071080569678
43,Qwen1.5-4B-Chat [Instruct/chat],101.2858762553836
43,Qwen1.5-7B [Base (no official chat academic scores)],109.3129258149671
43,Qwen1.5-7B-Chat [Instruct/chat],98.54530353890708
43,Qwen2-0.5B-Instruct [Instruct/chat],97.72790013346363
43,Qwen2-1.5B-Instruct [Instruct/chat],109.13497235601149
43,Qwen2-7B-Instruct [Instruct/chat],119.70782318128687
43,Qwen2.5-0.5B-Instruct [Instruct/chat],108.48492962275245
43,Qwen2.5-1.5B-Instruct [Instruct/chat],113.82839268559269
43,Qwen2.5-14B-Instruct [Instruct/chat],127.67709707806566
43,Qwen2.5-32B-Instruct [Instruct/chat],129.3490592472997
43,Qwen2.5-3B-Instruct [Instruct/chat],118.32074087108661
43,Qwen2.5-7B-Instruct [Instruct/chat],124.18939854541544
43,Qwen3-0.6B [Non-thinking mode],107.32289187711822
43,Qwen3-0.6B [Thinking mode],113.2697122042897
43,Qwen3-1.7B [Non-thinking mode],117.85627950843617
43,Qwen3-1.7B [Thinking mode],125.43791242722463
43,Qwen3-14B [Non-thinking mode],128.35873386585416
43,Qwen3-14B [Thinking mode],137.36908309969834
43,Qwen3-30B-A3B [Non-thinking mode],128.86204603271284
43,Qwen3-30B-A3B [Thinking mode],137.95986817958476
43,Qwen3-30B-A3B-Instruct-2507 [Instruct (non-thinking)],134.41249752264608
43,Qwen3-30B-A3B-Thinking-2507 [Thinking],141.73283335434274
43,Qwen3-32B [Non-thinking mode],130.18167187264723
43,Qwen3-32B [Thinking mode],138.88961780769873
43,Qwen3-4B [Non-thinking mode],125.12301735949741
43,Qwen3-4B [Thinking mode],134.17060438868032
43,Qwen3-4B-Instruct-2507 [Instruct (non-thinking)],131.42597710344884
43,Qwen3-4B-Thinking-2507 [Thinking],136.98927633105876
43,Qwen3-8B [Non-thinking mode],127.83598443136684
43,Qwen3-8B [Thinking mode],135.368802250883
43,Qwen3.5-0.8B [Non-thinking rows],107.55111403410628
43,Qwen3.5-0.8B [Thinking (default)],110.66478949221306
43,Qwen3.5-27B [Thinking (default)],147.26895345639076
43,Qwen3.5-2B [Non-thinking rows],119.41096524756858
43,Qwen3.5-2B [Thinking (default)],129.5397822604993
43,Qwen3.5-35B-A3B [Thinking (default)],145.0689554049841
43,Qwen3.5-4B [Thinking (default)],142.25250936006174
43,Qwen3.5-9B [Thinking (default)],144.48796375045004
43,Qwen3.6-27B [Thinking (default)],149.08789907996643
43,Qwen3.6-35B-A3B [Thinking (default)],146.34528584081986
43,SmolLM-1.7B [Pretrained (PT)],91.84022721248081
43,SmolLM-1.7B-Instruct [Instruct/chat],77.05864258437619
43,SmolLM-135M [Pretrained (PT)],91.89534155546502
43,SmolLM-135M-Instruct [Instruct/chat],82.34245775239808
43,SmolLM-360M [Pretrained (PT)],91.4358458639698
43,SmolLM-360M-Instruct [Instruct/chat],100.17479644128497
43,SmolLM2-1.7B [Pretrained (PT)],95.22011955948105
43,SmolLM2-1.7B-Instruct [Instruct/chat],109.73781254738861
43,SmolLM2-135M [Pretrained (PT)],87.82742600814683
43,SmolLM2-135M-Instruct [Instruct/chat],96.59201881923259
43,SmolLM2-360M [Pretrained (PT)],91.16589630911528
43,SmolLM2-360M-Instruct [Instruct/chat],100.35815184411749
43,phi-1 [Pretrained (PT)],91.89219531476678
43,phi-1_5 [Pretrained (PT)],97.5079200689881
43,phi-2 [Pretrained (PT)],108.51992883520903
43,phi-4 [Pretrained (PT)],129.07478901931884
44,Gemma 1.1 2B IT [Instruction-tuned (IT)],95.98297326961536
44,Gemma 1.1 7B IT [Instruction-tuned (IT)],105.29956348904203
44,Gemma 2 27B IT [Instruction-tuned (IT)],121.96254886403975
44,Gemma 2 27B [Pretrained (PT)],115.95952393411159
44,Gemma 2 2B IT [Instruction-tuned (IT)],108.86919255101922
44,Gemma 2 2B [Pretrained (PT)],100.01535137692491
44,Gemma 2 9B IT [Instruction-tuned (IT)],119.2389619515376
44,Gemma 2 9B [Pretrained (PT)],113.74546770062149
44,Gemma 2B IT [Instruction-tuned (IT)],89.92676607704445
44,Gemma 2B [Pretrained (PT)],94.63443083559322
44,Gemma 3 12B IT [Instruction-tuned (IT)],128.0300807555186
44,Gemma 3 12B [Pretrained (PT)],118.00622756083794
44,Gemma 3 1B IT [Instruction-tuned (IT)],107.98785765552374
44,Gemma 3 1B [Pretrained (PT)],87.64728660231333
44,Gemma 3 27B IT [Instruction-tuned (IT)],130.3362665495614
44,Gemma 3 27B [Pretrained (PT)],120.3435542419467
44,Gemma 3 4B IT [Instruction-tuned (IT)],120.43130724157596
44,Gemma 3 4B [Pretrained (PT)],106.22320123899965
44,Gemma 3n E2B IT [Instruction-tuned (IT)],115.84976470755659
44,Gemma 3n E2B [Pretrained (PT)],99.96496546066643
44,Gemma 3n E4B IT [Instruction-tuned (IT)],122.5297281376628
44,Gemma 3n E4B [Pretrained (PT)],107.76138540689898
44,"Gemma 4 12B [IT, Thinking mode]",143.02378773995005
44,"Gemma 4 26B A4B [IT, Thinking mode]",146.0781844322779
44,"Gemma 4 31B [IT, Thinking mode]",148.5450312031429
44,"Gemma 4 E2B [IT, Thinking mode]",130.90102114231928
44,"Gemma 4 E4B [IT, Thinking mode]",135.50019887263744
44,Gemma 7B IT [Instruction-tuned (IT)],102.2084362046705
44,Gemma 7B [Pretrained (PT)],107.13980517271494
44,Llama-2-13b-chat-hf [Instruct/chat],101.60276463050127
44,Llama-2-13b-hf [Pretrained (PT)],105.36621210767345
44,Llama-2-7b-chat-hf [Instruct/chat],87.92116863481152
44,Llama-2-7b-hf [Pretrained (PT)],95.43712251852693
44,Llama-3.1-8B [Pretrained (PT)],90.49602468692477
44,Llama-3.1-8B-Instruct [Instruct/chat],109.66376792004766
44,Llama-3.2-1B [Pretrained (PT)],84.6395737554792
44,Llama-3.2-1B-Instruct [Instruct/chat],109.7872542405492
44,Llama-3.2-3B [Pretrained (PT)],102.84569193922997
44,Llama-3.2-3B-Instruct [Instruct/chat],111.23827562519367
44,Meta-Llama-3-8B [Pretrained (PT)],87.02508589562446
44,Meta-Llama-3-8B-Instruct [Instruct/chat],117.95616863535498
44,OLMo-1B-hf [Pretrained (PT)],90.92824393670915
44,OLMo-2-1124-7B-Instruct [Instruct/chat],112.59106133742762
44,OLMo-7B-Instruct-hf [Instruct/chat],100.20254718146354
44,OLMo-7B-hf [Pretrained (PT)],95.20361707773647
44,OLMoE-1B-7B-0125-Instruct [Instruct/chat],112.48358253284889
44,OLMoE-1B-7B-0924 [Pretrained (PT)],92.63058537752103
44,OLMoE-1B-7B-0924-Instruct [Instruct/chat],104.59562529368871
44,Phi-3-medium-128k-instruct [Instruct/chat],123.2540518305676
44,Phi-3-medium-4k-instruct [Instruct/chat],119.5122466076433
44,Phi-3-mini-128k-instruct [Instruct/chat],118.04293475227131
44,Phi-3-mini-4k-instruct [Instruct/chat],117.0701016796888
44,Phi-3-small-128k-instruct [Instruct/chat],124.91164465621877
44,Phi-3-small-8k-instruct [Instruct/chat],123.70183049974447
44,Phi-3.5-mini-instruct [Instruct/chat],117.56994301191664
44,Phi-4-mini-instruct [Instruct/chat],119.63019146714521
44,Qwen-1.8B-Chat [Instruct/chat],98.37071712443856
44,Qwen-14B-Chat [Instruct/chat],109.02406959254776
44,Qwen-7B-Chat [Instruct/chat],104.65457977710403
44,Qwen1.5-0.5B-Chat [Instruct/chat],75.35923428080653
44,Qwen1.5-1.8B [Base (no official chat academic scores)],101.85700597405729
44,Qwen1.5-1.8B-Chat [Instruct/chat],89.42525614955929
44,Qwen1.5-14B [Base (no official chat academic scores)],110.07002558151456
44,Qwen1.5-14B-Chat [Instruct/chat],103.3082706154608
44,Qwen1.5-32B [Base (no official chat academic scores)],117.1533991447424
44,Qwen1.5-32B-Chat [Instruct/chat],111.51146362922435
44,Qwen1.5-4B [Base (no official chat academic scores)],104.164691865575
44,Qwen1.5-4B-Chat [Instruct/chat],97.60341533476169
44,Qwen1.5-7B [Base (no official chat academic scores)],109.12176486196307
44,Qwen1.5-7B-Chat [Instruct/chat],103.97334706565165
44,Qwen2-0.5B-Instruct [Instruct/chat],98.80198195070552
44,Qwen2-1.5B-Instruct [Instruct/chat],107.15053952381098
44,Qwen2-7B-Instruct [Instruct/chat],118.21626586582865
44,Qwen2.5-0.5B-Instruct [Instruct/chat],104.20427144268214
44,Qwen2.5-1.5B-Instruct [Instruct/chat],113.39413024412872
44,Qwen2.5-14B-Instruct [Instruct/chat],127.96974854969307
44,Qwen2.5-32B-Instruct [Instruct/chat],130.66534637145006
44,Qwen2.5-3B-Instruct [Instruct/chat],118.88730719609143
44,Qwen2.5-7B-Instruct [Instruct/chat],124.22131970462321
44,Qwen3-0.6B [Non-thinking mode],111.23404421807163
44,Qwen3-0.6B [Thinking mode],112.12106857379177
44,Qwen3-1.7B [Non-thinking mode],120.04794758438007
44,Qwen3-1.7B [Thinking mode],126.42429552084057
44,Qwen3-14B [Non-thinking mode],130.33931875982756
44,Qwen3-14B [Thinking mode],137.45413130703375
44,Qwen3-30B-A3B [Non-thinking mode],128.8957837695932
44,Qwen3-30B-A3B [Thinking mode],137.58245778611317
44,Qwen3-30B-A3B-Instruct-2507 [Instruct (non-thinking)],135.84255199344025
44,Qwen3-30B-A3B-Thinking-2507 [Thinking],141.41811152267167
44,Qwen3-32B [Non-thinking mode],130.39209361293337
44,Qwen3-32B [Thinking mode],138.4960209792529
44,Qwen3-4B [Non-thinking mode],125.71748948171707
44,Qwen3-4B [Thinking mode],134.94998757302392
44,Qwen3-4B-Instruct-2507 [Instruct (non-thinking)],132.32528849416698
44,Qwen3-4B-Thinking-2507 [Thinking],136.08187612496567
44,Qwen3-8B [Non-thinking mode],127.67636479958372
44,Qwen3-8B [Thinking mode],136.0762606501416
44,Qwen3.5-0.8B [Non-thinking rows],108.14321992171858
44,Qwen3.5-0.8B [Thinking (default)],114.21215527118623
44,Qwen3.5-27B [Thinking (default)],147.49847430146139
44,Qwen3.5-2B [Non-thinking rows],120.73547203705026
44,Qwen3.5-2B [Thinking (default)],130.00806174979425
44,Qwen3.5-35B-A3B [Thinking (default)],144.9742497580841
44,Qwen3.5-4B [Thinking (default)],140.30338465312647
44,Qwen3.5-9B [Thinking (default)],143.19448490161008
44,Qwen3.6-27B [Thinking (default)],150.20238092715033
44,Qwen3.6-35B-A3B [Thinking (default)],145.1144064112349
44,SmolLM-1.7B [Pretrained (PT)],90.81372007551859
44,SmolLM-1.7B-Instruct [Instruct/chat],92.90200684617963
44,SmolLM-135M [Pretrained (PT)],77.27859627886289
44,SmolLM-135M-Instruct [Instruct/chat],77.99007938910498
44,SmolLM-360M [Pretrained (PT)],92.69166486384484
44,SmolLM-360M-Instruct [Instruct/chat],86.69625575461106
44,SmolLM2-1.7B [Pretrained (PT)],94.48457693433453
44,SmolLM2-1.7B-Instruct [Instruct/chat],105.87200219271125
44,SmolLM2-135M [Pretrained (PT)],83.65120412960943
44,SmolLM2-135M-Instruct [Instruct/chat],95.16056736757805
44,SmolLM2-360M [Pretrained (PT)],74.73661722005042
44,SmolLM2-360M-Instruct [Instruct/chat],80.1915325359588
44,phi-1 [Pretrained (PT)],79.44581552998235
44,phi-1_5 [Pretrained (PT)],85.47892808694301
44,phi-2 [Pretrained (PT)],111.39968457834973
44,phi-4 [Pretrained (PT)],85.55769567730991
45,Gemma 1.1 2B IT [Instruction-tuned (IT)],96.83837938902116
45,Gemma 1.1 7B IT [Instruction-tuned (IT)],106.43848190375667
45,Gemma 2 27B IT [Instruction-tuned (IT)],120.81733276452049
45,Gemma 2 27B [Pretrained (PT)],114.39615799549892
45,Gemma 2 2B IT [Instruction-tuned (IT)],112.16937217653803
45,Gemma 2 2B [Pretrained (PT)],100.83644092311077
45,Gemma 2 9B IT [Instruction-tuned (IT)],119.1008209552044
45,Gemma 2 9B [Pretrained (PT)],113.03742083103707
45,Gemma 2B IT [Instruction-tuned (IT)],87.34408611943394
45,Gemma 2B [Pretrained (PT)],97.23375285104419
45,Gemma 3 12B IT [Instruction-tuned (IT)],125.14341391965122
45,Gemma 3 12B [Pretrained (PT)],113.33754334124258
45,Gemma 3 1B IT [Instruction-tuned (IT)],76.68868003375397
45,Gemma 3 1B [Pretrained (PT)],85.99679194055031
45,Gemma 3 27B IT [Instruction-tuned (IT)],128.75369426834055
45,Gemma 3 27B [Pretrained (PT)],116.33261878446156
45,Gemma 3 4B IT [Instruction-tuned (IT)],105.41497689830598
45,Gemma 3 4B [Pretrained (PT)],105.2272817660099
45,Gemma 3n E2B IT [Instruction-tuned (IT)],113.33504529065237
45,Gemma 3n E2B [Pretrained (PT)],102.06199563706524
45,Gemma 3n E4B IT [Instruction-tuned (IT)],113.76952614369141
45,Gemma 3n E4B [Pretrained (PT)],107.34144048478424
45,"Gemma 4 12B [IT, Thinking mode]",140.27785935782518
45,"Gemma 4 26B A4B [IT, Thinking mode]",141.70515728346686
45,"Gemma 4 31B [IT, Thinking mode]",144.7703741773626
45,"Gemma 4 E2B [IT, Thinking mode]",129.28402447247856
45,"Gemma 4 E4B [IT, Thinking mode]",132.54293960009585
45,Gemma 7B IT [Instruction-tuned (IT)],101.83167592398156
45,Gemma 7B [Pretrained (PT)],108.87225242024412
45,Llama-2-13b-chat-hf [Instruct/chat],101.92789283867128
45,Llama-2-13b-hf [Pretrained (PT)],107.10822838060584
45,Llama-2-7b-chat-hf [Instruct/chat],88.23623678163392
45,Llama-2-7b-hf [Pretrained (PT)],99.4851183172564
45,Llama-3.1-8B [Pretrained (PT)],102.96261234855459
45,Llama-3.1-8B-Instruct [Instruct/chat],113.69507551522341
45,Llama-3.2-1B [Pretrained (PT)],86.06045589723522
45,Llama-3.2-1B-Instruct [Instruct/chat],109.16543743461044
45,Llama-3.2-3B [Pretrained (PT)],103.21214258018259
45,Llama-3.2-3B-Instruct [Instruct/chat],112.31626646318128
45,Meta-Llama-3-8B [Pretrained (PT)],111.53938547501338
45,Meta-Llama-3-8B-Instruct [Instruct/chat],115.01989556743726
45,OLMo-1B-hf [Pretrained (PT)],91.46493462282916
45,OLMo-2-1124-7B-Instruct [Instruct/chat],115.17214713693645
45,OLMo-7B-Instruct-hf [Instruct/chat],101.76262247917364
45,OLMo-7B-hf [Pretrained (PT)],95.52554688013144
45,OLMoE-1B-7B-0125-Instruct [Instruct/chat],109.186733098814
45,OLMoE-1B-7B-0924 [Pretrained (PT)],93.36446833137546
45,OLMoE-1B-7B-0924-Instruct [Instruct/chat],98.53856185610913
45,Phi-3-medium-128k-instruct [Instruct/chat],122.00677775499706
45,Phi-3-medium-4k-instruct [Instruct/chat],119.55442852255706
45,Phi-3-mini-128k-instruct [Instruct/chat],116.56231174712214
45,Phi-3-mini-4k-instruct [Instruct/chat],115.18464593928843
45,Phi-3-small-128k-instruct [Instruct/chat],119.74559120247378
45,Phi-3-small-8k-instruct [Instruct/chat],121.14981865038222
45,Phi-3.5-mini-instruct [Instruct/chat],116.61803248899862
45,Phi-4-mini-instruct [Instruct/chat],117.91954388367397
45,Qwen-1.8B-Chat [Instruct/chat],100.7195895190794
45,Qwen-14B-Chat [Instruct/chat],109.81829465231195
45,Qwen-7B-Chat [Instruct/chat],106.27956151566596
45,Qwen1.5-0.5B-Chat [Instruct/chat],86.40231977030383
45,Qwen1.5-1.8B [Base (no official chat academic scores)],103.55848096843161
45,Qwen1.5-1.8B-Chat [Instruct/chat],93.54212284187327
45,Qwen1.5-14B [Base (no official chat academic scores)],110.58206611669821
45,Qwen1.5-14B-Chat [Instruct/chat],105.43822361582355
45,Qwen1.5-32B [Base (no official chat academic scores)],114.46970673678108
45,Qwen1.5-32B-Chat [Instruct/chat],117.27637696582848
45,Qwen1.5-4B [Base (no official chat academic scores)],103.9512015931395
45,Qwen1.5-4B-Chat [Instruct/chat],98.21031714007444
45,Qwen1.5-7B [Base (no official chat academic scores)],109.63631780722162
45,Qwen1.5-7B-Chat [Instruct/chat],99.6553243824792
45,Qwen2-0.5B-Instruct [Instruct/chat],95.6280589676144
45,Qwen2-1.5B-Instruct [Instruct/chat],106.74608102957653
45,Qwen2-7B-Instruct [Instruct/chat],118.3098729616688
45,Qwen2.5-0.5B-Instruct [Instruct/chat],102.20722149779706
45,Qwen2.5-1.5B-Instruct [Instruct/chat],112.56447939421304
45,Qwen2.5-14B-Instruct [Instruct/chat],125.80994601709534
45,Qwen2.5-32B-Instruct [Instruct/chat],127.4402058436137
45,Qwen2.5-3B-Instruct [Instruct/chat],118.29710771297175
45,Qwen2.5-7B-Instruct [Instruct/chat],122.28360480118033
45,Qwen3-0.6B [Non-thinking mode],92.3841925810977
45,Qwen3-0.6B [Thinking mode],112.75727255084908
45,Qwen3-1.7B [Non-thinking mode],117.55268807647394
45,Qwen3-1.7B [Thinking mode],122.38395106843294
45,Qwen3-14B [Non-thinking mode],127.80359053945091
45,Qwen3-14B [Thinking mode],136.07325281705678
45,Qwen3-30B-A3B [Non-thinking mode],128.0746114014554
45,Qwen3-30B-A3B [Thinking mode],136.7057102038262
45,Qwen3-30B-A3B-Instruct-2507 [Instruct (non-thinking)],134.2432931067168
45,Qwen3-30B-A3B-Thinking-2507 [Thinking],140.87537423063182
45,Qwen3-32B [Non-thinking mode],128.77798241245588
45,Qwen3-32B [Thinking mode],137.7329335049954
45,Qwen3-4B [Non-thinking mode],124.82456975815302
45,Qwen3-4B [Thinking mode],132.3433434189754
45,Qwen3-4B-Instruct-2507 [Instruct (non-thinking)],130.87183636562094
45,Qwen3-4B-Thinking-2507 [Thinking],136.57502092132637
45,Qwen3-8B [Non-thinking mode],126.5109299677418
45,Qwen3-8B [Thinking mode],135.21467792459634
45,Qwen3.5-0.8B [Non-thinking rows],90.52626940932105
45,Qwen3.5-0.8B [Thinking (default)],109.99939108169423
45,Qwen3.5-27B [Thinking (default)],147.19613569093423
45,Qwen3.5-2B [Non-thinking rows],119.36420007896284
45,Qwen3.5-2B [Thinking (default)],128.95841446993992
45,Qwen3.5-35B-A3B [Thinking (default)],144.01091328352487
45,Qwen3.5-4B [Thinking (default)],140.87337203887125
45,Qwen3.5-9B [Thinking (default)],143.83391481718678
45,Qwen3.6-27B [Thinking (default)],148.04375137669206
45,Qwen3.6-35B-A3B [Thinking (default)],147.00215050437234
45,SmolLM-1.7B [Pretrained (PT)],93.73728659864153
45,SmolLM-1.7B-Instruct [Instruct/chat],78.5279880049923
45,SmolLM-135M [Pretrained (PT)],94.7442416357108
45,SmolLM-135M-Instruct [Instruct/chat],83.83519095325481
45,SmolLM-360M [Pretrained (PT)],90.2860431798328
45,SmolLM-360M-Instruct [Instruct/chat],91.16323804197401
45,SmolLM2-1.7B [Pretrained (PT)],101.35011694006218
45,SmolLM2-1.7B-Instruct [Instruct/chat],104.15491805266626
45,SmolLM2-135M [Pretrained (PT)],91.17921469076967
45,SmolLM2-135M-Instruct [Instruct/chat],97.09429081898925
45,SmolLM2-360M [Pretrained (PT)],92.60235604747012
45,SmolLM2-360M-Instruct [Instruct/chat],82.48713929813734
45,phi-1 [Pretrained (PT)],91.27949417410716
45,phi-1_5 [Pretrained (PT)],95.64707187474404
45,phi-2 [Pretrained (PT)],110.31823680922135
45,phi-4 [Pretrained (PT)],128.2203742468824
46,Gemma 1.1 2B IT [Instruction-tuned (IT)],93.83570632011481
46,Gemma 1.1 7B IT [Instruction-tuned (IT)],106.27525459875874
46,Gemma 2 27B IT [Instruction-tuned (IT)],124.81265156548152
46,Gemma 2 27B [Pretrained (PT)],113.11919908686616
46,Gemma 2 2B IT [Instruction-tuned (IT)],107.35654557322519
46,Gemma 2 2B [Pretrained (PT)],99.54231704196224
46,Gemma 2 9B IT [Instruction-tuned (IT)],120.99108635256833
46,Gemma 2 9B [Pretrained (PT)],108.16335146942959
46,Gemma 2B IT [Instruction-tuned (IT)],85.30083395040616
46,Gemma 2B [Pretrained (PT)],94.56231576450254
46,Gemma 3 12B IT [Instruction-tuned (IT)],127.12704140645315
46,Gemma 3 12B [Pretrained (PT)],115.3023596555214
46,Gemma 3 1B IT [Instruction-tuned (IT)],103.17496085123476
46,Gemma 3 1B [Pretrained (PT)],89.50722832104942
46,Gemma 3 27B IT [Instruction-tuned (IT)],129.85499994826708
46,Gemma 3 27B [Pretrained (PT)],118.58147819614648
46,Gemma 3 4B IT [Instruction-tuned (IT)],121.4640209587565
46,Gemma 3 4B [Pretrained (PT)],105.13710223832803
46,Gemma 3n E2B IT [Instruction-tuned (IT)],115.56293038182429
46,Gemma 3n E2B [Pretrained (PT)],99.46084906824653
46,Gemma 3n E4B IT [Instruction-tuned (IT)],116.97897561879199
46,Gemma 3n E4B [Pretrained (PT)],106.63473514890302
46,"Gemma 4 12B [IT, Thinking mode]",141.09497267607506
46,"Gemma 4 26B A4B [IT, Thinking mode]",142.5380268280103
46,"Gemma 4 31B [IT, Thinking mode]",144.34648774908877
46,"Gemma 4 E2B [IT, Thinking mode]",132.0606747937173
46,"Gemma 4 E4B [IT, Thinking mode]",135.1830378023714
46,Gemma 7B IT [Instruction-tuned (IT)],101.37246037093234
46,Gemma 7B [Pretrained (PT)],108.41623644367138
46,Llama-2-13b-chat-hf [Instruct/chat],107.78106027906854
46,Llama-2-13b-hf [Pretrained (PT)],103.6905534986945
46,Llama-2-7b-chat-hf [Instruct/chat],88.3369419128453
46,Llama-2-7b-hf [Pretrained (PT)],101.19420773018378
46,Llama-3.1-8B [Pretrained (PT)],115.44673308138995
46,Llama-3.1-8B-Instruct [Instruct/chat],115.3529449184148
46,Llama-3.2-1B [Pretrained (PT)],84.87738407821666
46,Llama-3.2-1B-Instruct [Instruct/chat],114.18801773005805
46,Llama-3.2-3B [Pretrained (PT)],99.05435935872052
46,Llama-3.2-3B-Instruct [Instruct/chat],121.97508783215858
46,Meta-Llama-3-8B [Pretrained (PT)],114.12959720670088
46,Meta-Llama-3-8B-Instruct [Instruct/chat],117.76441728259958
46,OLMo-1B-hf [Pretrained (PT)],98.62800883762716
46,OLMo-2-1124-7B-Instruct [Instruct/chat],120.00791702136429
46,OLMo-7B-Instruct-hf [Instruct/chat],101.5283743002366
46,OLMo-7B-hf [Pretrained (PT)],100.49813975964786
46,OLMoE-1B-7B-0125-Instruct [Instruct/chat],117.46259494209089
46,OLMoE-1B-7B-0924 [Pretrained (PT)],99.49339589370359
46,OLMoE-1B-7B-0924-Instruct [Instruct/chat],110.85324849101472
46,Phi-3-medium-128k-instruct [Instruct/chat],121.97090432418912
46,Phi-3-medium-4k-instruct [Instruct/chat],125.71737882215345
46,Phi-3-mini-128k-instruct [Instruct/chat],119.13336398382542
46,Phi-3-mini-4k-instruct [Instruct/chat],117.55602863616073
46,Phi-3-small-128k-instruct [Instruct/chat],121.8154773429213
46,Phi-3-small-8k-instruct [Instruct/chat],122.08261293905083
46,Phi-3.5-mini-instruct [Instruct/chat],121.29000106105049
46,Phi-4-mini-instruct [Instruct/chat],121.72406546521233
46,Qwen-1.8B-Chat [Instruct/chat],99.43249494427934
46,Qwen-14B-Chat [Instruct/chat],111.74035768028722
46,Qwen-7B-Chat [Instruct/chat],106.05789573875452
46,Qwen1.5-0.5B-Chat [Instruct/chat],83.5219501815101
46,Qwen1.5-1.8B [Base (no official chat academic scores)],101.22293370621952
46,Qwen1.5-1.8B-Chat [Instruct/chat],93.26242929168184
46,Qwen1.5-14B [Base (no official chat academic scores)],112.69511603119827
46,Qwen1.5-14B-Chat [Instruct/chat],106.60587223455036
46,Qwen1.5-32B [Base (no official chat academic scores)],114.33750385257163
46,Qwen1.5-32B-Chat [Instruct/chat],118.41583386441978
46,Qwen1.5-4B [Base (no official chat academic scores)],107.63244019861445
46,Qwen1.5-4B-Chat [Instruct/chat],99.93350876881668
46,Qwen1.5-7B [Base (no official chat academic scores)],109.4167396535738
46,Qwen1.5-7B-Chat [Instruct/chat],105.5657348332146
46,Qwen2-0.5B-Instruct [Instruct/chat],93.65452212503939
46,Qwen2-1.5B-Instruct [Instruct/chat],110.9310572099629
46,Qwen2-7B-Instruct [Instruct/chat],121.86673292199329
46,Qwen2.5-0.5B-Instruct [Instruct/chat],106.24876184173687
46,Qwen2.5-1.5B-Instruct [Instruct/chat],119.12504619481122
46,Qwen2.5-14B-Instruct [Instruct/chat],129.27616823142992
46,Qwen2.5-32B-Instruct [Instruct/chat],130.8391786496794
46,Qwen2.5-3B-Instruct [Instruct/chat],121.97541511533521
46,Qwen2.5-7B-Instruct [Instruct/chat],124.29032094292656
46,Qwen3-0.6B [Non-thinking mode],113.00326594612596
46,Qwen3-0.6B [Thinking mode],118.704523701935
46,Qwen3-1.7B [Non-thinking mode],120.563352996813
46,Qwen3-1.7B [Thinking mode],127.08485767472638
46,Qwen3-14B [Non-thinking mode],130.49924337922258
46,Qwen3-14B [Thinking mode],138.3370363190167
46,Qwen3-30B-A3B [Non-thinking mode],130.6495283076085
46,Qwen3-30B-A3B [Thinking mode],137.9333522116005
46,Qwen3-30B-A3B-Instruct-2507 [Instruct (non-thinking)],136.35571461673192
46,Qwen3-30B-A3B-Thinking-2507 [Thinking],140.89146661301712
46,Qwen3-32B [Non-thinking mode],130.60441423089605
46,Qwen3-32B [Thinking mode],138.48496066431622
46,Qwen3-4B [Non-thinking mode],127.35444340030207
46,Qwen3-4B [Thinking mode],135.3947182890824
46,Qwen3-4B-Instruct-2507 [Instruct (non-thinking)],133.64449378977133
46,Qwen3-4B-Thinking-2507 [Thinking],138.17641255548892
46,Qwen3-8B [Non-thinking mode],129.78985961252462
46,Qwen3-8B [Thinking mode],136.53092660042216
46,Qwen3.5-0.8B [Non-thinking rows],114.63672329453505
46,Qwen3.5-0.8B [Thinking (default)],112.65457878633171
46,Qwen3.5-27B [Thinking (default)],146.35411303765306
46,Qwen3.5-2B [Non-thinking rows],124.33865787702688
46,Qwen3.5-2B [Thinking (default)],131.97526584434914
46,Qwen3.5-35B-A3B [Thinking (default)],145.02396585195345
46,Qwen3.5-4B [Thinking (default)],142.15667155965025
46,Qwen3.5-9B [Thinking (default)],144.00101928803295
46,Qwen3.6-27B [Thinking (default)],149.8826675938396
46,Qwen3.6-35B-A3B [Thinking (default)],145.43646713616522
46,SmolLM-1.7B [Pretrained (PT)],86.01631255670928
46,SmolLM-1.7B-Instruct [Instruct/chat],99.69826080524062
46,SmolLM-135M [Pretrained (PT)],99.65987029880343
46,SmolLM-135M-Instruct [Instruct/chat],90.23108103118288
46,SmolLM-360M [Pretrained (PT)],95.6560160641246
46,SmolLM-360M-Instruct [Instruct/chat],93.71766156402124
46,SmolLM2-1.7B [Pretrained (PT)],107.37458924085709
46,SmolLM2-1.7B-Instruct [Instruct/chat],111.62418677669963
46,SmolLM2-135M [Pretrained (PT)],94.65234642775376
46,SmolLM2-135M-Instruct [Instruct/chat],102.643724572134
46,SmolLM2-360M [Pretrained (PT)],97.9349864170884
46,SmolLM2-360M-Instruct [Instruct/chat],88.92850648770134
46,phi-1 [Pretrained (PT)],99.02600390078226
46,phi-1_5 [Pretrained (PT)],96.5129881666807
46,phi-2 [Pretrained (PT)],108.10178035230679
46,phi-4 [Pretrained (PT)],132.46686092765506
47,Gemma 1.1 2B IT [Instruction-tuned (IT)],102.45634593272983
47,Gemma 1.1 7B IT [Instruction-tuned (IT)],107.24442886127888
47,Gemma 2 27B IT [Instruction-tuned (IT)],123.63866233557013
47,Gemma 2 27B [Pretrained (PT)],114.31450047210656
47,Gemma 2 2B IT [Instruction-tuned (IT)],107.2654505466292
47,Gemma 2 2B [Pretrained (PT)],98.29659317069851
47,Gemma 2 9B IT [Instruction-tuned (IT)],120.26640020504944
47,Gemma 2 9B [Pretrained (PT)],112.43498065414116
47,Gemma 2B IT [Instruction-tuned (IT)],90.7153426085812
47,Gemma 2B [Pretrained (PT)],94.65553814632159
47,Gemma 3 12B IT [Instruction-tuned (IT)],127.00943242317497
47,Gemma 3 12B [Pretrained (PT)],113.92249586016474
47,Gemma 3 1B IT [Instruction-tuned (IT)],110.02191615251401
47,Gemma 3 1B [Pretrained (PT)],86.95879583140598
47,Gemma 3 27B IT [Instruction-tuned (IT)],129.49076941788252
47,Gemma 3 27B [Pretrained (PT)],118.48216629032214
47,Gemma 3 4B IT [Instruction-tuned (IT)],121.59283841947033
47,Gemma 3 4B [Pretrained (PT)],103.82428562558695
47,Gemma 3n E2B IT [Instruction-tuned (IT)],113.52068260222728
47,Gemma 3n E2B [Pretrained (PT)],101.52749929227829
47,Gemma 3n E4B IT [Instruction-tuned (IT)],118.92111322384167
47,Gemma 3n E4B [Pretrained (PT)],107.8672774514603
47,"Gemma 4 12B [IT, Thinking mode]",141.9796023783507
47,"Gemma 4 26B A4B [IT, Thinking mode]",145.16923358097813
47,"Gemma 4 31B [IT, Thinking mode]",146.76152373033727
47,"Gemma 4 E2B [IT, Thinking mode]",130.93543952968085
47,"Gemma 4 E4B [IT, Thinking mode]",133.99941410202922
47,Gemma 7B IT [Instruction-tuned (IT)],100.37636342820039
47,Gemma 7B [Pretrained (PT)],106.61108833224883
47,Llama-2-13b-chat-hf [Instruct/chat],106.85196882486761
47,Llama-2-13b-hf [Pretrained (PT)],106.92909188810316
47,Llama-2-7b-chat-hf [Instruct/chat],105.77197075827009
47,Llama-2-7b-hf [Pretrained (PT)],98.44812958753457
47,Llama-3.1-8B [Pretrained (PT)],100.05692199425104
47,Llama-3.1-8B-Instruct [Instruct/chat],108.14253300361639
47,Llama-3.2-1B [Pretrained (PT)],78.22170635685737
47,Llama-3.2-1B-Instruct [Instruct/chat],114.50576469531603
47,Llama-3.2-3B [Pretrained (PT)],104.51254904032164
47,Llama-3.2-3B-Instruct [Instruct/chat],119.37687605772022
47,Meta-Llama-3-8B [Pretrained (PT)],96.97636928274297
47,Meta-Llama-3-8B-Instruct [Instruct/chat],120.00737632326918
47,OLMo-1B-hf [Pretrained (PT)],82.1464800918773
47,OLMo-2-1124-7B-Instruct [Instruct/chat],114.56291065498425
47,OLMo-7B-Instruct-hf [Instruct/chat],103.00628704858073
47,OLMo-7B-hf [Pretrained (PT)],88.41230245854041
47,OLMoE-1B-7B-0125-Instruct [Instruct/chat],114.49041476984634
47,OLMoE-1B-7B-0924 [Pretrained (PT)],95.27734237373485
47,OLMoE-1B-7B-0924-Instruct [Instruct/chat],103.98378857618854
47,Phi-3-medium-128k-instruct [Instruct/chat],121.04387527429128
47,Phi-3-medium-4k-instruct [Instruct/chat],120.83070281838457
47,Phi-3-mini-128k-instruct [Instruct/chat],118.42457705643366
47,Phi-3-mini-4k-instruct [Instruct/chat],117.53692976613188
47,Phi-3-small-128k-instruct [Instruct/chat],124.49557172123302
47,Phi-3-small-8k-instruct [Instruct/chat],120.8938053301325
47,Phi-3.5-mini-instruct [Instruct/chat],119.80336256896678
47,Phi-4-mini-instruct [Instruct/chat],120.10661826164214
47,Qwen-1.8B-Chat [Instruct/chat],97.66142177418601
47,Qwen-14B-Chat [Instruct/chat],108.78885676643846
47,Qwen-7B-Chat [Instruct/chat],104.4940051894642
47,Qwen1.5-0.5B-Chat [Instruct/chat],85.48564632962038
47,Qwen1.5-1.8B [Base (no official chat academic scores)],99.71529237710868
47,Qwen1.5-1.8B-Chat [Instruct/chat],92.11432409797779
47,Qwen1.5-14B [Base (no official chat academic scores)],111.33371490705791
47,Qwen1.5-14B-Chat [Instruct/chat],114.51725905014953
47,Qwen1.5-32B [Base (no official chat academic scores)],112.99901163576693
47,Qwen1.5-32B-Chat [Instruct/chat],116.8888885031117
47,Qwen1.5-4B [Base (no official chat academic scores)],103.88520061016158
47,Qwen1.5-4B-Chat [Instruct/chat],102.94438358931437
47,Qwen1.5-7B [Base (no official chat academic scores)],105.55066290282598
47,Qwen1.5-7B-Chat [Instruct/chat],106.50556382921012
47,Qwen2-0.5B-Instruct [Instruct/chat],98.05783062564265
47,Qwen2-1.5B-Instruct [Instruct/chat],107.43897511836067
47,Qwen2-7B-Instruct [Instruct/chat],119.40855992826747
47,Qwen2.5-0.5B-Instruct [Instruct/chat],104.35927581426802
47,Qwen2.5-1.5B-Instruct [Instruct/chat],113.81015315076073
47,Qwen2.5-14B-Instruct [Instruct/chat],127.64739363563879
47,Qwen2.5-32B-Instruct [Instruct/chat],130.49959061879943
47,Qwen2.5-3B-Instruct [Instruct/chat],119.3112191381342
47,Qwen2.5-7B-Instruct [Instruct/chat],124.11009012151847
47,Qwen3-0.6B [Non-thinking mode],111.55703885067297
47,Qwen3-0.6B [Thinking mode],113.43181597416519
47,Qwen3-1.7B [Non-thinking mode],120.21035198400614
47,Qwen3-1.7B [Thinking mode],124.54075123648414
47,Qwen3-14B [Non-thinking mode],130.27553643228276
47,Qwen3-14B [Thinking mode],136.4566303040681
47,Qwen3-30B-A3B [Non-thinking mode],130.95081082623332
47,Qwen3-30B-A3B [Thinking mode],137.2534905516578
47,Qwen3-30B-A3B-Instruct-2507 [Instruct (non-thinking)],135.97705079961452
47,Qwen3-30B-A3B-Thinking-2507 [Thinking],140.08166525575197
47,Qwen3-32B [Non-thinking mode],130.98886972158206
47,Qwen3-32B [Thinking mode],138.32168846936284
47,Qwen3-4B [Non-thinking mode],127.40682162000385
47,Qwen3-4B [Thinking mode],132.7692645448647
47,Qwen3-4B-Instruct-2507 [Instruct (non-thinking)],131.21014463139488
47,Qwen3-4B-Thinking-2507 [Thinking],137.2286883038425
47,Qwen3-8B [Non-thinking mode],128.44072754193311
47,Qwen3-8B [Thinking mode],136.41919225359888
47,Qwen3.5-0.8B [Non-thinking rows],103.82034184873996
47,Qwen3.5-0.8B [Thinking (default)],115.18707739518081
47,Qwen3.5-27B [Thinking (default)],146.96662130164165
47,Qwen3.5-2B [Non-thinking rows],119.65881297845672
47,Qwen3.5-2B [Thinking (default)],130.0729304644462
47,Qwen3.5-35B-A3B [Thinking (default)],144.22166802757002
47,Qwen3.5-4B [Thinking (default)],140.44965743585135
47,Qwen3.5-9B [Thinking (default)],144.0711510846506
47,Qwen3.6-27B [Thinking (default)],148.48899028434022
47,Qwen3.6-35B-A3B [Thinking (default)],146.02197222196753
47,SmolLM-1.7B [Pretrained (PT)],98.55035687993893
47,SmolLM-1.7B-Instruct [Instruct/chat],76.05468162989591
47,SmolLM-135M [Pretrained (PT)],92.40413611381388
47,SmolLM-135M-Instruct [Instruct/chat],86.29921173466303
47,SmolLM-360M [Pretrained (PT)],95.84174021770704
47,SmolLM-360M-Instruct [Instruct/chat],94.47725867397358
47,SmolLM2-1.7B [Pretrained (PT)],103.14897820210736
47,SmolLM2-1.7B-Instruct [Instruct/chat],111.44744724644177
47,SmolLM2-135M [Pretrained (PT)],94.55240192445564
47,SmolLM2-135M-Instruct [Instruct/chat],100.09468712795483
47,SmolLM2-360M [Pretrained (PT)],96.14052514023133
47,SmolLM2-360M-Instruct [Instruct/chat],78.31947194017803
47,phi-1 [Pretrained (PT)],95.95126517976325
47,phi-1_5 [Pretrained (PT)],92.68750611462313
47,phi-2 [Pretrained (PT)],106.21346394910462
47,phi-4 [Pretrained (PT)],130.91588301733438
48,Gemma 1.1 2B IT [Instruction-tuned (IT)],90.58487370754156
48,Gemma 1.1 7B IT [Instruction-tuned (IT)],106.04396164972177
48,Gemma 2 27B IT [Instruction-tuned (IT)],121.51314277868146
48,Gemma 2 27B [Pretrained (PT)],115.75584913357025
48,Gemma 2 2B IT [Instruction-tuned (IT)],105.5120933002056
48,Gemma 2 2B [Pretrained (PT)],97.23761526475998
48,Gemma 2 9B IT [Instruction-tuned (IT)],120.83039749943403
48,Gemma 2 9B [Pretrained (PT)],113.65677453646141
48,Gemma 2B IT [Instruction-tuned (IT)],86.00715709986233
48,Gemma 2B [Pretrained (PT)],94.06232867383692
48,Gemma 3 12B IT [Instruction-tuned (IT)],128.4703069365031
48,Gemma 3 12B [Pretrained (PT)],114.95104180369727
48,Gemma 3 1B IT [Instruction-tuned (IT)],111.6041479156988
48,Gemma 3 1B [Pretrained (PT)],81.31125899677937
48,Gemma 3 27B IT [Instruction-tuned (IT)],130.0391994739384
48,Gemma 3 27B [Pretrained (PT)],119.5080438328218
48,Gemma 3 4B IT [Instruction-tuned (IT)],123.21113678521343
48,Gemma 3 4B [Pretrained (PT)],104.43479301252844
48,Gemma 3n E2B IT [Instruction-tuned (IT)],107.35718920837235
48,Gemma 3n E2B [Pretrained (PT)],98.11668544010908
48,Gemma 3n E4B IT [Instruction-tuned (IT)],117.38872247783281
48,Gemma 3n E4B [Pretrained (PT)],107.7506279000352
48,"Gemma 4 12B [IT, Thinking mode]",140.26688211941976
48,"Gemma 4 26B A4B [IT, Thinking mode]",143.22153627437746
48,"Gemma 4 31B [IT, Thinking mode]",144.5206266741792
48,"Gemma 4 E2B [IT, Thinking mode]",129.96286728308584
48,"Gemma 4 E4B [IT, Thinking mode]",133.5549754747922
48,Gemma 7B IT [Instruction-tuned (IT)],99.6733578677965
48,Gemma 7B [Pretrained (PT)],108.94881591106444
48,Llama-2-13b-chat-hf [Instruct/chat],91.79759992099366
48,Llama-2-13b-hf [Pretrained (PT)],105.63041080394366
48,Llama-2-7b-chat-hf [Instruct/chat],101.13820875093343
48,Llama-2-7b-hf [Pretrained (PT)],96.79262895773134
48,Llama-3.1-8B [Pretrained (PT)],111.84649115278128
48,Llama-3.1-8B-Instruct [Instruct/chat],117.01183888307783
48,Llama-3.2-1B [Pretrained (PT)],82.4189066470814
48,Llama-3.2-1B-Instruct [Instruct/chat],111.76749796262848
48,Llama-3.2-3B [Pretrained (PT)],101.66421391825597
48,Llama-3.2-3B-Instruct [Instruct/chat],117.66059138587833
48,Meta-Llama-3-8B [Pretrained (PT)],94.27373162351753
48,Meta-Llama-3-8B-Instruct [Instruct/chat],116.04785155182154
48,OLMo-1B-hf [Pretrained (PT)],94.1994383072399
48,OLMo-2-1124-7B-Instruct [Instruct/chat],115.53053383812363
48,OLMo-7B-Instruct-hf [Instruct/chat],101.09951612589097
48,OLMo-7B-hf [Pretrained (PT)],96.52408472100643
48,OLMoE-1B-7B-0125-Instruct [Instruct/chat],113.22324293008069
48,OLMoE-1B-7B-0924 [Pretrained (PT)],95.67692750665682
48,OLMoE-1B-7B-0924-Instruct [Instruct/chat],100.80125720420153
48,Phi-3-medium-128k-instruct [Instruct/chat],121.97725168842926
48,Phi-3-medium-4k-instruct [Instruct/chat],119.55658413579452
48,Phi-3-mini-128k-instruct [Instruct/chat],116.41308252417628
48,Phi-3-mini-4k-instruct [Instruct/chat],116.42672066962068
48,Phi-3-small-128k-instruct [Instruct/chat],120.05469643565559
48,Phi-3-small-8k-instruct [Instruct/chat],120.24789237263627
48,Phi-3.5-mini-instruct [Instruct/chat],118.13545817759373
48,Phi-4-mini-instruct [Instruct/chat],119.1283952364644
48,Qwen-1.8B-Chat [Instruct/chat],97.83352931807372
48,Qwen-14B-Chat [Instruct/chat],107.80789064085891
48,Qwen-7B-Chat [Instruct/chat],104.24473002914188
48,Qwen1.5-0.5B-Chat [Instruct/chat],82.07514685804638
48,Qwen1.5-1.8B [Base (no official chat academic scores)],100.23557814349238
48,Qwen1.5-1.8B-Chat [Instruct/chat],93.3421886751735
48,Qwen1.5-14B [Base (no official chat academic scores)],111.99646007543578
48,Qwen1.5-14B-Chat [Instruct/chat],108.56832055873855
48,Qwen1.5-32B [Base (no official chat academic scores)],112.21034447894621
48,Qwen1.5-32B-Chat [Instruct/chat],118.31197827748218
48,Qwen1.5-4B [Base (no official chat academic scores)],104.91407171995326
48,Qwen1.5-4B-Chat [Instruct/chat],103.07513134983283
48,Qwen1.5-7B [Base (no official chat academic scores)],106.1679154465113
48,Qwen1.5-7B-Chat [Instruct/chat],94.08463688270905
48,Qwen2-0.5B-Instruct [Instruct/chat],95.23755152719096
48,Qwen2-1.5B-Instruct [Instruct/chat],103.30596522069163
48,Qwen2-7B-Instruct [Instruct/chat],117.8540731519527
48,Qwen2.5-0.5B-Instruct [Instruct/chat],106.1077381938947
48,Qwen2.5-1.5B-Instruct [Instruct/chat],116.03502203963534
48,Qwen2.5-14B-Instruct [Instruct/chat],127.33845523490236
48,Qwen2.5-32B-Instruct [Instruct/chat],129.36697904099904
48,Qwen2.5-3B-Instruct [Instruct/chat],119.55921069708236
48,Qwen2.5-7B-Instruct [Instruct/chat],123.86126555327135
48,Qwen3-0.6B [Non-thinking mode],104.93733070626368
48,Qwen3-0.6B [Thinking mode],111.06932970913797
48,Qwen3-1.7B [Non-thinking mode],118.7653542557045
48,Qwen3-1.7B [Thinking mode],126.46058046423146
48,Qwen3-14B [Non-thinking mode],129.47182821978947
48,Qwen3-14B [Thinking mode],138.50660979458291
48,Qwen3-30B-A3B [Non-thinking mode],131.846159189223
48,Qwen3-30B-A3B [Thinking mode],138.60316757446512
48,Qwen3-30B-A3B-Instruct-2507 [Instruct (non-thinking)],137.81323749649152
48,Qwen3-30B-A3B-Thinking-2507 [Thinking],141.69836062379832
48,Qwen3-32B [Non-thinking mode],131.77520803057226
48,Qwen3-32B [Thinking mode],139.19188548039588
48,Qwen3-4B [Non-thinking mode],126.57039206388234
48,Qwen3-4B [Thinking mode],134.86970556192367
48,Qwen3-4B-Instruct-2507 [Instruct (non-thinking)],134.45423983636616
48,Qwen3-4B-Thinking-2507 [Thinking],138.88053447860443
48,Qwen3-8B [Non-thinking mode],125.72239290561262
48,Qwen3-8B [Thinking mode],137.66564607803218
48,Qwen3.5-0.8B [Non-thinking rows],108.21988933133427
48,Qwen3.5-0.8B [Thinking (default)],115.96088063121152
48,Qwen3.5-27B [Thinking (default)],148.18018042081437
48,Qwen3.5-2B [Non-thinking rows],119.5014466328879
48,Qwen3.5-2B [Thinking (default)],130.90636286841257
48,Qwen3.5-35B-A3B [Thinking (default)],145.59660173576094
48,Qwen3.5-4B [Thinking (default)],141.570438748374
48,Qwen3.5-9B [Thinking (default)],144.864244376378
48,Qwen3.6-27B [Thinking (default)],149.02317037726067
48,Qwen3.6-35B-A3B [Thinking (default)],146.42285209309333
48,SmolLM-1.7B [Pretrained (PT)],94.10393768631245
48,SmolLM-1.7B-Instruct [Instruct/chat],94.12330543869527
48,SmolLM-135M [Pretrained (PT)],92.39816207690757
48,SmolLM-135M-Instruct [Instruct/chat],85.68373950233382
48,SmolLM-360M [Pretrained (PT)],84.66481768819216
48,SmolLM-360M-Instruct [Instruct/chat],89.54022525273274
48,SmolLM2-1.7B [Pretrained (PT)],98.18230194062335
48,SmolLM2-1.7B-Instruct [Instruct/chat],109.40888112618148
48,SmolLM2-135M [Pretrained (PT)],86.34727139078191
48,SmolLM2-135M-Instruct [Instruct/chat],94.97054298086887
48,SmolLM2-360M [Pretrained (PT)],92.55245164901334
48,SmolLM2-360M-Instruct [Instruct/chat],104.03916393829715
48,phi-1 [Pretrained (PT)],91.87825672627918
48,phi-1_5 [Pretrained (PT)],76.4768585176186
48,phi-2 [Pretrained (PT)],104.82968364226954
48,phi-4 [Pretrained (PT)],128.90414660820565
49,Gemma 1.1 2B IT [Instruction-tuned (IT)],100.53035201404603
49,Gemma 1.1 7B IT [Instruction-tuned (IT)],108.16021732173068
49,Gemma 2 27B IT [Instruction-tuned (IT)],122.33176587011452
49,Gemma 2 27B [Pretrained (PT)],117.43410518674072
49,Gemma 2 2B IT [Instruction-tuned (IT)],116.05018971077378
49,Gemma 2 2B [Pretrained (PT)],99.36550826886001
49,Gemma 2 9B IT [Instruction-tuned (IT)],119.47114624327878
49,Gemma 2 9B [Pretrained (PT)],114.03233044465966
49,Gemma 2B IT [Instruction-tuned (IT)],94.43890575428112
49,Gemma 2B [Pretrained (PT)],94.92376046071274
49,Gemma 3 12B IT [Instruction-tuned (IT)],127.58646215096162
49,Gemma 3 12B [Pretrained (PT)],114.97617765113434
49,Gemma 3 1B IT [Instruction-tuned (IT)],111.55860436705272
49,Gemma 3 1B [Pretrained (PT)],84.65825327041694
49,Gemma 3 27B IT [Instruction-tuned (IT)],129.80339289238557
49,Gemma 3 27B [Pretrained (PT)],117.13474492723105
49,Gemma 3 4B IT [Instruction-tuned (IT)],121.7050433082884
49,Gemma 3 4B [Pretrained (PT)],104.67157599647855
49,Gemma 3n E2B IT [Instruction-tuned (IT)],109.84602285976274
49,Gemma 3n E2B [Pretrained (PT)],101.46411261982468
49,Gemma 3n E4B IT [Instruction-tuned (IT)],122.9223240375807
49,Gemma 3n E4B [Pretrained (PT)],108.11685856507461
49,"Gemma 4 12B [IT, Thinking mode]",141.3079125421896
49,"Gemma 4 26B A4B [IT, Thinking mode]",142.6857040557304
49,"Gemma 4 31B [IT, Thinking mode]",144.4692366520801
49,"Gemma 4 E2B [IT, Thinking mode]",130.9675111024233
49,"Gemma 4 E4B [IT, Thinking mode]",134.8271281204029
49,Gemma 7B IT [Instruction-tuned (IT)],99.95402975243411
49,Gemma 7B [Pretrained (PT)],111.15824900610424
49,Llama-2-13b-chat-hf [Instruct/chat],105.55026371833839
49,Llama-2-13b-hf [Pretrained (PT)],106.23746741296341
49,Llama-2-7b-chat-hf [Instruct/chat],91.2730515095461
49,Llama-2-7b-hf [Pretrained (PT)],100.88817749009925
49,Llama-3.1-8B [Pretrained (PT)],112.70411691582034
49,Llama-3.1-8B-Instruct [Instruct/chat],112.39329588153227
49,Llama-3.2-1B [Pretrained (PT)],85.178409320362
49,Llama-3.2-1B-Instruct [Instruct/chat],96.20892135297821
49,Llama-3.2-3B [Pretrained (PT)],92.74236350175534
49,Llama-3.2-3B-Instruct [Instruct/chat],121.57527734918781
49,Meta-Llama-3-8B [Pretrained (PT)],94.21458411768245
49,Meta-Llama-3-8B-Instruct [Instruct/chat],115.92643485628123
49,OLMo-1B-hf [Pretrained (PT)],88.88215886129706
49,OLMo-2-1124-7B-Instruct [Instruct/chat],109.91788001682099
49,OLMo-7B-Instruct-hf [Instruct/chat],105.14150242088807
49,OLMo-7B-hf [Pretrained (PT)],89.65689166709448
49,OLMoE-1B-7B-0125-Instruct [Instruct/chat],114.74239239155453
49,OLMoE-1B-7B-0924 [Pretrained (PT)],96.36353672352554
49,OLMoE-1B-7B-0924-Instruct [Instruct/chat],101.95813079343483
49,Phi-3-medium-128k-instruct [Instruct/chat],121.50451010958956
49,Phi-3-medium-4k-instruct [Instruct/chat],123.41031545741775
49,Phi-3-mini-128k-instruct [Instruct/chat],118.04972120162739
49,Phi-3-mini-4k-instruct [Instruct/chat],118.39026794274217
49,Phi-3-small-128k-instruct [Instruct/chat],123.15814031356706
49,Phi-3-small-8k-instruct [Instruct/chat],123.19536733733952
49,Phi-3.5-mini-instruct [Instruct/chat],119.10961441987027
49,Phi-4-mini-instruct [Instruct/chat],119.63502057400517
49,Qwen-1.8B-Chat [Instruct/chat],99.70791600196618
49,Qwen-14B-Chat [Instruct/chat],110.30864884226318
49,Qwen-7B-Chat [Instruct/chat],106.32524475596334
49,Qwen1.5-0.5B-Chat [Instruct/chat],64.39367164305969
49,Qwen1.5-1.8B [Base (no official chat academic scores)],100.83279317306406
49,Qwen1.5-1.8B-Chat [Instruct/chat],93.81557948627196
49,Qwen1.5-14B [Base (no official chat academic scores)],111.49466231006744
49,Qwen1.5-14B-Chat [Instruct/chat],104.04480041260506
49,Qwen1.5-32B [Base (no official chat academic scores)],114.54338184630575
49,Qwen1.5-32B-Chat [Instruct/chat],118.73992128282633
49,Qwen1.5-4B [Base (no official chat academic scores)],106.40618814205382
49,Qwen1.5-4B-Chat [Instruct/chat],101.65124828401756
49,Qwen1.5-7B [Base (no official chat academic scores)],110.25228880659951
49,Qwen1.5-7B-Chat [Instruct/chat],100.59860827522198
49,Qwen2-0.5B-Instruct [Instruct/chat],100.96827644154067
49,Qwen2-1.5B-Instruct [Instruct/chat],107.80215060296472
49,Qwen2-7B-Instruct [Instruct/chat],118.95168092662237
49,Qwen2.5-0.5B-Instruct [Instruct/chat],105.34662967237364
49,Qwen2.5-1.5B-Instruct [Instruct/chat],114.64245571810628
49,Qwen2.5-14B-Instruct [Instruct/chat],127.44080715831615
49,Qwen2.5-32B-Instruct [Instruct/chat],130.46913985630252
49,Qwen2.5-3B-Instruct [Instruct/chat],121.45641272908755
49,Qwen2.5-7B-Instruct [Instruct/chat],123.23058124136368
49,Qwen3-0.6B [Non-thinking mode],109.36509441261137
49,Qwen3-0.6B [Thinking mode],113.76957726567306
49,Qwen3-1.7B [Non-thinking mode],118.44683868029557
49,Qwen3-1.7B [Thinking mode],128.28201295805806
49,Qwen3-14B [Non-thinking mode],127.76197367862467
49,Qwen3-14B [Thinking mode],137.87153153519643
49,Qwen3-30B-A3B [Non-thinking mode],128.91436095979628
49,Qwen3-30B-A3B [Thinking mode],137.8095416108294
49,Qwen3-30B-A3B-Instruct-2507 [Instruct (non-thinking)],135.48602491657476
49,Qwen3-30B-A3B-Thinking-2507 [Thinking],140.87095483657583
49,Qwen3-32B [Non-thinking mode],130.12592425919829
49,Qwen3-32B [Thinking mode],138.62230627166858
49,Qwen3-4B [Non-thinking mode],124.96575496034197
49,Qwen3-4B [Thinking mode],135.1031053771139
49,Qwen3-4B-Instruct-2507 [Instruct (non-thinking)],133.51922775863852
49,Qwen3-4B-Thinking-2507 [Thinking],137.90455904670267
49,Qwen3-8B [Non-thinking mode],127.0721412865612
49,Qwen3-8B [Thinking mode],136.38595844905183
49,Qwen3.5-0.8B [Non-thinking rows],105.32179355080301
49,Qwen3.5-0.8B [Thinking (default)],115.0309237380149
49,Qwen3.5-27B [Thinking (default)],147.65533113602675
49,Qwen3.5-2B [Non-thinking rows],120.84122511259226
49,Qwen3.5-2B [Thinking (default)],131.29280431899994
49,Qwen3.5-35B-A3B [Thinking (default)],145.38047524909445
49,Qwen3.5-4B [Thinking (default)],141.38130617139302
49,Qwen3.5-9B [Thinking (default)],145.1728814081697
49,Qwen3.6-27B [Thinking (default)],149.34602299047165
49,Qwen3.6-35B-A3B [Thinking (default)],145.88020838510295
49,SmolLM-1.7B [Pretrained (PT)],82.71019868494523
49,SmolLM-1.7B-Instruct [Instruct/chat],96.11682518271644
49,SmolLM-135M [Pretrained (PT)],95.39503974174269
49,SmolLM-135M-Instruct [Instruct/chat],80.72659428392609
49,SmolLM-360M [Pretrained (PT)],95.17037471298572
49,SmolLM-360M-Instruct [Instruct/chat],92.64539150228418
49,SmolLM2-1.7B [Pretrained (PT)],100.86179919308714
49,SmolLM2-1.7B-Instruct [Instruct/chat],105.33152216382763
49,SmolLM2-135M [Pretrained (PT)],92.52114275459567
49,SmolLM2-135M-Instruct [Instruct/chat],100.44116129062131
49,SmolLM2-360M [Pretrained (PT)],95.1531331464907
49,SmolLM2-360M-Instruct [Instruct/chat],101.94583919923029
49,phi-1 [Pretrained (PT)],86.75343095059526
49,phi-1_5 [Pretrained (PT)],66.86540664053719
49,phi-2 [Pretrained (PT)],104.44647291867905
49,phi-4 [Pretrained (PT)],129.0905770721111
50,Gemma 1.1 2B IT [Instruction-tuned (IT)],97.57718371556936
50,Gemma 1.1 7B IT [Instruction-tuned (IT)],105.6393822924735
50,Gemma 2 27B IT [Instruction-tuned (IT)],124.89632813067058
50,Gemma 2 27B [Pretrained (PT)],115.3766394811117
50,Gemma 2 2B IT [Instruction-tuned (IT)],107.9078533469199
50,Gemma 2 2B [Pretrained (PT)],99.5459885351275
50,Gemma 2 9B IT [Instruction-tuned (IT)],119.2263632285059
50,Gemma 2 9B [Pretrained (PT)],114.72275258340167
50,Gemma 2B IT [Instruction-tuned (IT)],91.33035301988576
50,Gemma 2B [Pretrained (PT)],95.18099799927458
50,Gemma 3 12B IT [Instruction-tuned (IT)],127.0263228629771
50,Gemma 3 12B [Pretrained (PT)],114.63457705155776
50,Gemma 3 1B IT [Instruction-tuned (IT)],107.58051222197011
50,Gemma 3 1B [Pretrained (PT)],83.56165251747845
50,Gemma 3 27B IT [Instruction-tuned (IT)],130.69984932932093
50,Gemma 3 27B [Pretrained (PT)],118.00110174278942
50,Gemma 3 4B IT [Instruction-tuned (IT)],122.19251360778284
50,Gemma 3 4B [Pretrained (PT)],103.91025676974036
50,Gemma 3n E2B IT [Instruction-tuned (IT)],112.6444112180093
50,Gemma 3n E2B [Pretrained (PT)],100.77636339816759
50,Gemma 3n E4B IT [Instruction-tuned (IT)],118.74439515783878
50,Gemma 3n E4B [Pretrained (PT)],107.37997631496266
50,"Gemma 4 12B [IT, Thinking mode]",141.2668970139532
50,"Gemma 4 26B A4B [IT, Thinking mode]",143.76268075958077
50,"Gemma 4 31B [IT, Thinking mode]",144.503967106056
50,"Gemma 4 E2B [IT, Thinking mode]",130.47668771034006
50,"Gemma 4 E4B [IT, Thinking mode]",133.39022082423523
50,Gemma 7B IT [Instruction-tuned (IT)],102.79202961670995
50,Gemma 7B [Pretrained (PT)],109.27966271003078
50,Llama-2-13b-chat-hf [Instruct/chat],107.25932560961951
50,Llama-2-13b-hf [Pretrained (PT)],104.60421903427162
50,Llama-2-7b-chat-hf [Instruct/chat],95.24122627001992
50,Llama-2-7b-hf [Pretrained (PT)],98.23479574184009
50,Llama-3.1-8B [Pretrained (PT)],92.68160495558594
50,Llama-3.1-8B-Instruct [Instruct/chat],114.80563594250528
50,Llama-3.2-1B [Pretrained (PT)],81.68804970032556
50,Llama-3.2-1B-Instruct [Instruct/chat],110.81263627010313
50,Llama-3.2-3B [Pretrained (PT)],105.47048087326803
50,Llama-3.2-3B-Instruct [Instruct/chat],114.35443028977828
50,Meta-Llama-3-8B [Pretrained (PT)],93.58465032235839
50,Meta-Llama-3-8B-Instruct [Instruct/chat],117.30435778564437
50,OLMo-1B-hf [Pretrained (PT)],89.15530502896327
50,OLMo-2-1124-7B-Instruct [Instruct/chat],115.55261004628494
50,OLMo-7B-Instruct-hf [Instruct/chat],102.91728945182449
50,OLMo-7B-hf [Pretrained (PT)],94.04443551113404
50,OLMoE-1B-7B-0125-Instruct [Instruct/chat],116.29838679276665
50,OLMoE-1B-7B-0924 [Pretrained (PT)],93.09036121759243
50,OLMoE-1B-7B-0924-Instruct [Instruct/chat],107.90182493952523
50,Phi-3-medium-128k-instruct [Instruct/chat],121.7701062276158
50,Phi-3-medium-4k-instruct [Instruct/chat],122.59906087882536
50,Phi-3-mini-128k-instruct [Instruct/chat],119.41389224714425
50,Phi-3-mini-4k-instruct [Instruct/chat],117.81927688558196
50,Phi-3-small-128k-instruct [Instruct/chat],122.54967102378474
50,Phi-3-small-8k-instruct [Instruct/chat],120.57992696196484
50,Phi-3.5-mini-instruct [Instruct/chat],119.7298537514481
50,Phi-4-mini-instruct [Instruct/chat],121.91077822811413
50,Qwen-1.8B-Chat [Instruct/chat],100.12281282048943
50,Qwen-14B-Chat [Instruct/chat],110.85425578669722
50,Qwen-7B-Chat [Instruct/chat],105.82977463841833
50,Qwen1.5-0.5B-Chat [Instruct/chat],75.56945520365672
50,Qwen1.5-1.8B [Base (no official chat academic scores)],102.39957388881932
50,Qwen1.5-1.8B-Chat [Instruct/chat],92.55368311982716
50,Qwen1.5-14B [Base (no official chat academic scores)],112.65927555183417
50,Qwen1.5-14B-Chat [Instruct/chat],102.60544365361628
50,Qwen1.5-32B [Base (no official chat academic scores)],114.9278452725791
50,Qwen1.5-32B-Chat [Instruct/chat],118.1865120968093
50,Qwen1.5-4B [Base (no official chat academic scores)],105.93277719498158
50,Qwen1.5-4B-Chat [Instruct/chat],101.98131481836127
50,Qwen1.5-7B [Base (no official chat academic scores)],110.27146632554965
50,Qwen1.5-7B-Chat [Instruct/chat],99.84930221199218
50,Qwen2-0.5B-Instruct [Instruct/chat],102.49145398755105
50,Qwen2-1.5B-Instruct [Instruct/chat],109.43623117049172
50,Qwen2-7B-Instruct [Instruct/chat],119.45048869788617
50,Qwen2.5-0.5B-Instruct [Instruct/chat],107.10287230242433
50,Qwen2.5-1.5B-Instruct [Instruct/chat],115.91388421607527
50,Qwen2.5-14B-Instruct [Instruct/chat],127.83407892014007
50,Qwen2.5-32B-Instruct [Instruct/chat],130.32560311576668
50,Qwen2.5-3B-Instruct [Instruct/chat],121.63693132215658
50,Qwen2.5-7B-Instruct [Instruct/chat],124.167498799321
50,Qwen3-0.6B [Non-thinking mode],106.40286931292148
50,Qwen3-0.6B [Thinking mode],110.43696634533387
50,Qwen3-1.7B [Non-thinking mode],118.20932324578786
50,Qwen3-1.7B [Thinking mode],125.66249223411566
50,Qwen3-14B [Non-thinking mode],128.24159182471334
50,Qwen3-14B [Thinking mode],137.30390340138845
50,Qwen3-30B-A3B [Non-thinking mode],127.57544597533611
50,Qwen3-30B-A3B [Thinking mode],137.40024623510766
50,Qwen3-30B-A3B-Instruct-2507 [Instruct (non-thinking)],135.35288735240212
50,Qwen3-30B-A3B-Thinking-2507 [Thinking],140.7634782948624
50,Qwen3-32B [Non-thinking mode],129.74393618262866
50,Qwen3-32B [Thinking mode],138.38586371598
50,Qwen3-4B [Non-thinking mode],125.3093698596551
50,Qwen3-4B [Thinking mode],134.39811529625902
50,Qwen3-4B-Instruct-2507 [Instruct (non-thinking)],132.26444980505136
50,Qwen3-4B-Thinking-2507 [Thinking],137.31284705315537
50,Qwen3-8B [Non-thinking mode],128.14441941547554
50,Qwen3-8B [Thinking mode],136.21270899975252
50,Qwen3.5-0.8B [Non-thinking rows],112.47660325591929
50,Qwen3.5-0.8B [Thinking (default)],116.2908612583589
50,Qwen3.5-27B [Thinking (default)],147.43819712124537
50,Qwen3.5-2B [Non-thinking rows],121.59879803507896
50,Qwen3.5-2B [Thinking (default)],131.00580365737218
50,Qwen3.5-35B-A3B [Thinking (default)],145.09170230191498
50,Qwen3.5-4B [Thinking (default)],141.69440351941427
50,Qwen3.5-9B [Thinking (default)],143.7855889884132
50,Qwen3.6-27B [Thinking (default)],151.81443469347354
50,Qwen3.6-35B-A3B [Thinking (default)],146.77062960022937
50,SmolLM-1.7B [Pretrained (PT)],89.76408280013631
50,SmolLM-1.7B-Instruct [Instruct/chat],79.11234602919612
50,SmolLM-135M [Pretrained (PT)],89.22187456719959
50,SmolLM-135M-Instruct [Instruct/chat],77.25236610831746
50,SmolLM-360M [Pretrained (PT)],89.10412249587961
50,SmolLM-360M-Instruct [Instruct/chat],79.83912651564773
50,SmolLM2-1.7B [Pretrained (PT)],93.70964874292487
50,SmolLM2-1.7B-Instruct [Instruct/chat],110.94970987747934
50,SmolLM2-135M [Pretrained (PT)],84.32226866284896
50,SmolLM2-135M-Instruct [Instruct/chat],85.3140320954121
50,SmolLM2-360M [Pretrained (PT)],89.46283524947125
50,SmolLM2-360M-Instruct [Instruct/chat],96.87753570733962
50,phi-1 [Pretrained (PT)],88.19622880663444
50,phi-1_5 [Pretrained (PT)],88.98109306434401
50,phi-2 [Pretrained (PT)],105.46984659449083
50,phi-4 [Pretrained (PT)],124.5793428121975
51,Gemma 1.1 2B IT [Instruction-tuned (IT)],98.93546480150775
51,Gemma 1.1 7B IT [Instruction-tuned (IT)],105.72939966848969
51,Gemma 2 27B IT [Instruction-tuned (IT)],124.5047023163678
51,Gemma 2 27B [Pretrained (PT)],111.74749789441088
51,Gemma 2 2B IT [Instruction-tuned (IT)],110.81216788182648
51,Gemma 2 2B [Pretrained (PT)],97.33727193027457
51,Gemma 2 9B IT [Instruction-tuned (IT)],119.64497195046302
51,Gemma 2 9B [Pretrained (PT)],111.95044883669047
51,Gemma 2B IT [Instruction-tuned (IT)],91.54073374238385
51,Gemma 2B [Pretrained (PT)],94.56456446908605
51,Gemma 3 12B IT [Instruction-tuned (IT)],127.33466919765812
51,Gemma 3 12B [Pretrained (PT)],113.11077332483589
51,Gemma 3 1B IT [Instruction-tuned (IT)],107.44528611285475
51,Gemma 3 1B [Pretrained (PT)],73.21864345392248
51,Gemma 3 27B IT [Instruction-tuned (IT)],129.09504963794316
51,Gemma 3 27B [Pretrained (PT)],117.08375344994832
51,Gemma 3 4B IT [Instruction-tuned (IT)],121.46253144183524
51,Gemma 3 4B [Pretrained (PT)],102.3298870261612
51,Gemma 3n E2B IT [Instruction-tuned (IT)],111.23488927254218
51,Gemma 3n E2B [Pretrained (PT)],96.17720734834849
51,Gemma 3n E4B IT [Instruction-tuned (IT)],117.10011186674893
51,Gemma 3n E4B [Pretrained (PT)],107.54837738792016
51,"Gemma 4 12B [IT, Thinking mode]",139.1138430404827
51,"Gemma 4 26B A4B [IT, Thinking mode]",141.73974860187255
51,"Gemma 4 31B [IT, Thinking mode]",144.1448402035042
51,"Gemma 4 E2B [IT, Thinking mode]",128.6469293142288
51,"Gemma 4 E4B [IT, Thinking mode]",133.47980229124335
51,Gemma 7B IT [Instruction-tuned (IT)],102.50285476584939
51,Gemma 7B [Pretrained (PT)],107.51918583475978
51,Llama-2-13b-chat-hf [Instruct/chat],100.94026883062031
51,Llama-2-13b-hf [Pretrained (PT)],103.51842593920374
51,Llama-2-7b-chat-hf [Instruct/chat],103.95905599371075
51,Llama-2-7b-hf [Pretrained (PT)],97.11120575362433
51,Llama-3.1-8B [Pretrained (PT)],93.63901319177717
51,Llama-3.1-8B-Instruct [Instruct/chat],118.23969073254634
51,Llama-3.2-1B [Pretrained (PT)],82.62978323476138
51,Llama-3.2-1B-Instruct [Instruct/chat],97.02506841904408
51,Llama-3.2-3B [Pretrained (PT)],94.97798969535636
51,Llama-3.2-3B-Instruct [Instruct/chat],117.27823000121772
51,Meta-Llama-3-8B [Pretrained (PT)],90.7514597294917
51,Meta-Llama-3-8B-Instruct [Instruct/chat],116.90073633949606
51,OLMo-1B-hf [Pretrained (PT)],93.19753716850272
51,OLMo-2-1124-7B-Instruct [Instruct/chat],117.04679244278023
51,OLMo-7B-Instruct-hf [Instruct/chat],102.14079432277988
51,OLMo-7B-hf [Pretrained (PT)],87.63331670887334
51,OLMoE-1B-7B-0125-Instruct [Instruct/chat],114.79143279262159
51,OLMoE-1B-7B-0924 [Pretrained (PT)],93.33137367643128
51,OLMoE-1B-7B-0924-Instruct [Instruct/chat],102.5232036888425
51,Phi-3-medium-128k-instruct [Instruct/chat],122.55113146690223
51,Phi-3-medium-4k-instruct [Instruct/chat],120.38311624676449
51,Phi-3-mini-128k-instruct [Instruct/chat],117.86802401406024
51,Phi-3-mini-4k-instruct [Instruct/chat],117.27749922673775
51,Phi-3-small-128k-instruct [Instruct/chat],125.54980632766573
51,Phi-3-small-8k-instruct [Instruct/chat],122.91546269028946
51,Phi-3.5-mini-instruct [Instruct/chat],119.5060112259739
51,Phi-4-mini-instruct [Instruct/chat],118.88601216973696
51,Qwen-1.8B-Chat [Instruct/chat],96.62098406184475
51,Qwen-14B-Chat [Instruct/chat],108.06700119477384
51,Qwen-7B-Chat [Instruct/chat],105.4192068771926
51,Qwen1.5-0.5B-Chat [Instruct/chat],83.83795318680347
51,Qwen1.5-1.8B [Base (no official chat academic scores)],100.0794479550759
51,Qwen1.5-1.8B-Chat [Instruct/chat],89.31728550805555
51,Qwen1.5-14B [Base (no official chat academic scores)],109.93028703795052
51,Qwen1.5-14B-Chat [Instruct/chat],108.1856438156264
51,Qwen1.5-32B [Base (no official chat academic scores)],113.42319826285632
51,Qwen1.5-32B-Chat [Instruct/chat],121.95428782990992
51,Qwen1.5-4B [Base (no official chat academic scores)],104.12996795843561
51,Qwen1.5-4B-Chat [Instruct/chat],97.44882750372656
51,Qwen1.5-7B [Base (no official chat academic scores)],107.59883799482435
51,Qwen1.5-7B-Chat [Instruct/chat],99.36341538834864
51,Qwen2-0.5B-Instruct [Instruct/chat],99.88862905655773
51,Qwen2-1.5B-Instruct [Instruct/chat],107.94677667632371
51,Qwen2-7B-Instruct [Instruct/chat],120.62781650343823
51,Qwen2.5-0.5B-Instruct [Instruct/chat],104.08578994089702
51,Qwen2.5-1.5B-Instruct [Instruct/chat],115.08727291257736
51,Qwen2.5-14B-Instruct [Instruct/chat],127.8682410016559
51,Qwen2.5-32B-Instruct [Instruct/chat],130.70030141629724
51,Qwen2.5-3B-Instruct [Instruct/chat],119.88130540713836
51,Qwen2.5-7B-Instruct [Instruct/chat],123.26899414608545
51,Qwen3-0.6B [Non-thinking mode],108.33387382304441
51,Qwen3-0.6B [Thinking mode],114.48161905259617
51,Qwen3-1.7B [Non-thinking mode],118.7249088803612
51,Qwen3-1.7B [Thinking mode],126.52217078481658
51,Qwen3-14B [Non-thinking mode],128.45129914983568
51,Qwen3-14B [Thinking mode],138.59379825325334
51,Qwen3-30B-A3B [Non-thinking mode],130.44472626153913
51,Qwen3-30B-A3B [Thinking mode],137.82934360268075
51,Qwen3-30B-A3B-Instruct-2507 [Instruct (non-thinking)],137.43640016814857
51,Qwen3-30B-A3B-Thinking-2507 [Thinking],141.91835785457448
51,Qwen3-32B [Non-thinking mode],130.1239474030268
51,Qwen3-32B [Thinking mode],138.86390583614434
51,Qwen3-4B [Non-thinking mode],124.86097242967934
51,Qwen3-4B [Thinking mode],133.64627515045348
51,Qwen3-4B-Instruct-2507 [Instruct (non-thinking)],132.16925520970756
51,Qwen3-4B-Thinking-2507 [Thinking],137.62004703586544
51,Qwen3-8B [Non-thinking mode],127.41087590984937
51,Qwen3-8B [Thinking mode],136.44577513831635
51,Qwen3.5-0.8B [Non-thinking rows],111.64681761040713
51,Qwen3.5-0.8B [Thinking (default)],118.08395721642847
51,Qwen3.5-27B [Thinking (default)],147.278438595815
51,Qwen3.5-2B [Non-thinking rows],121.7536000457055
51,Qwen3.5-2B [Thinking (default)],131.71698762597833
51,Qwen3.5-35B-A3B [Thinking (default)],143.84519727444135
51,Qwen3.5-4B [Thinking (default)],141.92053850952095
51,Qwen3.5-9B [Thinking (default)],143.84016160860352
51,Qwen3.6-27B [Thinking (default)],148.52569472406418
51,Qwen3.6-35B-A3B [Thinking (default)],144.44613125108575
51,SmolLM-1.7B [Pretrained (PT)],75.46924192977875
51,SmolLM-1.7B-Instruct [Instruct/chat],93.52551297070228
51,SmolLM-135M [Pretrained (PT)],90.73519231143958
51,SmolLM-135M-Instruct [Instruct/chat],82.47432229351435
51,SmolLM-360M [Pretrained (PT)],87.9912653475264
51,SmolLM-360M-Instruct [Instruct/chat],89.74889202860479
51,SmolLM2-1.7B [Pretrained (PT)],97.61903219457224
51,SmolLM2-1.7B-Instruct [Instruct/chat],101.24112815400342
51,SmolLM2-135M [Pretrained (PT)],90.01074550578704
51,SmolLM2-135M-Instruct [Instruct/chat],96.20758668054911
51,SmolLM2-360M [Pretrained (PT)],92.7831689229277
51,SmolLM2-360M-Instruct [Instruct/chat],100.36580399524361
51,phi-1 [Pretrained (PT)],92.23377845668827
51,phi-1_5 [Pretrained (PT)],80.18670815705434
51,phi-2 [Pretrained (PT)],107.2876530341623
51,phi-4 [Pretrained (PT)],130.54026483793407
52,Gemma 1.1 2B IT [Instruction-tuned (IT)],101.42399606566113
52,Gemma 1.1 7B IT [Instruction-tuned (IT)],105.99239924390506
52,Gemma 2 27B IT [Instruction-tuned (IT)],122.21936729768784
52,Gemma 2 27B [Pretrained (PT)],113.93027312619107
52,Gemma 2 2B IT [Instruction-tuned (IT)],111.36191596273946
52,Gemma 2 2B [Pretrained (PT)],100.59158965238466
52,Gemma 2 9B IT [Instruction-tuned (IT)],120.17109651937108
52,Gemma 2 9B [Pretrained (PT)],109.69575877704612
52,Gemma 2B IT [Instruction-tuned (IT)],92.19952491142871
52,Gemma 2B [Pretrained (PT)],93.52602340793513
52,Gemma 3 12B IT [Instruction-tuned (IT)],126.32062710328634
52,Gemma 3 12B [Pretrained (PT)],113.81915755017079
52,Gemma 3 1B IT [Instruction-tuned (IT)],105.68435091991321
52,Gemma 3 1B [Pretrained (PT)],82.48334503999956
52,Gemma 3 27B IT [Instruction-tuned (IT)],128.81644987009517
52,Gemma 3 27B [Pretrained (PT)],117.70902588444335
52,Gemma 3 4B IT [Instruction-tuned (IT)],120.12352372689689
52,Gemma 3 4B [Pretrained (PT)],104.48084624566866
52,Gemma 3n E2B IT [Instruction-tuned (IT)],115.27805844659474
52,Gemma 3n E2B [Pretrained (PT)],98.11336744427308
52,Gemma 3n E4B IT [Instruction-tuned (IT)],118.43636860082998
52,Gemma 3n E4B [Pretrained (PT)],106.91235293192267
52,"Gemma 4 12B [IT, Thinking mode]",141.57812457675334
52,"Gemma 4 26B A4B [IT, Thinking mode]",144.40703184313338
52,"Gemma 4 31B [IT, Thinking mode]",145.3579778240665
52,"Gemma 4 E2B [IT, Thinking mode]",130.1214069383105
52,"Gemma 4 E4B [IT, Thinking mode]",133.6927899264859
52,Gemma 7B IT [Instruction-tuned (IT)],100.71480725647744
52,Gemma 7B [Pretrained (PT)],107.28709161218507
52,Llama-2-13b-chat-hf [Instruct/chat],104.31846582635218
52,Llama-2-13b-hf [Pretrained (PT)],105.886699862845
52,Llama-2-7b-chat-hf [Instruct/chat],104.83018048537754
52,Llama-2-7b-hf [Pretrained (PT)],96.4061270785497
52,Llama-3.1-8B [Pretrained (PT)],100.87713314291832
52,Llama-3.1-8B-Instruct [Instruct/chat],115.61072401549546
52,Llama-3.2-1B [Pretrained (PT)],90.36515874523786
52,Llama-3.2-1B-Instruct [Instruct/chat],108.24940193197178
52,Llama-3.2-3B [Pretrained (PT)],90.31076056828954
52,Llama-3.2-3B-Instruct [Instruct/chat],117.24825731498763
52,Meta-Llama-3-8B [Pretrained (PT)],103.29035941353702
52,Meta-Llama-3-8B-Instruct [Instruct/chat],114.8148404391494
52,OLMo-1B-hf [Pretrained (PT)],82.6151126872
52,OLMo-2-1124-7B-Instruct [Instruct/chat],116.19727087537323
52,OLMo-7B-Instruct-hf [Instruct/chat],100.4377545290027
52,OLMo-7B-hf [Pretrained (PT)],81.96411535762576
52,OLMoE-1B-7B-0125-Instruct [Instruct/chat],114.12539177073171
52,OLMoE-1B-7B-0924 [Pretrained (PT)],95.36087121893058
52,OLMoE-1B-7B-0924-Instruct [Instruct/chat],109.08352051816743
52,Phi-3-medium-128k-instruct [Instruct/chat],118.03583510841136
52,Phi-3-medium-4k-instruct [Instruct/chat],121.35125994241864
52,Phi-3-mini-128k-instruct [Instruct/chat],117.6611626590763
52,Phi-3-mini-4k-instruct [Instruct/chat],114.87214072923746
52,Phi-3-small-128k-instruct [Instruct/chat],119.58681100469404
52,Phi-3-small-8k-instruct [Instruct/chat],119.61288897755284
52,Phi-3.5-mini-instruct [Instruct/chat],116.60437450776762
52,Phi-4-mini-instruct [Instruct/chat],119.20599483956096
52,Qwen-1.8B-Chat [Instruct/chat],98.10875173962786
52,Qwen-14B-Chat [Instruct/chat],109.20400125106791
52,Qwen-7B-Chat [Instruct/chat],104.15865867021607
52,Qwen1.5-0.5B-Chat [Instruct/chat],75.32377169516994
52,Qwen1.5-1.8B [Base (no official chat academic scores)],100.98944919389936
52,Qwen1.5-1.8B-Chat [Instruct/chat],91.2123671485686
52,Qwen1.5-14B [Base (no official chat academic scores)],112.2315625346287
52,Qwen1.5-14B-Chat [Instruct/chat],108.1326854175118
52,Qwen1.5-32B [Base (no official chat academic scores)],113.96776063307037
52,Qwen1.5-32B-Chat [Instruct/chat],115.041287875687
52,Qwen1.5-4B [Base (no official chat academic scores)],102.0939331287198
52,Qwen1.5-4B-Chat [Instruct/chat],94.52640870917713
52,Qwen1.5-7B [Base (no official chat academic scores)],106.97030886107655
52,Qwen1.5-7B-Chat [Instruct/chat],108.64824637295867
52,Qwen2-0.5B-Instruct [Instruct/chat],96.1797083415243
52,Qwen2-1.5B-Instruct [Instruct/chat],108.05659325522835
52,Qwen2-7B-Instruct [Instruct/chat],116.97870016406297
52,Qwen2.5-0.5B-Instruct [Instruct/chat],106.75448001916905
52,Qwen2.5-1.5B-Instruct [Instruct/chat],114.25353848945689
52,Qwen2.5-14B-Instruct [Instruct/chat],126.68429144970946
52,Qwen2.5-32B-Instruct [Instruct/chat],129.05167179868718
52,Qwen2.5-3B-Instruct [Instruct/chat],118.94204082102752
52,Qwen2.5-7B-Instruct [Instruct/chat],122.14002938632073
52,Qwen3-0.6B [Non-thinking mode],94.88629372701979
52,Qwen3-0.6B [Thinking mode],117.65763690405971
52,Qwen3-1.7B [Non-thinking mode],120.39751606207025
52,Qwen3-1.7B [Thinking mode],124.12183508684708
52,Qwen3-14B [Non-thinking mode],128.86979791318672
52,Qwen3-14B [Thinking mode],139.11428773296564
52,Qwen3-30B-A3B [Non-thinking mode],129.70427868169378
52,Qwen3-30B-A3B [Thinking mode],138.21742451022226
52,Qwen3-30B-A3B-Instruct-2507 [Instruct (non-thinking)],136.36292223818316
52,Qwen3-30B-A3B-Thinking-2507 [Thinking],140.46710298977027
52,Qwen3-32B [Non-thinking mode],129.4079764904397
52,Qwen3-32B [Thinking mode],139.69010052151526
52,Qwen3-4B [Non-thinking mode],125.82896165824216
52,Qwen3-4B [Thinking mode],135.18801581426786
52,Qwen3-4B-Instruct-2507 [Instruct (non-thinking)],133.22651936674066
52,Qwen3-4B-Thinking-2507 [Thinking],138.0162602940918
52,Qwen3-8B [Non-thinking mode],127.85644029922638
52,Qwen3-8B [Thinking mode],138.08630701749775
52,Qwen3.5-0.8B [Non-thinking rows],98.42821372502826
52,Qwen3.5-0.8B [Thinking (default)],110.86360733174752
52,Qwen3.5-27B [Thinking (default)],147.1983855002339
52,Qwen3.5-2B [Non-thinking rows],116.59660893619186
52,Qwen3.5-2B [Thinking (default)],129.91389913100934
52,Qwen3.5-35B-A3B [Thinking (default)],144.23794604220214
52,Qwen3.5-4B [Thinking (default)],141.29424133341874
52,Qwen3.5-9B [Thinking (default)],143.45176678445554
52,Qwen3.6-27B [Thinking (default)],149.91117981770134
52,Qwen3.6-35B-A3B [Thinking (default)],144.77723327035966
52,SmolLM-1.7B [Pretrained (PT)],95.75747614390177
52,SmolLM-1.7B-Instruct [Instruct/chat],83.01864903675398
52,SmolLM-135M [Pretrained (PT)],88.75141316567058
52,SmolLM-135M-Instruct [Instruct/chat],83.3576855318907
52,SmolLM-360M [Pretrained (PT)],94.21516247714315
52,SmolLM-360M-Instruct [Instruct/chat],93.67388624375158
52,SmolLM2-1.7B [Pretrained (PT)],98.69974362095971
52,SmolLM2-1.7B-Instruct [Instruct/chat],102.18849442874148
52,SmolLM2-135M [Pretrained (PT)],94.25631942733202
52,SmolLM2-135M-Instruct [Instruct/chat],96.39715978742021
52,SmolLM2-360M [Pretrained (PT)],80.41741690581426
52,SmolLM2-360M-Instruct [Instruct/chat],103.00801189148505
52,phi-1 [Pretrained (PT)],95.78607216694414
52,phi-1_5 [Pretrained (PT)],91.25716312971966
52,phi-2 [Pretrained (PT)],105.14169921718694
52,phi-4 [Pretrained (PT)],131.12192748416945
53,Gemma 1.1 2B IT [Instruction-tuned (IT)],98.1309160183292
53,Gemma 1.1 7B IT [Instruction-tuned (IT)],104.79041621332833
53,Gemma 2 27B IT [Instruction-tuned (IT)],121.06642372962396
53,Gemma 2 27B [Pretrained (PT)],115.89045230029112
53,Gemma 2 2B IT [Instruction-tuned (IT)],111.9847950930002
53,Gemma 2 2B [Pretrained (PT)],99.11946617239705
53,Gemma 2 9B IT [Instruction-tuned (IT)],118.27327574582208
53,Gemma 2 9B [Pretrained (PT)],112.25088254986044
53,Gemma 2B IT [Instruction-tuned (IT)],88.5764386470359
53,Gemma 2B [Pretrained (PT)],95.7751019845775
53,Gemma 3 12B IT [Instruction-tuned (IT)],124.71957173113826
53,Gemma 3 12B [Pretrained (PT)],114.27374654208951
53,Gemma 3 1B IT [Instruction-tuned (IT)],106.13851395290934
53,Gemma 3 1B [Pretrained (PT)],83.36949732670281
53,Gemma 3 27B IT [Instruction-tuned (IT)],126.72769479580151
53,Gemma 3 27B [Pretrained (PT)],116.96133206787306
53,Gemma 3 4B IT [Instruction-tuned (IT)],119.81499640855995
53,Gemma 3 4B [Pretrained (PT)],108.74472880970728
53,Gemma 3n E2B IT [Instruction-tuned (IT)],111.33334463854302
53,Gemma 3n E2B [Pretrained (PT)],100.0258905380592
53,Gemma 3n E4B IT [Instruction-tuned (IT)],113.06540584247783
53,Gemma 3n E4B [Pretrained (PT)],107.01039427044746
53,"Gemma 4 12B [IT, Thinking mode]",142.0838247441069
53,"Gemma 4 26B A4B [IT, Thinking mode]",144.79016834080156
53,"Gemma 4 31B [IT, Thinking mode]",146.80329967973546
53,"Gemma 4 E2B [IT, Thinking mode]",127.60861673598055
53,"Gemma 4 E4B [IT, Thinking mode]",133.08716499464236
53,Gemma 7B IT [Instruction-tuned (IT)],100.21810506951802
53,Gemma 7B [Pretrained (PT)],110.0570527868828
53,Llama-2-13b-chat-hf [Instruct/chat],104.50051766176065
53,Llama-2-13b-hf [Pretrained (PT)],107.00312077120043
53,Llama-2-7b-chat-hf [Instruct/chat],102.53313554724897
53,Llama-2-7b-hf [Pretrained (PT)],98.13346339155623
53,Llama-3.1-8B [Pretrained (PT)],99.06525814239248
53,Llama-3.1-8B-Instruct [Instruct/chat],113.75563581512333
53,Llama-3.2-1B [Pretrained (PT)],88.35057728048294
53,Llama-3.2-1B-Instruct [Instruct/chat],112.67701897933455
53,Llama-3.2-3B [Pretrained (PT)],87.66908416634145
53,Llama-3.2-3B-Instruct [Instruct/chat],113.51100977848111
53,Meta-Llama-3-8B [Pretrained (PT)],95.4959227412131
53,Meta-Llama-3-8B-Instruct [Instruct/chat],116.1984272905519
53,OLMo-1B-hf [Pretrained (PT)],88.87124141788951
53,OLMo-2-1124-7B-Instruct [Instruct/chat],117.84624915089113
53,OLMo-7B-Instruct-hf [Instruct/chat],100.77558649571162
53,OLMo-7B-hf [Pretrained (PT)],96.54580117564734
53,OLMoE-1B-7B-0125-Instruct [Instruct/chat],117.81390594607785
53,OLMoE-1B-7B-0924 [Pretrained (PT)],94.64928354655991
53,OLMoE-1B-7B-0924-Instruct [Instruct/chat],108.32134935881737
53,Phi-3-medium-128k-instruct [Instruct/chat],119.41440714005505
53,Phi-3-medium-4k-instruct [Instruct/chat],118.89657719435827
53,Phi-3-mini-128k-instruct [Instruct/chat],116.9446324625795
53,Phi-3-mini-4k-instruct [Instruct/chat],118.72589562409331
53,Phi-3-small-128k-instruct [Instruct/chat],118.58786711389656
53,Phi-3-small-8k-instruct [Instruct/chat],119.16844891851363
53,Phi-3.5-mini-instruct [Instruct/chat],117.63747916618556
53,Phi-4-mini-instruct [Instruct/chat],119.25959933894819
53,Qwen-1.8B-Chat [Instruct/chat],93.14257653867926
53,Qwen-14B-Chat [Instruct/chat],108.84994383559679
53,Qwen-7B-Chat [Instruct/chat],104.43009726294756
53,Qwen1.5-0.5B-Chat [Instruct/chat],73.76484320827905
53,Qwen1.5-1.8B [Base (no official chat academic scores)],102.32415921600915
53,Qwen1.5-1.8B-Chat [Instruct/chat],92.93543202822698
53,Qwen1.5-14B [Base (no official chat academic scores)],109.8193612694942
53,Qwen1.5-14B-Chat [Instruct/chat],107.2603644026473
53,Qwen1.5-32B [Base (no official chat academic scores)],111.89369049804344
53,Qwen1.5-32B-Chat [Instruct/chat],115.93937210650937
53,Qwen1.5-4B [Base (no official chat academic scores)],102.05464747279285
53,Qwen1.5-4B-Chat [Instruct/chat],98.86739102455044
53,Qwen1.5-7B [Base (no official chat academic scores)],105.23473306194816
53,Qwen1.5-7B-Chat [Instruct/chat],102.66596334107211
53,Qwen2-0.5B-Instruct [Instruct/chat],99.14539967567893
53,Qwen2-1.5B-Instruct [Instruct/chat],105.25013136429368
53,Qwen2-7B-Instruct [Instruct/chat],117.9591250743154
53,Qwen2.5-0.5B-Instruct [Instruct/chat],106.59928159979998
53,Qwen2.5-1.5B-Instruct [Instruct/chat],111.86451811985538
53,Qwen2.5-14B-Instruct [Instruct/chat],127.43202635370577
53,Qwen2.5-32B-Instruct [Instruct/chat],127.67662852580474
53,Qwen2.5-3B-Instruct [Instruct/chat],115.08897276345294
53,Qwen2.5-7B-Instruct [Instruct/chat],120.88735517770282
53,Qwen3-0.6B [Non-thinking mode],96.31515793978431
53,Qwen3-0.6B [Thinking mode],107.29730116658067
53,Qwen3-1.7B [Non-thinking mode],112.52161435869978
53,Qwen3-1.7B [Thinking mode],125.36883828296484
53,Qwen3-14B [Non-thinking mode],130.981488829398
53,Qwen3-14B [Thinking mode],136.31068568771585
53,Qwen3-30B-A3B [Non-thinking mode],128.0431224452343
53,Qwen3-30B-A3B [Thinking mode],136.06943537348047
53,Qwen3-30B-A3B-Instruct-2507 [Instruct (non-thinking)],134.9648931730906
53,Qwen3-30B-A3B-Thinking-2507 [Thinking],139.5513612341256
53,Qwen3-32B [Non-thinking mode],129.3481074075014
53,Qwen3-32B [Thinking mode],137.3012152894237
53,Qwen3-4B [Non-thinking mode],124.99423362838114
53,Qwen3-4B [Thinking mode],134.3250496491876
53,Qwen3-4B-Instruct-2507 [Instruct (non-thinking)],129.8590317616813
53,Qwen3-4B-Thinking-2507 [Thinking],136.70010184709275
53,Qwen3-8B [Non-thinking mode],125.86291435719109
53,Qwen3-8B [Thinking mode],134.8770682134148
53,Qwen3.5-0.8B [Non-thinking rows],100.45845476246794
53,Qwen3.5-0.8B [Thinking (default)],113.38105310399794
53,Qwen3.5-27B [Thinking (default)],146.50239347883814
53,Qwen3.5-2B [Non-thinking rows],116.44171569434796
53,Qwen3.5-2B [Thinking (default)],128.4612521660314
53,Qwen3.5-35B-A3B [Thinking (default)],143.73304593405484
53,Qwen3.5-4B [Thinking (default)],140.79495260743786
53,Qwen3.5-9B [Thinking (default)],143.75145123311935
53,Qwen3.6-27B [Thinking (default)],148.75465101379757
53,Qwen3.6-35B-A3B [Thinking (default)],144.32696469613705
53,SmolLM-1.7B [Pretrained (PT)],95.87446576657862
53,SmolLM-1.7B-Instruct [Instruct/chat],92.65975018805352
53,SmolLM-135M [Pretrained (PT)],77.21330186058
53,SmolLM-135M-Instruct [Instruct/chat],84.67079164343215
53,SmolLM-360M [Pretrained (PT)],93.58643220048495
53,SmolLM-360M-Instruct [Instruct/chat],89.8877533164954
53,SmolLM2-1.7B [Pretrained (PT)],98.44472884869096
53,SmolLM2-1.7B-Instruct [Instruct/chat],100.30372673765108
53,SmolLM2-135M [Pretrained (PT)],90.27240533062613
53,SmolLM2-135M-Instruct [Instruct/chat],94.37858245612222
53,SmolLM2-360M [Pretrained (PT)],94.38269901010922
53,SmolLM2-360M-Instruct [Instruct/chat],83.7447821082026
53,phi-1 [Pretrained (PT)],84.06153365654916
53,phi-1_5 [Pretrained (PT)],96.78135672460584
53,phi-2 [Pretrained (PT)],110.52148963081127
53,phi-4 [Pretrained (PT)],131.07897293045798
54,Gemma 1.1 2B IT [Instruction-tuned (IT)],96.10582449843417
54,Gemma 1.1 7B IT [Instruction-tuned (IT)],105.46614445068073
54,Gemma 2 27B IT [Instruction-tuned (IT)],122.03070188484732
54,Gemma 2 27B [Pretrained (PT)],114.57181742910181
54,Gemma 2 2B IT [Instruction-tuned (IT)],105.55202376037224
54,Gemma 2 2B [Pretrained (PT)],99.00778230467965
54,Gemma 2 9B IT [Instruction-tuned (IT)],118.83362489353338
54,Gemma 2 9B [Pretrained (PT)],112.8578360353725
54,Gemma 2B IT [Instruction-tuned (IT)],88.72987189126337
54,Gemma 2B [Pretrained (PT)],94.21870890164891
54,Gemma 3 12B IT [Instruction-tuned (IT)],126.35928467321548
54,Gemma 3 12B [Pretrained (PT)],113.80140838444423
54,Gemma 3 1B IT [Instruction-tuned (IT)],110.48099883168472
54,Gemma 3 1B [Pretrained (PT)],87.290471573413
54,Gemma 3 27B IT [Instruction-tuned (IT)],130.0353330802372
54,Gemma 3 27B [Pretrained (PT)],120.03220686554816
54,Gemma 3 4B IT [Instruction-tuned (IT)],119.13931677337955
54,Gemma 3 4B [Pretrained (PT)],103.59152770071356
54,Gemma 3n E2B IT [Instruction-tuned (IT)],114.51000456196861
54,Gemma 3n E2B [Pretrained (PT)],99.37702492715925
54,Gemma 3n E4B IT [Instruction-tuned (IT)],120.39935701343802
54,Gemma 3n E4B [Pretrained (PT)],105.60136266373922
54,"Gemma 4 12B [IT, Thinking mode]",142.68966126752517
54,"Gemma 4 26B A4B [IT, Thinking mode]",143.08793556647277
54,"Gemma 4 31B [IT, Thinking mode]",144.3793479613838
54,"Gemma 4 E2B [IT, Thinking mode]",130.88288561760137
54,"Gemma 4 E4B [IT, Thinking mode]",134.59625316674973
54,Gemma 7B IT [Instruction-tuned (IT)],99.76324860543764
54,Gemma 7B [Pretrained (PT)],110.02172134665777
54,Llama-2-13b-chat-hf [Instruct/chat],100.77466507426234
54,Llama-2-13b-hf [Pretrained (PT)],103.94218267921914
54,Llama-2-7b-chat-hf [Instruct/chat],103.48546709930828
54,Llama-2-7b-hf [Pretrained (PT)],98.50185460808822
54,Llama-3.1-8B [Pretrained (PT)],88.89814363161524
54,Llama-3.1-8B-Instruct [Instruct/chat],117.16218291591193
54,Llama-3.2-1B [Pretrained (PT)],80.86101993649609
54,Llama-3.2-1B-Instruct [Instruct/chat],99.1195519236367
54,Llama-3.2-3B [Pretrained (PT)],88.94280537306291
54,Llama-3.2-3B-Instruct [Instruct/chat],117.10073434542647
54,Meta-Llama-3-8B [Pretrained (PT)],93.99716922984334
54,Meta-Llama-3-8B-Instruct [Instruct/chat],115.5153744764272
54,OLMo-1B-hf [Pretrained (PT)],88.54116650501305
54,OLMo-2-1124-7B-Instruct [Instruct/chat],107.39392140847252
54,OLMo-7B-Instruct-hf [Instruct/chat],97.89897288409932
54,OLMo-7B-hf [Pretrained (PT)],93.08979337788733
54,OLMoE-1B-7B-0125-Instruct [Instruct/chat],112.52049247500837
54,OLMoE-1B-7B-0924 [Pretrained (PT)],89.7983671665992
54,OLMoE-1B-7B-0924-Instruct [Instruct/chat],106.97660679449072
54,Phi-3-medium-128k-instruct [Instruct/chat],121.27917357829708
54,Phi-3-medium-4k-instruct [Instruct/chat],120.86161453847302
54,Phi-3-mini-128k-instruct [Instruct/chat],118.57920782248583
54,Phi-3-mini-4k-instruct [Instruct/chat],115.59907301429834
54,Phi-3-small-128k-instruct [Instruct/chat],120.30817204578966
54,Phi-3-small-8k-instruct [Instruct/chat],121.79557335851308
54,Phi-3.5-mini-instruct [Instruct/chat],119.73610314175691
54,Phi-4-mini-instruct [Instruct/chat],119.73306470758654
54,Qwen-1.8B-Chat [Instruct/chat],98.29969735972844
54,Qwen-14B-Chat [Instruct/chat],107.76548677829295
54,Qwen-7B-Chat [Instruct/chat],104.42928744976429
54,Qwen1.5-0.5B-Chat [Instruct/chat],81.07266516310571
54,Qwen1.5-1.8B [Base (no official chat academic scores)],101.78978696997531
54,Qwen1.5-1.8B-Chat [Instruct/chat],93.24148441252375
54,Qwen1.5-14B [Base (no official chat academic scores)],109.94921500360715
54,Qwen1.5-14B-Chat [Instruct/chat],103.14056565557621
54,Qwen1.5-32B [Base (no official chat academic scores)],111.65526322886505
54,Qwen1.5-32B-Chat [Instruct/chat],116.86536959779946
54,Qwen1.5-4B [Base (no official chat academic scores)],104.4400229763396
54,Qwen1.5-4B-Chat [Instruct/chat],95.83125881707616
54,Qwen1.5-7B [Base (no official chat academic scores)],107.11417820196726
54,Qwen1.5-7B-Chat [Instruct/chat],100.23235027095664
54,Qwen2-0.5B-Instruct [Instruct/chat],100.5558448151844
54,Qwen2-1.5B-Instruct [Instruct/chat],109.95113270904376
54,Qwen2-7B-Instruct [Instruct/chat],120.79403334073588
54,Qwen2.5-0.5B-Instruct [Instruct/chat],103.36611339271224
54,Qwen2.5-1.5B-Instruct [Instruct/chat],114.55460789169453
54,Qwen2.5-14B-Instruct [Instruct/chat],127.25547827889159
54,Qwen2.5-32B-Instruct [Instruct/chat],129.5870757166506
54,Qwen2.5-3B-Instruct [Instruct/chat],121.23228912297982
54,Qwen2.5-7B-Instruct [Instruct/chat],124.84315891879227
54,Qwen3-0.6B [Non-thinking mode],110.41542245017664
54,Qwen3-0.6B [Thinking mode],112.70138378333182
54,Qwen3-1.7B [Non-thinking mode],118.59342430279806
54,Qwen3-1.7B [Thinking mode],123.4014649287689
54,Qwen3-14B [Non-thinking mode],129.40043486112376
54,Qwen3-14B [Thinking mode],137.93146292623123
54,Qwen3-30B-A3B [Non-thinking mode],130.07357666833943
54,Qwen3-30B-A3B [Thinking mode],137.6940106822311
54,Qwen3-30B-A3B-Instruct-2507 [Instruct (non-thinking)],136.77068636675475
54,Qwen3-30B-A3B-Thinking-2507 [Thinking],139.95041913884083
54,Qwen3-32B [Non-thinking mode],130.28399180826506
54,Qwen3-32B [Thinking mode],139.17350683747188
54,Qwen3-4B [Non-thinking mode],126.99688386734181
54,Qwen3-4B [Thinking mode],135.63169694337262
54,Qwen3-4B-Instruct-2507 [Instruct (non-thinking)],132.3709740198369
54,Qwen3-4B-Thinking-2507 [Thinking],137.8830439495725
54,Qwen3-8B [Non-thinking mode],128.55558096075424
54,Qwen3-8B [Thinking mode],136.43787455887792
54,Qwen3.5-0.8B [Non-thinking rows],105.1298222476527
54,Qwen3.5-0.8B [Thinking (default)],111.27090864000293
54,Qwen3.5-27B [Thinking (default)],147.2596253005146
54,Qwen3.5-2B [Non-thinking rows],122.07514917395994
54,Qwen3.5-2B [Thinking (default)],129.7053836605254
54,Qwen3.5-35B-A3B [Thinking (default)],144.20352903961268
54,Qwen3.5-4B [Thinking (default)],141.71922930431413
54,Qwen3.5-9B [Thinking (default)],144.4745680265488
54,Qwen3.6-27B [Thinking (default)],148.43718282677747
54,Qwen3.6-35B-A3B [Thinking (default)],145.58386339335516
54,SmolLM-1.7B [Pretrained (PT)],89.66228177836352
54,SmolLM-1.7B-Instruct [Instruct/chat],79.58058459898287
54,SmolLM-135M [Pretrained (PT)],106.26545603103101
54,SmolLM-135M-Instruct [Instruct/chat],76.57547447539415
54,SmolLM-360M [Pretrained (PT)],78.76811296736014
54,SmolLM-360M-Instruct [Instruct/chat],86.50048281707635
54,SmolLM2-1.7B [Pretrained (PT)],92.38135632622635
54,SmolLM2-1.7B-Instruct [Instruct/chat],106.93694643494175
54,SmolLM2-135M [Pretrained (PT)],82.86819266170639
54,SmolLM2-135M-Instruct [Instruct/chat],92.6582553690829
54,SmolLM2-360M [Pretrained (PT)],88.93275163125315
54,SmolLM2-360M-Instruct [Instruct/chat],103.09969052447354
54,phi-1 [Pretrained (PT)],87.43498298851125
54,phi-1_5 [Pretrained (PT)],61.038734603379964
54,phi-2 [Pretrained (PT)],103.43368450525719
54,phi-4 [Pretrained (PT)],128.23002510557924
55,Gemma 1.1 2B IT [Instruction-tuned (IT)],93.05752955986162
55,Gemma 1.1 7B IT [Instruction-tuned (IT)],105.0562095367098
55,Gemma 2 27B IT [Instruction-tuned (IT)],123.92472236738917
55,Gemma 2 27B [Pretrained (PT)],115.79002212547285
55,Gemma 2 2B IT [Instruction-tuned (IT)],109.63401056177233
55,Gemma 2 2B [Pretrained (PT)],95.53020267662683
55,Gemma 2 9B IT [Instruction-tuned (IT)],120.20251864710555
55,Gemma 2 9B [Pretrained (PT)],111.97265668013875
55,Gemma 2B IT [Instruction-tuned (IT)],88.86956152695268
55,Gemma 2B [Pretrained (PT)],94.57935711571355
55,Gemma 3 12B IT [Instruction-tuned (IT)],126.14469470177727
55,Gemma 3 12B [Pretrained (PT)],113.60562203170588
55,Gemma 3 1B IT [Instruction-tuned (IT)],104.94090799949426
55,Gemma 3 1B [Pretrained (PT)],82.91636321036881
55,Gemma 3 27B IT [Instruction-tuned (IT)],129.52604557344458
55,Gemma 3 27B [Pretrained (PT)],116.20282031525281
55,Gemma 3 4B IT [Instruction-tuned (IT)],121.07237543055534
55,Gemma 3 4B [Pretrained (PT)],102.05181340508317
55,Gemma 3n E2B IT [Instruction-tuned (IT)],111.07905479216883
55,Gemma 3n E2B [Pretrained (PT)],98.98817807844445
55,Gemma 3n E4B IT [Instruction-tuned (IT)],113.24593662007398
55,Gemma 3n E4B [Pretrained (PT)],107.15561286251994
55,"Gemma 4 12B [IT, Thinking mode]",141.97894697071408
55,"Gemma 4 26B A4B [IT, Thinking mode]",143.93523440003338
55,"Gemma 4 31B [IT, Thinking mode]",146.97397134665798
55,"Gemma 4 E2B [IT, Thinking mode]",130.12993383279505
55,"Gemma 4 E4B [IT, Thinking mode]",133.9861615616757
55,Gemma 7B IT [Instruction-tuned (IT)],100.75903873822136
55,Gemma 7B [Pretrained (PT)],111.30953721746454
55,Llama-2-13b-chat-hf [Instruct/chat],101.07737931774003
55,Llama-2-13b-hf [Pretrained (PT)],107.34383935819103
55,Llama-2-7b-chat-hf [Instruct/chat],74.66349422065419
55,Llama-2-7b-hf [Pretrained (PT)],93.37057969722505
55,Llama-3.1-8B [Pretrained (PT)],114.79980611816141
55,Llama-3.1-8B-Instruct [Instruct/chat],111.47933000634777
55,Llama-3.2-1B [Pretrained (PT)],74.65133126519937
55,Llama-3.2-1B-Instruct [Instruct/chat],104.98561887111526
55,Llama-3.2-3B [Pretrained (PT)],76.58443520417205
55,Llama-3.2-3B-Instruct [Instruct/chat],119.2544222981058
55,Meta-Llama-3-8B [Pretrained (PT)],111.03709397102953
55,Meta-Llama-3-8B-Instruct [Instruct/chat],116.55238845678069
55,OLMo-1B-hf [Pretrained (PT)],85.04681224487587
55,OLMo-2-1124-7B-Instruct [Instruct/chat],116.71269515565474
55,OLMo-7B-Instruct-hf [Instruct/chat],98.1033209758463
55,OLMo-7B-hf [Pretrained (PT)],85.18149213619068
55,OLMoE-1B-7B-0125-Instruct [Instruct/chat],116.07739932494523
55,OLMoE-1B-7B-0924 [Pretrained (PT)],97.02103793333383
55,OLMoE-1B-7B-0924-Instruct [Instruct/chat],104.63026978712679
55,Phi-3-medium-128k-instruct [Instruct/chat],121.50930990624975
55,Phi-3-medium-4k-instruct [Instruct/chat],121.13754975520774
55,Phi-3-mini-128k-instruct [Instruct/chat],117.68964728259856
55,Phi-3-mini-4k-instruct [Instruct/chat],116.72479620647842
55,Phi-3-small-128k-instruct [Instruct/chat],119.79861719202972
55,Phi-3-small-8k-instruct [Instruct/chat],122.66442233685308
55,Phi-3.5-mini-instruct [Instruct/chat],119.6061648485379
55,Phi-4-mini-instruct [Instruct/chat],121.59988278638434
55,Qwen-1.8B-Chat [Instruct/chat],96.7581807154711
55,Qwen-14B-Chat [Instruct/chat],107.13168257088513
55,Qwen-7B-Chat [Instruct/chat],103.63951383301946
55,Qwen1.5-0.5B-Chat [Instruct/chat],76.90095436447794
55,Qwen1.5-1.8B [Base (no official chat academic scores)],98.93345700781464
55,Qwen1.5-1.8B-Chat [Instruct/chat],88.74772106182655
55,Qwen1.5-14B [Base (no official chat academic scores)],112.13604238189654
55,Qwen1.5-14B-Chat [Instruct/chat],103.93103203963891
55,Qwen1.5-32B [Base (no official chat academic scores)],111.59629387610863
55,Qwen1.5-32B-Chat [Instruct/chat],116.40164230294184
55,Qwen1.5-4B [Base (no official chat academic scores)],104.53943938622768
55,Qwen1.5-4B-Chat [Instruct/chat],99.07221009075703
55,Qwen1.5-7B [Base (no official chat academic scores)],105.08273704039667
55,Qwen1.5-7B-Chat [Instruct/chat],100.33339655340978
55,Qwen2-0.5B-Instruct [Instruct/chat],96.88398590609852
55,Qwen2-1.5B-Instruct [Instruct/chat],107.4485028074746
55,Qwen2-7B-Instruct [Instruct/chat],118.65347430560226
55,Qwen2.5-0.5B-Instruct [Instruct/chat],107.60737976752381
55,Qwen2.5-1.5B-Instruct [Instruct/chat],114.26489297825894
55,Qwen2.5-14B-Instruct [Instruct/chat],129.57067093121233
55,Qwen2.5-32B-Instruct [Instruct/chat],131.70978107500042
55,Qwen2.5-3B-Instruct [Instruct/chat],119.94094278516039
55,Qwen2.5-7B-Instruct [Instruct/chat],124.32646972711046
55,Qwen3-0.6B [Non-thinking mode],103.62228553228213
55,Qwen3-0.6B [Thinking mode],115.04415579719316
55,Qwen3-1.7B [Non-thinking mode],121.28054291831613
55,Qwen3-1.7B [Thinking mode],125.5658321740166
55,Qwen3-14B [Non-thinking mode],131.00120587389048
55,Qwen3-14B [Thinking mode],137.4940689298425
55,Qwen3-30B-A3B [Non-thinking mode],129.0329605518403
55,Qwen3-30B-A3B [Thinking mode],138.3024148612072
55,Qwen3-30B-A3B-Instruct-2507 [Instruct (non-thinking)],137.41556419982808
55,Qwen3-30B-A3B-Thinking-2507 [Thinking],141.59243454948788
55,Qwen3-32B [Non-thinking mode],129.1566618870792
55,Qwen3-32B [Thinking mode],138.59497346643346
55,Qwen3-4B [Non-thinking mode],125.7838641450631
55,Qwen3-4B [Thinking mode],133.00334800093165
55,Qwen3-4B-Instruct-2507 [Instruct (non-thinking)],133.14121202407202
55,Qwen3-4B-Thinking-2507 [Thinking],138.15843779254612
55,Qwen3-8B [Non-thinking mode],127.06910235080272
55,Qwen3-8B [Thinking mode],136.33115823872373
55,Qwen3.5-0.8B [Non-thinking rows],111.63739620572663
55,Qwen3.5-0.8B [Thinking (default)],112.0565294087769
55,Qwen3.5-27B [Thinking (default)],147.89871579917732
55,Qwen3.5-2B [Non-thinking rows],124.76098337778151
55,Qwen3.5-2B [Thinking (default)],130.44366010345107
55,Qwen3.5-35B-A3B [Thinking (default)],145.54527308467536
55,Qwen3.5-4B [Thinking (default)],142.21396821566555
55,Qwen3.5-9B [Thinking (default)],144.25185084153736
55,Qwen3.6-27B [Thinking (default)],148.80455344248853
55,Qwen3.6-35B-A3B [Thinking (default)],145.58673644475482
55,SmolLM-1.7B [Pretrained (PT)],85.67287403170295
55,SmolLM-1.7B-Instruct [Instruct/chat],87.56242146780538
55,SmolLM-135M [Pretrained (PT)],85.98569090557082
55,SmolLM-135M-Instruct [Instruct/chat],73.72369631936371
55,SmolLM-360M [Pretrained (PT)],85.90159133197999
55,SmolLM-360M-Instruct [Instruct/chat],83.68003768282821
55,SmolLM2-1.7B [Pretrained (PT)],104.71827770459359
55,SmolLM2-1.7B-Instruct [Instruct/chat],106.09409637711083
55,SmolLM2-135M [Pretrained (PT)],82.24532607415993
55,SmolLM2-135M-Instruct [Instruct/chat],93.26014988622182
55,SmolLM2-360M [Pretrained (PT)],85.53570973232308
55,SmolLM2-360M-Instruct [Instruct/chat],97.51834079612517
55,phi-1 [Pretrained (PT)],85.29342903602361
55,phi-1_5 [Pretrained (PT)],87.34967281144151
55,phi-2 [Pretrained (PT)],92.89045210271439
55,phi-4 [Pretrained (PT)],131.06681478336728
56,Gemma 1.1 2B IT [Instruction-tuned (IT)],91.00134175401473
56,Gemma 1.1 7B IT [Instruction-tuned (IT)],104.35728982750844
56,Gemma 2 27B IT [Instruction-tuned (IT)],122.69173721762489
56,Gemma 2 27B [Pretrained (PT)],115.46298721244091
56,Gemma 2 2B IT [Instruction-tuned (IT)],100.1214055918168
56,Gemma 2 2B [Pretrained (PT)],99.27710515661218
56,Gemma 2 9B IT [Instruction-tuned (IT)],122.1104614549441
56,Gemma 2 9B [Pretrained (PT)],110.54563366528949
56,Gemma 2B IT [Instruction-tuned (IT)],86.81755046719081
56,Gemma 2B [Pretrained (PT)],95.35133821489477
56,Gemma 3 12B IT [Instruction-tuned (IT)],128.38185580306148
56,Gemma 3 12B [Pretrained (PT)],116.37610259158669
56,Gemma 3 1B IT [Instruction-tuned (IT)],107.98304157728964
56,Gemma 3 1B [Pretrained (PT)],76.48360151577184
56,Gemma 3 27B IT [Instruction-tuned (IT)],130.2180090710036
56,Gemma 3 27B [Pretrained (PT)],121.59685809993911
56,Gemma 3 4B IT [Instruction-tuned (IT)],121.28843568104233
56,Gemma 3 4B [Pretrained (PT)],105.20435643031814
56,Gemma 3n E2B IT [Instruction-tuned (IT)],115.90532507839353
56,Gemma 3n E2B [Pretrained (PT)],100.56461225438781
56,Gemma 3n E4B IT [Instruction-tuned (IT)],120.95111692481346
56,Gemma 3n E4B [Pretrained (PT)],108.60842704226069
56,"Gemma 4 12B [IT, Thinking mode]",141.30542735766548
56,"Gemma 4 26B A4B [IT, Thinking mode]",144.02212350478428
56,"Gemma 4 31B [IT, Thinking mode]",147.29704637981854
56,"Gemma 4 E2B [IT, Thinking mode]",130.46685675712618
56,"Gemma 4 E4B [IT, Thinking mode]",133.3250654645315
56,Gemma 7B IT [Instruction-tuned (IT)],100.153636038193
56,Gemma 7B [Pretrained (PT)],109.58923699169628
56,Llama-2-13b-chat-hf [Instruct/chat],108.76904307532728
56,Llama-2-13b-hf [Pretrained (PT)],104.41389118744695
56,Llama-2-7b-chat-hf [Instruct/chat],89.09487090779999
56,Llama-2-7b-hf [Pretrained (PT)],98.56909116739546
56,Llama-3.1-8B [Pretrained (PT)],103.99719007608007
56,Llama-3.1-8B-Instruct [Instruct/chat],117.3944102335577
56,Llama-3.2-1B [Pretrained (PT)],91.6566764971949
56,Llama-3.2-1B-Instruct [Instruct/chat],108.17234062559007
56,Llama-3.2-3B [Pretrained (PT)],106.24269772527526
56,Llama-3.2-3B-Instruct [Instruct/chat],118.49845419349232
56,Meta-Llama-3-8B [Pretrained (PT)],96.54691600291801
56,Meta-Llama-3-8B-Instruct [Instruct/chat],116.28773408152072
56,OLMo-1B-hf [Pretrained (PT)],93.74627497494504
56,OLMo-2-1124-7B-Instruct [Instruct/chat],115.12072899385099
56,OLMo-7B-Instruct-hf [Instruct/chat],89.5212130349757
56,OLMo-7B-hf [Pretrained (PT)],100.47103613439481
56,OLMoE-1B-7B-0125-Instruct [Instruct/chat],118.4271459202931
56,OLMoE-1B-7B-0924 [Pretrained (PT)],95.77903437546827
56,OLMoE-1B-7B-0924-Instruct [Instruct/chat],102.4545912716198
56,Phi-3-medium-128k-instruct [Instruct/chat],122.31381547354385
56,Phi-3-medium-4k-instruct [Instruct/chat],120.3641225800992
56,Phi-3-mini-128k-instruct [Instruct/chat],118.06939396779417
56,Phi-3-mini-4k-instruct [Instruct/chat],116.65992116704135
56,Phi-3-small-128k-instruct [Instruct/chat],121.91976632882076
56,Phi-3-small-8k-instruct [Instruct/chat],121.77861583358862
56,Phi-3.5-mini-instruct [Instruct/chat],118.48965582620359
56,Phi-4-mini-instruct [Instruct/chat],123.78971940122321
56,Qwen-1.8B-Chat [Instruct/chat],99.78303581971718
56,Qwen-14B-Chat [Instruct/chat],109.00204752415496
56,Qwen-7B-Chat [Instruct/chat],105.87242140400727
56,Qwen1.5-0.5B-Chat [Instruct/chat],89.09756300520306
56,Qwen1.5-1.8B [Base (no official chat academic scores)],101.83184013897592
56,Qwen1.5-1.8B-Chat [Instruct/chat],91.87219218617565
56,Qwen1.5-14B [Base (no official chat academic scores)],111.26453824970599
56,Qwen1.5-14B-Chat [Instruct/chat],106.06785200369993
56,Qwen1.5-32B [Base (no official chat academic scores)],112.45602082786557
56,Qwen1.5-32B-Chat [Instruct/chat],117.29725305301301
56,Qwen1.5-4B [Base (no official chat academic scores)],104.99023204604097
56,Qwen1.5-4B-Chat [Instruct/chat],98.01606272823287
56,Qwen1.5-7B [Base (no official chat academic scores)],108.87349753821884
56,Qwen1.5-7B-Chat [Instruct/chat],102.25009610679804
56,Qwen2-0.5B-Instruct [Instruct/chat],99.2975668663884
56,Qwen2-1.5B-Instruct [Instruct/chat],106.92744008796777
56,Qwen2-7B-Instruct [Instruct/chat],120.08711602867514
56,Qwen2.5-0.5B-Instruct [Instruct/chat],105.77327551106721
56,Qwen2.5-1.5B-Instruct [Instruct/chat],114.11698574727394
56,Qwen2.5-14B-Instruct [Instruct/chat],128.46435892298786
56,Qwen2.5-32B-Instruct [Instruct/chat],131.05652745488885
56,Qwen2.5-3B-Instruct [Instruct/chat],119.68392870386495
56,Qwen2.5-7B-Instruct [Instruct/chat],125.23418433366439
56,Qwen3-0.6B [Non-thinking mode],111.41071013913432
56,Qwen3-0.6B [Thinking mode],109.84065731543663
56,Qwen3-1.7B [Non-thinking mode],118.32757488329008
56,Qwen3-1.7B [Thinking mode],122.95124050796356
56,Qwen3-14B [Non-thinking mode],130.34071108030557
56,Qwen3-14B [Thinking mode],138.71717080180346
56,Qwen3-30B-A3B [Non-thinking mode],130.78906766568045
56,Qwen3-30B-A3B [Thinking mode],138.1621614947851
56,Qwen3-30B-A3B-Instruct-2507 [Instruct (non-thinking)],136.97934588075404
56,Qwen3-30B-A3B-Thinking-2507 [Thinking],141.6232850735541
56,Qwen3-32B [Non-thinking mode],130.8286840881571
56,Qwen3-32B [Thinking mode],139.11031277341277
56,Qwen3-4B [Non-thinking mode],127.25906094508792
56,Qwen3-4B [Thinking mode],135.56201378066194
56,Qwen3-4B-Instruct-2507 [Instruct (non-thinking)],133.26666285726995
56,Qwen3-4B-Thinking-2507 [Thinking],138.70697814569215
56,Qwen3-8B [Non-thinking mode],129.58885331708794
56,Qwen3-8B [Thinking mode],137.12562857031563
56,Qwen3.5-0.8B [Non-thinking rows],101.16385711676966
56,Qwen3.5-0.8B [Thinking (default)],113.02408194188409
56,Qwen3.5-27B [Thinking (default)],148.1042981926027
56,Qwen3.5-2B [Non-thinking rows],122.58227714380715
56,Qwen3.5-2B [Thinking (default)],128.98464123038823
56,Qwen3.5-35B-A3B [Thinking (default)],145.67735466507582
56,Qwen3.5-4B [Thinking (default)],142.0168698922855
56,Qwen3.5-9B [Thinking (default)],144.7977711668539
56,Qwen3.6-27B [Thinking (default)],150.34802424813373
56,Qwen3.6-35B-A3B [Thinking (default)],148.56939159448893
56,SmolLM-1.7B [Pretrained (PT)],98.24997817360729
56,SmolLM-1.7B-Instruct [Instruct/chat],97.45083138196514
56,SmolLM-135M [Pretrained (PT)],85.24964278614826
56,SmolLM-135M-Instruct [Instruct/chat],80.21013391260182
56,SmolLM-360M [Pretrained (PT)],88.29623253996886
56,SmolLM-360M-Instruct [Instruct/chat],93.81677086095257
56,SmolLM2-1.7B [Pretrained (PT)],100.33386845971032
56,SmolLM2-1.7B-Instruct [Instruct/chat],109.38739312074992
56,SmolLM2-135M [Pretrained (PT)],96.26469180001202
56,SmolLM2-135M-Instruct [Instruct/chat],102.04517277186221
56,SmolLM2-360M [Pretrained (PT)],97.63710754563844
56,SmolLM2-360M-Instruct [Instruct/chat],104.90164343222698
56,phi-1 [Pretrained (PT)],79.58402753576667
56,phi-1_5 [Pretrained (PT)],95.79242332104575
56,phi-2 [Pretrained (PT)],108.74314338962822
56,phi-4 [Pretrained (PT)],106.0221030622792
57,Gemma 1.1 2B IT [Instruction-tuned (IT)],101.37646710511339
57,Gemma 1.1 7B IT [Instruction-tuned (IT)],105.24666236074718
57,Gemma 2 27B IT [Instruction-tuned (IT)],122.78902206251354
57,Gemma 2 27B [Pretrained (PT)],118.09310890034202
57,Gemma 2 2B IT [Instruction-tuned (IT)],108.22829198183719
57,Gemma 2 2B [Pretrained (PT)],100.59383897210844
57,Gemma 2 9B IT [Instruction-tuned (IT)],119.07744459715815
57,Gemma 2 9B [Pretrained (PT)],113.04901023381369
57,Gemma 2B IT [Instruction-tuned (IT)],95.77370608259079
57,Gemma 2B [Pretrained (PT)],97.2133373187079
57,Gemma 3 12B IT [Instruction-tuned (IT)],126.19512954369715
57,Gemma 3 12B [Pretrained (PT)],114.95945983110015
57,Gemma 3 1B IT [Instruction-tuned (IT)],105.75879057398595
57,Gemma 3 1B [Pretrained (PT)],87.7076387538308
57,Gemma 3 27B IT [Instruction-tuned (IT)],128.5632114608248
57,Gemma 3 27B [Pretrained (PT)],119.44240963189085
57,Gemma 3 4B IT [Instruction-tuned (IT)],120.68312196465524
57,Gemma 3 4B [Pretrained (PT)],105.35862081220718
57,Gemma 3n E2B IT [Instruction-tuned (IT)],113.73902839853857
57,Gemma 3n E2B [Pretrained (PT)],98.22461598535347
57,Gemma 3n E4B IT [Instruction-tuned (IT)],119.30586406618978
57,Gemma 3n E4B [Pretrained (PT)],106.88247451702483
57,"Gemma 4 12B [IT, Thinking mode]",140.51698837037245
57,"Gemma 4 26B A4B [IT, Thinking mode]",142.480591035036
57,"Gemma 4 31B [IT, Thinking mode]",144.49476186285557
57,"Gemma 4 E2B [IT, Thinking mode]",129.3529635098395
57,"Gemma 4 E4B [IT, Thinking mode]",134.42438837979836
57,Gemma 7B IT [Instruction-tuned (IT)],101.19977645359793
57,Gemma 7B [Pretrained (PT)],109.34477534584614
57,Llama-2-13b-chat-hf [Instruct/chat],102.4504922580773
57,Llama-2-13b-hf [Pretrained (PT)],106.65509516152514
57,Llama-2-7b-chat-hf [Instruct/chat],96.55231360414696
57,Llama-2-7b-hf [Pretrained (PT)],101.1316112402485
57,Llama-3.1-8B [Pretrained (PT)],103.12727199713501
57,Llama-3.1-8B-Instruct [Instruct/chat],116.19536389931436
57,Llama-3.2-1B [Pretrained (PT)],90.714842692931
57,Llama-3.2-1B-Instruct [Instruct/chat],114.93574540326068
57,Llama-3.2-3B [Pretrained (PT)],105.76290252015619
57,Llama-3.2-3B-Instruct [Instruct/chat],117.09842457753751
57,Meta-Llama-3-8B [Pretrained (PT)],112.81187996197406
57,Meta-Llama-3-8B-Instruct [Instruct/chat],118.61747064006468
57,OLMo-1B-hf [Pretrained (PT)],94.96353512900271
57,OLMo-2-1124-7B-Instruct [Instruct/chat],113.91635232694978
57,OLMo-7B-Instruct-hf [Instruct/chat],101.75559896199792
57,OLMo-7B-hf [Pretrained (PT)],97.60274342401596
57,OLMoE-1B-7B-0125-Instruct [Instruct/chat],104.59323539128354
57,OLMoE-1B-7B-0924 [Pretrained (PT)],97.62971625422759
57,OLMoE-1B-7B-0924-Instruct [Instruct/chat],105.76326473363017
57,Phi-3-medium-128k-instruct [Instruct/chat],121.88084226015356
57,Phi-3-medium-4k-instruct [Instruct/chat],121.16134538347175
57,Phi-3-mini-128k-instruct [Instruct/chat],117.49029351555336
57,Phi-3-mini-4k-instruct [Instruct/chat],118.07621741510091
57,Phi-3-small-128k-instruct [Instruct/chat],120.4550068250683
57,Phi-3-small-8k-instruct [Instruct/chat],120.0842761542657
57,Phi-3.5-mini-instruct [Instruct/chat],118.53146251225373
57,Phi-4-mini-instruct [Instruct/chat],121.83846707891495
57,Qwen-1.8B-Chat [Instruct/chat],98.18612979478333
57,Qwen-14B-Chat [Instruct/chat],109.51855344943401
57,Qwen-7B-Chat [Instruct/chat],107.06232202027027
57,Qwen1.5-0.5B-Chat [Instruct/chat],75.57444528098821
57,Qwen1.5-1.8B [Base (no official chat academic scores)],101.60152387164288
57,Qwen1.5-1.8B-Chat [Instruct/chat],97.01228386364699
57,Qwen1.5-14B [Base (no official chat academic scores)],111.39093129106399
57,Qwen1.5-14B-Chat [Instruct/chat],110.11989837072525
57,Qwen1.5-32B [Base (no official chat academic scores)],114.61724063082636
57,Qwen1.5-32B-Chat [Instruct/chat],116.68565174701145
57,Qwen1.5-4B [Base (no official chat academic scores)],105.45485971325331
57,Qwen1.5-4B-Chat [Instruct/chat],101.45767432995996
57,Qwen1.5-7B [Base (no official chat academic scores)],111.20699789911757
57,Qwen1.5-7B-Chat [Instruct/chat],109.29519221789081
57,Qwen2-0.5B-Instruct [Instruct/chat],98.79773226410083
57,Qwen2-1.5B-Instruct [Instruct/chat],104.1941190884753
57,Qwen2-7B-Instruct [Instruct/chat],119.92157335702787
57,Qwen2.5-0.5B-Instruct [Instruct/chat],108.0949180670572
57,Qwen2.5-1.5B-Instruct [Instruct/chat],113.20788611329054
57,Qwen2.5-14B-Instruct [Instruct/chat],128.38445304850177
57,Qwen2.5-32B-Instruct [Instruct/chat],129.1795185032982
57,Qwen2.5-3B-Instruct [Instruct/chat],119.51505706087441
57,Qwen2.5-7B-Instruct [Instruct/chat],124.93756089444778
57,Qwen3-0.6B [Non-thinking mode],103.32951244066004
57,Qwen3-0.6B [Thinking mode],114.69565648513628
57,Qwen3-1.7B [Non-thinking mode],119.6252800034009
57,Qwen3-1.7B [Thinking mode],125.53410130095361
57,Qwen3-14B [Non-thinking mode],129.6833497228896
57,Qwen3-14B [Thinking mode],137.25124949074865
57,Qwen3-30B-A3B [Non-thinking mode],129.62175217036278
57,Qwen3-30B-A3B [Thinking mode],136.8831987182929
57,Qwen3-30B-A3B-Instruct-2507 [Instruct (non-thinking)],135.35118232022137
57,Qwen3-30B-A3B-Thinking-2507 [Thinking],140.24924614964166
57,Qwen3-32B [Non-thinking mode],130.04661310812426
57,Qwen3-32B [Thinking mode],138.45467353114213
57,Qwen3-4B [Non-thinking mode],126.15144151467868
57,Qwen3-4B [Thinking mode],133.51120305655414
57,Qwen3-4B-Instruct-2507 [Instruct (non-thinking)],132.18014838435204
57,Qwen3-4B-Thinking-2507 [Thinking],137.42255282350823
57,Qwen3-8B [Non-thinking mode],128.7603618206828
57,Qwen3-8B [Thinking mode],136.26342457204726
57,Qwen3.5-0.8B [Non-thinking rows],101.93822110082859
57,Qwen3.5-0.8B [Thinking (default)],105.8732876891975
57,Qwen3.5-27B [Thinking (default)],146.33510678921644
57,Qwen3.5-2B [Non-thinking rows],122.47450343097921
57,Qwen3.5-2B [Thinking (default)],130.0095981798806
57,Qwen3.5-35B-A3B [Thinking (default)],144.7649100562528
57,Qwen3.5-4B [Thinking (default)],141.19858937528303
57,Qwen3.5-9B [Thinking (default)],144.0747724727523
57,Qwen3.6-27B [Thinking (default)],147.63167054956185
57,Qwen3.6-35B-A3B [Thinking (default)],143.57866435848544
57,SmolLM-1.7B [Pretrained (PT)],97.5194957146423
57,SmolLM-1.7B-Instruct [Instruct/chat],83.37411719430102
57,SmolLM-135M [Pretrained (PT)],96.89057060647247
57,SmolLM-135M-Instruct [Instruct/chat],85.7255904973356
57,SmolLM-360M [Pretrained (PT)],96.15300686628811
57,SmolLM-360M-Instruct [Instruct/chat],84.28454770371135
57,SmolLM2-1.7B [Pretrained (PT)],99.36910112764224
57,SmolLM2-1.7B-Instruct [Instruct/chat],109.22333456450995
57,SmolLM2-135M [Pretrained (PT)],94.56678320241807
57,SmolLM2-135M-Instruct [Instruct/chat],89.98781829925571
57,SmolLM2-360M [Pretrained (PT)],95.31651371822136
57,SmolLM2-360M-Instruct [Instruct/chat],81.82564467492446
57,phi-1 [Pretrained (PT)],95.26453625882485
57,phi-1_5 [Pretrained (PT)],92.55700716089729
57,phi-2 [Pretrained (PT)],104.36795483899142
57,phi-4 [Pretrained (PT)],130.482778871228
58,Gemma 1.1 2B IT [Instruction-tuned (IT)],98.8893128771674
58,Gemma 1.1 7B IT [Instruction-tuned (IT)],106.55499738013219
58,Gemma 2 27B IT [Instruction-tuned (IT)],126.58368540599027
58,Gemma 2 27B [Pretrained (PT)],115.05726366843848
58,Gemma 2 2B IT [Instruction-tuned (IT)],109.78583503614857
58,Gemma 2 2B [Pretrained (PT)],97.62222180861735
58,Gemma 2 9B IT [Instruction-tuned (IT)],120.13276536912815
58,Gemma 2 9B [Pretrained (PT)],114.25721733621363
58,Gemma 2B IT [Instruction-tuned (IT)],90.66298803517134
58,Gemma 2B [Pretrained (PT)],95.38547581116974
58,Gemma 3 12B IT [Instruction-tuned (IT)],127.60294892050158
58,Gemma 3 12B [Pretrained (PT)],114.25635719987453
58,Gemma 3 1B IT [Instruction-tuned (IT)],105.73672015678898
58,Gemma 3 1B [Pretrained (PT)],83.24040408310495
58,Gemma 3 27B IT [Instruction-tuned (IT)],130.362317937009
58,Gemma 3 27B [Pretrained (PT)],118.33131802125793
58,Gemma 3 4B IT [Instruction-tuned (IT)],121.93706828508417
58,Gemma 3 4B [Pretrained (PT)],103.43010626562356
58,Gemma 3n E2B IT [Instruction-tuned (IT)],110.69207046519006
58,Gemma 3n E2B [Pretrained (PT)],99.3894526781821
58,Gemma 3n E4B IT [Instruction-tuned (IT)],122.89620417368886
58,Gemma 3n E4B [Pretrained (PT)],107.89183090710713
58,"Gemma 4 12B [IT, Thinking mode]",141.97501241521582
58,"Gemma 4 26B A4B [IT, Thinking mode]",143.69532214994555
58,"Gemma 4 31B [IT, Thinking mode]",145.95927627848846
58,"Gemma 4 E2B [IT, Thinking mode]",129.50141536293322
58,"Gemma 4 E4B [IT, Thinking mode]",134.99838979836463
58,Gemma 7B IT [Instruction-tuned (IT)],101.91987964871555
58,Gemma 7B [Pretrained (PT)],109.6522101963447
58,Llama-2-13b-chat-hf [Instruct/chat],95.05288790680288
58,Llama-2-13b-hf [Pretrained (PT)],108.93812574927509
58,Llama-2-7b-chat-hf [Instruct/chat],90.6053272393199
58,Llama-2-7b-hf [Pretrained (PT)],98.25420028483106
58,Llama-3.1-8B [Pretrained (PT)],93.57976313066936
58,Llama-3.1-8B-Instruct [Instruct/chat],111.68285427793415
58,Llama-3.2-1B [Pretrained (PT)],82.536029644191
58,Llama-3.2-1B-Instruct [Instruct/chat],108.6664515024381
58,Llama-3.2-3B [Pretrained (PT)],90.94128462932193
58,Llama-3.2-3B-Instruct [Instruct/chat],118.23760244874725
58,Meta-Llama-3-8B [Pretrained (PT)],92.68638266256838
58,Meta-Llama-3-8B-Instruct [Instruct/chat],116.33225393271246
58,OLMo-1B-hf [Pretrained (PT)],90.29154856773495
58,OLMo-2-1124-7B-Instruct [Instruct/chat],130.18254354693417
58,OLMo-7B-Instruct-hf [Instruct/chat],97.79811328429881
58,OLMo-7B-hf [Pretrained (PT)],96.1446455944384
58,OLMoE-1B-7B-0125-Instruct [Instruct/chat],101.70298215249244
58,OLMoE-1B-7B-0924 [Pretrained (PT)],91.84506651540244
58,OLMoE-1B-7B-0924-Instruct [Instruct/chat],102.24705201590248
58,Phi-3-medium-128k-instruct [Instruct/chat],120.75070573312934
58,Phi-3-medium-4k-instruct [Instruct/chat],122.3133698405365
58,Phi-3-mini-128k-instruct [Instruct/chat],119.59099744212143
58,Phi-3-mini-4k-instruct [Instruct/chat],117.66766829173805
58,Phi-3-small-128k-instruct [Instruct/chat],124.09744836619458
58,Phi-3-small-8k-instruct [Instruct/chat],121.96904720680047
58,Phi-3.5-mini-instruct [Instruct/chat],119.64465882454925
58,Phi-4-mini-instruct [Instruct/chat],120.28473214704701
58,Qwen-1.8B-Chat [Instruct/chat],99.52004837600234
58,Qwen-14B-Chat [Instruct/chat],108.33323527608479
58,Qwen-7B-Chat [Instruct/chat],104.82510096798225
58,Qwen1.5-0.5B-Chat [Instruct/chat],74.2489978678228
58,Qwen1.5-1.8B [Base (no official chat academic scores)],100.56052276151028
58,Qwen1.5-1.8B-Chat [Instruct/chat],93.89263656345811
58,Qwen1.5-14B [Base (no official chat academic scores)],113.0208129325355
58,Qwen1.5-14B-Chat [Instruct/chat],113.89870982075854
58,Qwen1.5-32B [Base (no official chat academic scores)],114.26596991652623
58,Qwen1.5-32B-Chat [Instruct/chat],119.36511900485479
58,Qwen1.5-4B [Base (no official chat academic scores)],105.44235646166065
58,Qwen1.5-4B-Chat [Instruct/chat],98.8656223929311
58,Qwen1.5-7B [Base (no official chat academic scores)],107.18798629780846
58,Qwen1.5-7B-Chat [Instruct/chat],104.33275082137916
58,Qwen2-0.5B-Instruct [Instruct/chat],99.90035394012367
58,Qwen2-1.5B-Instruct [Instruct/chat],108.79627962301676
58,Qwen2-7B-Instruct [Instruct/chat],117.80692536700079
58,Qwen2.5-0.5B-Instruct [Instruct/chat],107.67993978470167
58,Qwen2.5-1.5B-Instruct [Instruct/chat],114.79608660142682
58,Qwen2.5-14B-Instruct [Instruct/chat],128.0308503570307
58,Qwen2.5-32B-Instruct [Instruct/chat],131.0102419237475
58,Qwen2.5-3B-Instruct [Instruct/chat],119.11362435291059
58,Qwen2.5-7B-Instruct [Instruct/chat],125.52316629650879
58,Qwen3-0.6B [Non-thinking mode],113.34758875362844
58,Qwen3-0.6B [Thinking mode],117.7059437265364
58,Qwen3-1.7B [Non-thinking mode],118.32737611665935
58,Qwen3-1.7B [Thinking mode],124.83115907364483
58,Qwen3-14B [Non-thinking mode],130.89305783948421
58,Qwen3-14B [Thinking mode],139.76895580203927
58,Qwen3-30B-A3B [Non-thinking mode],130.7227308194117
58,Qwen3-30B-A3B [Thinking mode],139.83247925737123
58,Qwen3-30B-A3B-Instruct-2507 [Instruct (non-thinking)],139.14394482879453
58,Qwen3-30B-A3B-Thinking-2507 [Thinking],138.6224396446404
58,Qwen3-32B [Non-thinking mode],131.2816073807533
58,Qwen3-32B [Thinking mode],140.56790539014318
58,Qwen3-4B [Non-thinking mode],127.26460659380102
58,Qwen3-4B [Thinking mode],136.6969443073106
58,Qwen3-4B-Instruct-2507 [Instruct (non-thinking)],134.0256833255319
58,Qwen3-4B-Thinking-2507 [Thinking],136.1710188349559
58,Qwen3-8B [Non-thinking mode],129.2986286008263
58,Qwen3-8B [Thinking mode],138.4145919200283
58,Qwen3.5-0.8B [Non-thinking rows],111.87465563880453
58,Qwen3.5-0.8B [Thinking (default)],112.1896059809277
58,Qwen3.5-27B [Thinking (default)],146.29851912919864
58,Qwen3.5-2B [Non-thinking rows],122.9134555630202
58,Qwen3.5-2B [Thinking (default)],129.52961665635186
58,Qwen3.5-35B-A3B [Thinking (default)],145.10711209261632
58,Qwen3.5-4B [Thinking (default)],140.9699149498903
58,Qwen3.5-9B [Thinking (default)],142.90977746666786
58,Qwen3.6-27B [Thinking (default)],147.1949429425188
58,Qwen3.6-35B-A3B [Thinking (default)],145.07570921935218
58,SmolLM-1.7B [Pretrained (PT)],90.59165105053532
58,SmolLM-1.7B-Instruct [Instruct/chat],89.73031853915819
58,SmolLM-135M [Pretrained (PT)],90.79923310440272
58,SmolLM-135M-Instruct [Instruct/chat],75.4546658007252
58,SmolLM-360M [Pretrained (PT)],89.66068625270698
58,SmolLM-360M-Instruct [Instruct/chat],84.50141117201105
58,SmolLM2-1.7B [Pretrained (PT)],96.93243324419603
58,SmolLM2-1.7B-Instruct [Instruct/chat],110.20410039716496
58,SmolLM2-135M [Pretrained (PT)],88.41998836241483
58,SmolLM2-135M-Instruct [Instruct/chat],95.3172849653137
58,SmolLM2-360M [Pretrained (PT)],90.89274868061338
58,SmolLM2-360M-Instruct [Instruct/chat],75.54964739379126
58,phi-1 [Pretrained (PT)],89.68576544329943
58,phi-1_5 [Pretrained (PT)],93.68307104099902
58,phi-2 [Pretrained (PT)],82.79389417673686
58,phi-4 [Pretrained (PT)],129.50084709568253
59,Gemma 1.1 2B IT [Instruction-tuned (IT)],90.40873986093838
59,Gemma 1.1 7B IT [Instruction-tuned (IT)],105.95369103228691
59,Gemma 2 27B IT [Instruction-tuned (IT)],122.57395028048626
59,Gemma 2 27B [Pretrained (PT)],114.90161259793761
59,Gemma 2 2B IT [Instruction-tuned (IT)],108.97965178514202
59,Gemma 2 2B [Pretrained (PT)],98.9425425606992
59,Gemma 2 9B IT [Instruction-tuned (IT)],118.92792122683149
59,Gemma 2 9B [Pretrained (PT)],110.61161726292812
59,Gemma 2B IT [Instruction-tuned (IT)],91.91221474375925
59,Gemma 2B [Pretrained (PT)],93.24801806941409
59,Gemma 3 12B IT [Instruction-tuned (IT)],125.39770295337955
59,Gemma 3 12B [Pretrained (PT)],114.03431258114682
59,Gemma 3 1B IT [Instruction-tuned (IT)],109.28596801600094
59,Gemma 3 1B [Pretrained (PT)],85.76523988408965
59,Gemma 3 27B IT [Instruction-tuned (IT)],127.89222811880961
59,Gemma 3 27B [Pretrained (PT)],118.63415150046445
59,Gemma 3 4B IT [Instruction-tuned (IT)],121.77196093950454
59,Gemma 3 4B [Pretrained (PT)],103.54474471478238
59,Gemma 3n E2B IT [Instruction-tuned (IT)],110.97150064768577
59,Gemma 3n E2B [Pretrained (PT)],100.35669921159402
59,Gemma 3n E4B IT [Instruction-tuned (IT)],116.1907192170015
59,Gemma 3n E4B [Pretrained (PT)],106.3372568425304
59,"Gemma 4 12B [IT, Thinking mode]",143.00186518361417
59,"Gemma 4 26B A4B [IT, Thinking mode]",145.98551844735945
59,"Gemma 4 31B [IT, Thinking mode]",150.62596856926484
59,"Gemma 4 E2B [IT, Thinking mode]",128.5793302449982
59,"Gemma 4 E4B [IT, Thinking mode]",133.81566174687876
59,Gemma 7B IT [Instruction-tuned (IT)],99.56955660661524
59,Gemma 7B [Pretrained (PT)],107.68340185585494
59,Llama-2-13b-chat-hf [Instruct/chat],102.61948993518426
59,Llama-2-13b-hf [Pretrained (PT)],103.34963865975735
59,Llama-2-7b-chat-hf [Instruct/chat],89.43100782443187
59,Llama-2-7b-hf [Pretrained (PT)],98.46277406681263
59,Llama-3.1-8B [Pretrained (PT)],90.70861260387188
59,Llama-3.1-8B-Instruct [Instruct/chat],110.64058368959282
59,Llama-3.2-1B [Pretrained (PT)],83.34634380122543
59,Llama-3.2-1B-Instruct [Instruct/chat],94.30789725226329
59,Llama-3.2-3B [Pretrained (PT)],92.83300461534034
59,Llama-3.2-3B-Instruct [Instruct/chat],115.6994064483432
59,Meta-Llama-3-8B [Pretrained (PT)],111.47612600796978
59,Meta-Llama-3-8B-Instruct [Instruct/chat],115.19936529920267
59,OLMo-1B-hf [Pretrained (PT)],80.05686979821583
59,OLMo-2-1124-7B-Instruct [Instruct/chat],114.91949285592779
59,OLMo-7B-Instruct-hf [Instruct/chat],100.44823624608554
59,OLMo-7B-hf [Pretrained (PT)],93.01644200017658
59,OLMoE-1B-7B-0125-Instruct [Instruct/chat],102.93158218266178
59,OLMoE-1B-7B-0924 [Pretrained (PT)],91.49499910087314
59,OLMoE-1B-7B-0924-Instruct [Instruct/chat],104.85516081026174
59,Phi-3-medium-128k-instruct [Instruct/chat],118.49869777462307
59,Phi-3-medium-4k-instruct [Instruct/chat],120.71723360448104
59,Phi-3-mini-128k-instruct [Instruct/chat],116.77202072669562
59,Phi-3-mini-4k-instruct [Instruct/chat],116.94781782256692
59,Phi-3-small-128k-instruct [Instruct/chat],119.22315166040352
59,Phi-3-small-8k-instruct [Instruct/chat],120.01679742316148
59,Phi-3.5-mini-instruct [Instruct/chat],117.40815438690838
59,Phi-4-mini-instruct [Instruct/chat],118.63942880459584
59,Qwen-1.8B-Chat [Instruct/chat],96.84711620472149
59,Qwen-14B-Chat [Instruct/chat],107.74356272718033
59,Qwen-7B-Chat [Instruct/chat],103.55391777098338
59,Qwen1.5-0.5B-Chat [Instruct/chat],84.47074921168243
59,Qwen1.5-1.8B [Base (no official chat academic scores)],101.09021511804703
59,Qwen1.5-1.8B-Chat [Instruct/chat],89.88573019439781
59,Qwen1.5-14B [Base (no official chat academic scores)],110.411455033099
59,Qwen1.5-14B-Chat [Instruct/chat],104.73008921680126
59,Qwen1.5-32B [Base (no official chat academic scores)],109.89547669129055
59,Qwen1.5-32B-Chat [Instruct/chat],114.68692160831168
59,Qwen1.5-4B [Base (no official chat academic scores)],100.70427389923033
59,Qwen1.5-4B-Chat [Instruct/chat],99.93301264020675
59,Qwen1.5-7B [Base (no official chat academic scores)],107.70401508727282
59,Qwen1.5-7B-Chat [Instruct/chat],101.1341810349956
59,Qwen2-0.5B-Instruct [Instruct/chat],92.54183498946708
59,Qwen2-1.5B-Instruct [Instruct/chat],103.07870005259268
59,Qwen2-7B-Instruct [Instruct/chat],116.88375492819
59,Qwen2.5-0.5B-Instruct [Instruct/chat],106.89681178017752
59,Qwen2.5-1.5B-Instruct [Instruct/chat],111.90981947198378
59,Qwen2.5-14B-Instruct [Instruct/chat],127.41788550128878
59,Qwen2.5-32B-Instruct [Instruct/chat],129.45222906280705
59,Qwen2.5-3B-Instruct [Instruct/chat],120.18830459047986
59,Qwen2.5-7B-Instruct [Instruct/chat],124.81853951022629
59,Qwen3-0.6B [Non-thinking mode],105.7502813638375
59,Qwen3-0.6B [Thinking mode],111.2179371218599
59,Qwen3-1.7B [Non-thinking mode],117.5736644962837
59,Qwen3-1.7B [Thinking mode],126.37257705191988
59,Qwen3-14B [Non-thinking mode],128.7263020590509
59,Qwen3-14B [Thinking mode],137.10736193656743
59,Qwen3-30B-A3B [Non-thinking mode],129.64917207176683
59,Qwen3-30B-A3B [Thinking mode],137.02109614441395
59,Qwen3-30B-A3B-Instruct-2507 [Instruct (non-thinking)],135.23893147590462
59,Qwen3-30B-A3B-Thinking-2507 [Thinking],140.7679964142962
59,Qwen3-32B [Non-thinking mode],129.75831141415176
59,Qwen3-32B [Thinking mode],138.49115517343984
59,Qwen3-4B [Non-thinking mode],124.37227231958737
59,Qwen3-4B [Thinking mode],134.49078693284602
59,Qwen3-4B-Instruct-2507 [Instruct (non-thinking)],131.23713219841682
59,Qwen3-4B-Thinking-2507 [Thinking],137.19677789207282
59,Qwen3-8B [Non-thinking mode],125.82564844564448
59,Qwen3-8B [Thinking mode],135.6416940418984
59,Qwen3.5-0.8B [Non-thinking rows],108.83312355360452
59,Qwen3.5-0.8B [Thinking (default)],108.2952366191535
59,Qwen3.5-27B [Thinking (default)],148.84805127455374
59,Qwen3.5-2B [Non-thinking rows],118.20409720256617
59,Qwen3.5-2B [Thinking (default)],128.93417750343346
59,Qwen3.5-35B-A3B [Thinking (default)],143.72218471073865
59,Qwen3.5-4B [Thinking (default)],142.91391262716857
59,Qwen3.5-9B [Thinking (default)],144.99196610666945
59,Qwen3.6-27B [Thinking (default)],151.73338447425473
59,Qwen3.6-35B-A3B [Thinking (default)],149.5532577302513
59,SmolLM-1.7B [Pretrained (PT)],90.9300750324301
59,SmolLM-1.7B-Instruct [Instruct/chat],92.41404547547526
59,SmolLM-135M [Pretrained (PT)],91.17214792441952
59,SmolLM-135M-Instruct [Instruct/chat],76.33898138848618
59,SmolLM-360M [Pretrained (PT)],79.78136876840311
59,SmolLM-360M-Instruct [Instruct/chat],88.2353307350875
59,SmolLM2-1.7B [Pretrained (PT)],100.75618960575918
59,SmolLM2-1.7B-Instruct [Instruct/chat],107.14334386281884
59,SmolLM2-135M [Pretrained (PT)],87.21557790821748
59,SmolLM2-135M-Instruct [Instruct/chat],96.54295619990496
59,SmolLM2-360M [Pretrained (PT)],88.07867090026751
59,SmolLM2-360M-Instruct [Instruct/chat],99.9069716192264
59,phi-1 [Pretrained (PT)],88.12043928232399
59,phi-1_5 [Pretrained (PT)],91.5746713843279
59,phi-2 [Pretrained (PT)],106.57398178529176
59,phi-4 [Pretrained (PT)],130.08414612759165
60,Gemma 1.1 2B IT [Instruction-tuned (IT)],95.45484309025693
60,Gemma 1.1 7B IT [Instruction-tuned (IT)],103.68894900382533
60,Gemma 2 27B IT [Instruction-tuned (IT)],123.85158053959198
60,Gemma 2 27B [Pretrained (PT)],115.34583536645943
60,Gemma 2 2B IT [Instruction-tuned (IT)],114.78615358687128
60,Gemma 2 2B [Pretrained (PT)],98.48747744833389
60,Gemma 2 9B IT [Instruction-tuned (IT)],121.90766270249594
60,Gemma 2 9B [Pretrained (PT)],113.67303195562705
60,Gemma 2B IT [Instruction-tuned (IT)],93.71624894754154
60,Gemma 2B [Pretrained (PT)],96.02984580201795
60,Gemma 3 12B IT [Instruction-tuned (IT)],127.14289432484931
60,Gemma 3 12B [Pretrained (PT)],115.1780271931723
60,Gemma 3 1B IT [Instruction-tuned (IT)],109.02979853657398
60,Gemma 3 1B [Pretrained (PT)],78.92196304745973
60,Gemma 3 27B IT [Instruction-tuned (IT)],130.5154155064083
60,Gemma 3 27B [Pretrained (PT)],119.16739798833446
60,Gemma 3 4B IT [Instruction-tuned (IT)],121.59641065799521
60,Gemma 3 4B [Pretrained (PT)],107.56929605584398
60,Gemma 3n E2B IT [Instruction-tuned (IT)],115.70503673653735
60,Gemma 3n E2B [Pretrained (PT)],100.61503586563994
60,Gemma 3n E4B IT [Instruction-tuned (IT)],118.07977284996718
60,Gemma 3n E4B [Pretrained (PT)],107.2871570954422
60,"Gemma 4 12B [IT, Thinking mode]",140.02248771527135
60,"Gemma 4 26B A4B [IT, Thinking mode]",142.70026062063758
60,"Gemma 4 31B [IT, Thinking mode]",142.64633054503958
60,"Gemma 4 E2B [IT, Thinking mode]",131.58111369663462
60,"Gemma 4 E4B [IT, Thinking mode]",134.7388144495792
60,Gemma 7B IT [Instruction-tuned (IT)],101.29177531987189
60,Gemma 7B [Pretrained (PT)],108.99216972691289
60,Llama-2-13b-chat-hf [Instruct/chat],95.49313598140974
60,Llama-2-13b-hf [Pretrained (PT)],106.92626291917388
60,Llama-2-7b-chat-hf [Instruct/chat],101.69560435751607
60,Llama-2-7b-hf [Pretrained (PT)],98.42020292969607
60,Llama-3.1-8B [Pretrained (PT)],96.08819273191983
60,Llama-3.1-8B-Instruct [Instruct/chat],109.43791060648933
60,Llama-3.2-1B [Pretrained (PT)],84.18893127188798
60,Llama-3.2-1B-Instruct [Instruct/chat],92.23527827115758
60,Llama-3.2-3B [Pretrained (PT)],91.65069506988914
60,Llama-3.2-3B-Instruct [Instruct/chat],116.04409351270166
60,Meta-Llama-3-8B [Pretrained (PT)],100.20803035435209
60,Meta-Llama-3-8B-Instruct [Instruct/chat],119.53397598269137
60,OLMo-1B-hf [Pretrained (PT)],101.64005086358027
60,OLMo-2-1124-7B-Instruct [Instruct/chat],114.62394607572891
60,OLMo-7B-Instruct-hf [Instruct/chat],102.05088162028521
60,OLMo-7B-hf [Pretrained (PT)],96.23524291257884
60,OLMoE-1B-7B-0125-Instruct [Instruct/chat],98.73883550733132
60,OLMoE-1B-7B-0924 [Pretrained (PT)],92.91653531984603
60,OLMoE-1B-7B-0924-Instruct [Instruct/chat],104.66999703775676
60,Phi-3-medium-128k-instruct [Instruct/chat],122.01880618263316
60,Phi-3-medium-4k-instruct [Instruct/chat],122.54111261218702
60,Phi-3-mini-128k-instruct [Instruct/chat],118.45396534715073
60,Phi-3-mini-4k-instruct [Instruct/chat],115.82547011875835
60,Phi-3-small-128k-instruct [Instruct/chat],124.55917988926234
60,Phi-3-small-8k-instruct [Instruct/chat],120.79010954299298
60,Phi-3.5-mini-instruct [Instruct/chat],120.21891193041459
60,Phi-4-mini-instruct [Instruct/chat],121.08827992812043
60,Qwen-1.8B-Chat [Instruct/chat],97.72333290327111
60,Qwen-14B-Chat [Instruct/chat],109.38340870280012
60,Qwen-7B-Chat [Instruct/chat],104.91625853496619
60,Qwen1.5-0.5B-Chat [Instruct/chat],66.35943578973573
60,Qwen1.5-1.8B [Base (no official chat academic scores)],100.72042133333738
60,Qwen1.5-1.8B-Chat [Instruct/chat],88.06294826524544
60,Qwen1.5-14B [Base (no official chat academic scores)],111.06163875316531
60,Qwen1.5-14B-Chat [Instruct/chat],110.40827976996819
60,Qwen1.5-32B [Base (no official chat academic scores)],114.35573283813413
60,Qwen1.5-32B-Chat [Instruct/chat],120.62590881150243
60,Qwen1.5-4B [Base (no official chat academic scores)],104.94480194586376
60,Qwen1.5-4B-Chat [Instruct/chat],102.90626490154732
60,Qwen1.5-7B [Base (no official chat academic scores)],107.35171486578315
60,Qwen1.5-7B-Chat [Instruct/chat],105.910719456973
60,Qwen2-0.5B-Instruct [Instruct/chat],101.4649239391807
60,Qwen2-1.5B-Instruct [Instruct/chat],105.18088824154698
60,Qwen2-7B-Instruct [Instruct/chat],118.91687221074643
60,Qwen2.5-0.5B-Instruct [Instruct/chat],107.43911198348803
60,Qwen2.5-1.5B-Instruct [Instruct/chat],113.62490025138752
60,Qwen2.5-14B-Instruct [Instruct/chat],128.59715373914523
60,Qwen2.5-32B-Instruct [Instruct/chat],129.53132882205296
60,Qwen2.5-3B-Instruct [Instruct/chat],120.7491255897061
60,Qwen2.5-7B-Instruct [Instruct/chat],125.21404831237633
60,Qwen3-0.6B [Non-thinking mode],112.15835299122631
60,Qwen3-0.6B [Thinking mode],103.14879610999482
60,Qwen3-1.7B [Non-thinking mode],118.49855652185896
60,Qwen3-1.7B [Thinking mode],125.09813101124502
60,Qwen3-14B [Non-thinking mode],129.2288809934661
60,Qwen3-14B [Thinking mode],137.5578563014867
60,Qwen3-30B-A3B [Non-thinking mode],129.28685591082726
60,Qwen3-30B-A3B [Thinking mode],137.60628342428717
60,Qwen3-30B-A3B-Instruct-2507 [Instruct (non-thinking)],136.38035858541912
60,Qwen3-30B-A3B-Thinking-2507 [Thinking],141.1030040323796
60,Qwen3-32B [Non-thinking mode],129.1737591854535
60,Qwen3-32B [Thinking mode],138.78546980016114
60,Qwen3-4B [Non-thinking mode],126.25379996319064
60,Qwen3-4B [Thinking mode],135.1870991429678
60,Qwen3-4B-Instruct-2507 [Instruct (non-thinking)],133.49536138046784
60,Qwen3-4B-Thinking-2507 [Thinking],135.49123978770368
60,Qwen3-8B [Non-thinking mode],128.18926173815814
60,Qwen3-8B [Thinking mode],135.80726646162807
60,Qwen3.5-0.8B [Non-thinking rows],111.71376247642478
60,Qwen3.5-0.8B [Thinking (default)],114.54522896187335
60,Qwen3.5-27B [Thinking (default)],146.8917589949826
60,Qwen3.5-2B [Non-thinking rows],118.21595765207435
60,Qwen3.5-2B [Thinking (default)],131.00557619778405
60,Qwen3.5-35B-A3B [Thinking (default)],145.8226797821071
60,Qwen3.5-4B [Thinking (default)],141.65796006749204
60,Qwen3.5-9B [Thinking (default)],144.69686746417483
60,Qwen3.6-27B [Thinking (default)],149.83173347909064
60,Qwen3.6-35B-A3B [Thinking (default)],144.25720965022387
60,SmolLM-1.7B [Pretrained (PT)],92.00883843766864
60,SmolLM-1.7B-Instruct [Instruct/chat],90.29390165383901
60,SmolLM-135M [Pretrained (PT)],105.07953362455507
60,SmolLM-135M-Instruct [Instruct/chat],79.6958181118874
60,SmolLM-360M [Pretrained (PT)],81.49317997363431
60,SmolLM-360M-Instruct [Instruct/chat],89.97040810799993
60,SmolLM2-1.7B [Pretrained (PT)],95.43135637646535
60,SmolLM2-1.7B-Instruct [Instruct/chat],109.63369156425381
60,SmolLM2-135M [Pretrained (PT)],87.40464754884769
60,SmolLM2-135M-Instruct [Instruct/chat],96.82427844529826
60,SmolLM2-360M [Pretrained (PT)],91.02223745116841
60,SmolLM2-360M-Instruct [Instruct/chat],98.65225636744098
60,phi-1 [Pretrained (PT)],86.81376809667171
60,phi-1_5 [Pretrained (PT)],82.95241317314068
60,phi-2 [Pretrained (PT)],109.65770272864196
60,phi-4 [Pretrained (PT)],130.00021040745924
61,Gemma 1.1 2B IT [Instruction-tuned (IT)],89.67328113302679
61,Gemma 1.1 7B IT [Instruction-tuned (IT)],104.96629799851239
61,Gemma 2 27B IT [Instruction-tuned (IT)],123.30401146488892
61,Gemma 2 27B [Pretrained (PT)],116.44889234491716
61,Gemma 2 2B IT [Instruction-tuned (IT)],111.54010996109818
61,Gemma 2 2B [Pretrained (PT)],101.1895872520231
61,Gemma 2 9B IT [Instruction-tuned (IT)],119.95951154555434
61,Gemma 2 9B [Pretrained (PT)],113.155119493498
61,Gemma 2B IT [Instruction-tuned (IT)],90.71008358136098
61,Gemma 2B [Pretrained (PT)],95.15332738806396
61,Gemma 3 12B IT [Instruction-tuned (IT)],128.14591595395967
61,Gemma 3 12B [Pretrained (PT)],115.62411382791328
61,Gemma 3 1B IT [Instruction-tuned (IT)],108.95951478426696
61,Gemma 3 1B [Pretrained (PT)],86.69701160802698
61,Gemma 3 27B IT [Instruction-tuned (IT)],129.41346894468958
61,Gemma 3 27B [Pretrained (PT)],119.23602586240152
61,Gemma 3 4B IT [Instruction-tuned (IT)],122.58335133872899
61,Gemma 3 4B [Pretrained (PT)],104.3400148420254
61,Gemma 3n E2B IT [Instruction-tuned (IT)],116.14622238116803
61,Gemma 3n E2B [Pretrained (PT)],101.36176289244828
61,Gemma 3n E4B IT [Instruction-tuned (IT)],118.88211654701131
61,Gemma 3n E4B [Pretrained (PT)],108.11590486197844
61,"Gemma 4 12B [IT, Thinking mode]",141.66497546315676
61,"Gemma 4 26B A4B [IT, Thinking mode]",144.31855338626352
61,"Gemma 4 31B [IT, Thinking mode]",145.79255232530411
61,"Gemma 4 E2B [IT, Thinking mode]",129.62282149866724
61,"Gemma 4 E4B [IT, Thinking mode]",133.6120735975069
61,Gemma 7B IT [Instruction-tuned (IT)],100.38525193445348
61,Gemma 7B [Pretrained (PT)],108.75271387402792
61,Llama-2-13b-chat-hf [Instruct/chat],101.46086281081293
61,Llama-2-13b-hf [Pretrained (PT)],105.85642192069392
61,Llama-2-7b-chat-hf [Instruct/chat],87.06958088538224
61,Llama-2-7b-hf [Pretrained (PT)],98.74372788758967
61,Llama-3.1-8B [Pretrained (PT)],95.06329878830844
61,Llama-3.1-8B-Instruct [Instruct/chat],112.6037856059767
61,Llama-3.2-1B [Pretrained (PT)],86.44817968316957
61,Llama-3.2-1B-Instruct [Instruct/chat],95.78585070991842
61,Llama-3.2-3B [Pretrained (PT)],89.1820092941939
61,Llama-3.2-3B-Instruct [Instruct/chat],117.46821459505779
61,Meta-Llama-3-8B [Pretrained (PT)],98.66446569583267
61,Meta-Llama-3-8B-Instruct [Instruct/chat],116.08014826634314
61,OLMo-1B-hf [Pretrained (PT)],92.17774107566814
61,OLMo-2-1124-7B-Instruct [Instruct/chat],116.28742195148428
61,OLMo-7B-Instruct-hf [Instruct/chat],100.63123009419336
61,OLMo-7B-hf [Pretrained (PT)],96.71646601738189
61,OLMoE-1B-7B-0125-Instruct [Instruct/chat],98.51715403706058
61,OLMoE-1B-7B-0924 [Pretrained (PT)],93.30381354856422
61,OLMoE-1B-7B-0924-Instruct [Instruct/chat],105.94628235662495
61,Phi-3-medium-128k-instruct [Instruct/chat],120.33229698034677
61,Phi-3-medium-4k-instruct [Instruct/chat],121.56149276379908
61,Phi-3-mini-128k-instruct [Instruct/chat],116.85459640625591
61,Phi-3-mini-4k-instruct [Instruct/chat],114.62455625761885
61,Phi-3-small-128k-instruct [Instruct/chat],121.27280533071352
61,Phi-3-small-8k-instruct [Instruct/chat],121.22948054451876
61,Phi-3.5-mini-instruct [Instruct/chat],117.12961602634121
61,Phi-4-mini-instruct [Instruct/chat],119.85710025734677
61,Qwen-1.8B-Chat [Instruct/chat],99.26259905926418
61,Qwen-14B-Chat [Instruct/chat],110.47788593827707
61,Qwen-7B-Chat [Instruct/chat],105.22540831486363
61,Qwen1.5-0.5B-Chat [Instruct/chat],77.38711819815848
61,Qwen1.5-1.8B [Base (no official chat academic scores)],102.2114568823211
61,Qwen1.5-1.8B-Chat [Instruct/chat],92.33454133105803
61,Qwen1.5-14B [Base (no official chat academic scores)],112.7016306722187
61,Qwen1.5-14B-Chat [Instruct/chat],108.59956976972538
61,Qwen1.5-32B [Base (no official chat academic scores)],111.31348978944901
61,Qwen1.5-32B-Chat [Instruct/chat],119.90732588690906
61,Qwen1.5-4B [Base (no official chat academic scores)],103.4167503415685
61,Qwen1.5-4B-Chat [Instruct/chat],96.44030018605294
61,Qwen1.5-7B [Base (no official chat academic scores)],109.01910588448962
61,Qwen1.5-7B-Chat [Instruct/chat],101.50615964182992
61,Qwen2-0.5B-Instruct [Instruct/chat],99.52468265454127
61,Qwen2-1.5B-Instruct [Instruct/chat],108.54524095312513
61,Qwen2-7B-Instruct [Instruct/chat],118.92732001996954
61,Qwen2.5-0.5B-Instruct [Instruct/chat],105.3263813923571
61,Qwen2.5-1.5B-Instruct [Instruct/chat],115.41071000012087
61,Qwen2.5-14B-Instruct [Instruct/chat],127.83240568045453
61,Qwen2.5-32B-Instruct [Instruct/chat],129.83734140403192
61,Qwen2.5-3B-Instruct [Instruct/chat],117.95357785055037
61,Qwen2.5-7B-Instruct [Instruct/chat],123.62661994723419
61,Qwen3-0.6B [Non-thinking mode],106.82885615414455
61,Qwen3-0.6B [Thinking mode],113.46838977069926
61,Qwen3-1.7B [Non-thinking mode],119.06989381593272
61,Qwen3-1.7B [Thinking mode],127.88688957439906
61,Qwen3-14B [Non-thinking mode],129.61586375505559
61,Qwen3-14B [Thinking mode],137.5188235452216
61,Qwen3-30B-A3B [Non-thinking mode],129.37805806602796
61,Qwen3-30B-A3B [Thinking mode],137.13559510667406
61,Qwen3-30B-A3B-Instruct-2507 [Instruct (non-thinking)],137.0161686399504
61,Qwen3-30B-A3B-Thinking-2507 [Thinking],140.4506533375868
61,Qwen3-32B [Non-thinking mode],130.81951862877546
61,Qwen3-32B [Thinking mode],138.75929223627966
61,Qwen3-4B [Non-thinking mode],126.42075593863143
61,Qwen3-4B [Thinking mode],135.28469153866632
61,Qwen3-4B-Instruct-2507 [Instruct (non-thinking)],132.4617259871091
61,Qwen3-4B-Thinking-2507 [Thinking],137.6931204856511
61,Qwen3-8B [Non-thinking mode],128.0920898537012
61,Qwen3-8B [Thinking mode],136.23647785268548
61,Qwen3.5-0.8B [Non-thinking rows],109.50522220437745
61,Qwen3.5-0.8B [Thinking (default)],117.75663202298206
61,Qwen3.5-27B [Thinking (default)],145.5226560943272
61,Qwen3.5-2B [Non-thinking rows],118.07743585264052
61,Qwen3.5-2B [Thinking (default)],131.93487094616793
61,Qwen3.5-35B-A3B [Thinking (default)],144.57299657704007
61,Qwen3.5-4B [Thinking (default)],141.76867219385372
61,Qwen3.5-9B [Thinking (default)],143.65202791163674
61,Qwen3.6-27B [Thinking (default)],148.41953247620341
61,Qwen3.6-35B-A3B [Thinking (default)],143.71521569353996
61,SmolLM-1.7B [Pretrained (PT)],91.61080069075197
61,SmolLM-1.7B-Instruct [Instruct/chat],93.46618030034574
61,SmolLM-135M [Pretrained (PT)],90.32033844510391
61,SmolLM-135M-Instruct [Instruct/chat],83.23257408444181
61,SmolLM-360M [Pretrained (PT)],92.64417761227537
61,SmolLM-360M-Instruct [Instruct/chat],79.33861804661939
61,SmolLM2-1.7B [Pretrained (PT)],98.0776357431357
61,SmolLM2-1.7B-Instruct [Instruct/chat],103.62155022548535
61,SmolLM2-135M [Pretrained (PT)],91.23031904901265
61,SmolLM2-135M-Instruct [Instruct/chat],97.91940644932254
61,SmolLM2-360M [Pretrained (PT)],92.8900610124566
61,SmolLM2-360M-Instruct [Instruct/chat],101.66083756006921
61,phi-1 [Pretrained (PT)],90.69898783280897
61,phi-1_5 [Pretrained (PT)],94.75585010029229
61,phi-2 [Pretrained (PT)],105.17659199696244
61,phi-4 [Pretrained (PT)],118.75734197847851
62,Gemma 1.1 2B IT [Instruction-tuned (IT)],98.54294603647861
62,Gemma 1.1 7B IT [Instruction-tuned (IT)],104.86025985123788
62,Gemma 2 27B IT [Instruction-tuned (IT)],123.89280426554964
62,Gemma 2 27B [Pretrained (PT)],113.93834850547678
62,Gemma 2 2B IT [Instruction-tuned (IT)],109.71833119462671
62,Gemma 2 2B [Pretrained (PT)],98.91604288796346
62,Gemma 2 9B IT [Instruction-tuned (IT)],119.07229324674621
62,Gemma 2 9B [Pretrained (PT)],111.71509558735329
62,Gemma 2B IT [Instruction-tuned (IT)],87.94112064494084
62,Gemma 2B [Pretrained (PT)],96.27781924013391
62,Gemma 3 12B IT [Instruction-tuned (IT)],126.58563788920206
62,Gemma 3 12B [Pretrained (PT)],113.52128431522813
62,Gemma 3 1B IT [Instruction-tuned (IT)],111.44843597979033
62,Gemma 3 1B [Pretrained (PT)],84.70176447744342
62,Gemma 3 27B IT [Instruction-tuned (IT)],128.6770787177558
62,Gemma 3 27B [Pretrained (PT)],116.90734848240642
62,Gemma 3 4B IT [Instruction-tuned (IT)],120.72000368719179
62,Gemma 3 4B [Pretrained (PT)],104.02073088488433
62,Gemma 3n E2B IT [Instruction-tuned (IT)],117.58143077381494
62,Gemma 3n E2B [Pretrained (PT)],100.4734628445656
62,Gemma 3n E4B IT [Instruction-tuned (IT)],121.68327080109685
62,Gemma 3n E4B [Pretrained (PT)],108.40049284794705
62,"Gemma 4 12B [IT, Thinking mode]",142.60089121960252
62,"Gemma 4 26B A4B [IT, Thinking mode]",145.47284012684426
62,"Gemma 4 31B [IT, Thinking mode]",148.37510215637872
62,"Gemma 4 E2B [IT, Thinking mode]",129.44876796664573
62,"Gemma 4 E4B [IT, Thinking mode]",134.3579044053557
62,Gemma 7B IT [Instruction-tuned (IT)],101.39602823939423
62,Gemma 7B [Pretrained (PT)],107.96476638348115
62,Llama-2-13b-chat-hf [Instruct/chat],92.18526665288482
62,Llama-2-13b-hf [Pretrained (PT)],105.40020535730713
62,Llama-2-7b-chat-hf [Instruct/chat],100.24042813598192
62,Llama-2-7b-hf [Pretrained (PT)],99.73905032937891
62,Llama-3.1-8B [Pretrained (PT)],99.00436419545404
62,Llama-3.1-8B-Instruct [Instruct/chat],116.4974057646527
62,Llama-3.2-1B [Pretrained (PT)],86.2905746037761
62,Llama-3.2-1B-Instruct [Instruct/chat],96.46149054214759
62,Llama-3.2-3B [Pretrained (PT)],106.17746082661012
62,Llama-3.2-3B-Instruct [Instruct/chat],115.6889059029423
62,Meta-Llama-3-8B [Pretrained (PT)],99.11583950829221
62,Meta-Llama-3-8B-Instruct [Instruct/chat],117.98692442404706
62,OLMo-1B-hf [Pretrained (PT)],80.83761850514873
62,OLMo-2-1124-7B-Instruct [Instruct/chat],107.00791694387115
62,OLMo-7B-Instruct-hf [Instruct/chat],102.04297068217436
62,OLMo-7B-hf [Pretrained (PT)],96.86118498499064
62,OLMoE-1B-7B-0125-Instruct [Instruct/chat],114.8367702442801
62,OLMoE-1B-7B-0924 [Pretrained (PT)],95.12139931830603
62,OLMoE-1B-7B-0924-Instruct [Instruct/chat],106.02366759761763
62,Phi-3-medium-128k-instruct [Instruct/chat],121.02876649620522
62,Phi-3-medium-4k-instruct [Instruct/chat],122.27025820520703
62,Phi-3-mini-128k-instruct [Instruct/chat],115.70790022275123
62,Phi-3-mini-4k-instruct [Instruct/chat],117.20255508298075
62,Phi-3-small-128k-instruct [Instruct/chat],119.20342644911449
62,Phi-3-small-8k-instruct [Instruct/chat],121.16437656532506
62,Phi-3.5-mini-instruct [Instruct/chat],117.99785237379176
62,Phi-4-mini-instruct [Instruct/chat],119.74400584502635
62,Qwen-1.8B-Chat [Instruct/chat],99.36850568417088
62,Qwen-14B-Chat [Instruct/chat],108.64953779374494
62,Qwen-7B-Chat [Instruct/chat],105.11775409399172
62,Qwen1.5-0.5B-Chat [Instruct/chat],60.67488016217442
62,Qwen1.5-1.8B [Base (no official chat academic scores)],102.05469817470211
62,Qwen1.5-1.8B-Chat [Instruct/chat],93.62781223788474
62,Qwen1.5-14B [Base (no official chat academic scores)],112.25098200752107
62,Qwen1.5-14B-Chat [Instruct/chat],107.64339291923416
62,Qwen1.5-32B [Base (no official chat academic scores)],113.79775036548347
62,Qwen1.5-32B-Chat [Instruct/chat],116.05734416254141
62,Qwen1.5-4B [Base (no official chat academic scores)],106.9332419228413
62,Qwen1.5-4B-Chat [Instruct/chat],98.9462634481174
62,Qwen1.5-7B [Base (no official chat academic scores)],108.4377779946229
62,Qwen1.5-7B-Chat [Instruct/chat],104.63595293336729
62,Qwen2-0.5B-Instruct [Instruct/chat],99.56267087662921
62,Qwen2-1.5B-Instruct [Instruct/chat],104.14859381975393
62,Qwen2-7B-Instruct [Instruct/chat],118.61876680120412
62,Qwen2.5-0.5B-Instruct [Instruct/chat],108.01963895109724
62,Qwen2.5-1.5B-Instruct [Instruct/chat],110.61001634758094
62,Qwen2.5-14B-Instruct [Instruct/chat],127.55184418907349
62,Qwen2.5-32B-Instruct [Instruct/chat],129.6889506534318
62,Qwen2.5-3B-Instruct [Instruct/chat],119.56526765907682
62,Qwen2.5-7B-Instruct [Instruct/chat],123.64279122064559
62,Qwen3-0.6B [Non-thinking mode],99.88542066719326
62,Qwen3-0.6B [Thinking mode],109.6119724038051
62,Qwen3-1.7B [Non-thinking mode],118.46619281066725
62,Qwen3-1.7B [Thinking mode],123.78402471499885
62,Qwen3-14B [Non-thinking mode],130.5913583862253
62,Qwen3-14B [Thinking mode],137.46815178019423
62,Qwen3-30B-A3B [Non-thinking mode],130.16027687165692
62,Qwen3-30B-A3B [Thinking mode],137.92699178472154
62,Qwen3-30B-A3B-Instruct-2507 [Instruct (non-thinking)],135.9412910964172
62,Qwen3-30B-A3B-Thinking-2507 [Thinking],141.44149548897926
62,Qwen3-32B [Non-thinking mode],132.01046855052851
62,Qwen3-32B [Thinking mode],138.3894865975754
62,Qwen3-4B [Non-thinking mode],125.21586385457849
62,Qwen3-4B [Thinking mode],132.27335878949157
62,Qwen3-4B-Instruct-2507 [Instruct (non-thinking)],131.8413175753977
62,Qwen3-4B-Thinking-2507 [Thinking],138.92342795565992
62,Qwen3-8B [Non-thinking mode],127.82533888601927
62,Qwen3-8B [Thinking mode],136.05740583775147
62,Qwen3.5-0.8B [Non-thinking rows],98.2992753461806
62,Qwen3.5-0.8B [Thinking (default)],109.23486701925825
62,Qwen3.5-27B [Thinking (default)],148.64234589563097
62,Qwen3.5-2B [Non-thinking rows],120.59920736609034
62,Qwen3.5-2B [Thinking (default)],130.37014337954042
62,Qwen3.5-35B-A3B [Thinking (default)],144.99208106178617
62,Qwen3.5-4B [Thinking (default)],142.0813208085947
62,Qwen3.5-9B [Thinking (default)],145.0666923407073
62,Qwen3.6-27B [Thinking (default)],150.3414974542692
62,Qwen3.6-35B-A3B [Thinking (default)],148.5620754601958
62,SmolLM-1.7B [Pretrained (PT)],81.6663508861653
62,SmolLM-1.7B-Instruct [Instruct/chat],74.22187235567034
62,SmolLM-135M [Pretrained (PT)],94.57756048146729
62,SmolLM-135M-Instruct [Instruct/chat],84.65048459886741
62,SmolLM-360M [Pretrained (PT)],84.45590140713645
62,SmolLM-360M-Instruct [Instruct/chat],82.18299832177428
62,SmolLM2-1.7B [Pretrained (PT)],96.35688063104533
62,SmolLM2-1.7B-Instruct [Instruct/chat],108.94480656130764
62,SmolLM2-135M [Pretrained (PT)],88.69216703420014
62,SmolLM2-135M-Instruct [Instruct/chat],98.77420539462602
62,SmolLM2-360M [Pretrained (PT)],94.25158601124981
62,SmolLM2-360M-Instruct [Instruct/chat],103.22064042104392
62,phi-1 [Pretrained (PT)],93.13744748767186
62,phi-1_5 [Pretrained (PT)],91.50289898426206
62,phi-2 [Pretrained (PT)],108.08868435673243
62,phi-4 [Pretrained (PT)],128.19671625165816
63,Gemma 1.1 2B IT [Instruction-tuned (IT)],101.95391942004366
63,Gemma 1.1 7B IT [Instruction-tuned (IT)],105.10088057669961
63,Gemma 2 27B IT [Instruction-tuned (IT)],122.97809620300414
63,Gemma 2 27B [Pretrained (PT)],113.29171091200026
63,Gemma 2 2B IT [Instruction-tuned (IT)],107.1889818971031
63,Gemma 2 2B [Pretrained (PT)],98.56674858030014
63,Gemma 2 9B IT [Instruction-tuned (IT)],119.96917913442748
63,Gemma 2 9B [Pretrained (PT)],108.55824516636821
63,Gemma 2B IT [Instruction-tuned (IT)],90.73638183368568
63,Gemma 2B [Pretrained (PT)],94.23520347443461
63,Gemma 3 12B IT [Instruction-tuned (IT)],129.0349735485982
63,Gemma 3 12B [Pretrained (PT)],116.29843748574301
63,Gemma 3 1B IT [Instruction-tuned (IT)],104.68013153260677
63,Gemma 3 1B [Pretrained (PT)],83.06941193724337
63,Gemma 3 27B IT [Instruction-tuned (IT)],130.94733051545643
63,Gemma 3 27B [Pretrained (PT)],118.80042596393125
63,Gemma 3 4B IT [Instruction-tuned (IT)],119.12780614919372
63,Gemma 3 4B [Pretrained (PT)],106.55484173580247
63,Gemma 3n E2B IT [Instruction-tuned (IT)],111.32813653926416
63,Gemma 3n E2B [Pretrained (PT)],98.75142314464104
63,Gemma 3n E4B IT [Instruction-tuned (IT)],117.0523717525209
63,Gemma 3n E4B [Pretrained (PT)],106.97682583496817
63,"Gemma 4 12B [IT, Thinking mode]",142.82651566569163
63,"Gemma 4 26B A4B [IT, Thinking mode]",144.20250447052578
63,"Gemma 4 31B [IT, Thinking mode]",145.4072010440647
63,"Gemma 4 E2B [IT, Thinking mode]",130.0571700023952
63,"Gemma 4 E4B [IT, Thinking mode]",134.75003122612912
63,Gemma 7B IT [Instruction-tuned (IT)],99.53846809994643
63,Gemma 7B [Pretrained (PT)],107.13578452044166
63,Llama-2-13b-chat-hf [Instruct/chat],106.13336787998495
63,Llama-2-13b-hf [Pretrained (PT)],105.50203248970928
63,Llama-2-7b-chat-hf [Instruct/chat],90.32661091511915
63,Llama-2-7b-hf [Pretrained (PT)],97.73770444525917
63,Llama-3.1-8B [Pretrained (PT)],97.36969534738533
63,Llama-3.1-8B-Instruct [Instruct/chat],114.81315616897182
63,Llama-3.2-1B [Pretrained (PT)],79.80251030249623
63,Llama-3.2-1B-Instruct [Instruct/chat],111.9128898052676
63,Llama-3.2-3B [Pretrained (PT)],93.21795054269856
63,Llama-3.2-3B-Instruct [Instruct/chat],120.5871957857547
63,Meta-Llama-3-8B [Pretrained (PT)],105.08107418642994
63,Meta-Llama-3-8B-Instruct [Instruct/chat],115.56058490265475
63,OLMo-1B-hf [Pretrained (PT)],96.250714339817
63,OLMo-2-1124-7B-Instruct [Instruct/chat],116.44212472382695
63,OLMo-7B-Instruct-hf [Instruct/chat],97.99454105072036
63,OLMo-7B-hf [Pretrained (PT)],101.78634512788298
63,OLMoE-1B-7B-0125-Instruct [Instruct/chat],116.25088639130936
63,OLMoE-1B-7B-0924 [Pretrained (PT)],97.65398647621348
63,OLMoE-1B-7B-0924-Instruct [Instruct/chat],102.98689474259945
63,Phi-3-medium-128k-instruct [Instruct/chat],123.025041595259
63,Phi-3-medium-4k-instruct [Instruct/chat],121.06335354630913
63,Phi-3-mini-128k-instruct [Instruct/chat],118.82312598428386
63,Phi-3-mini-4k-instruct [Instruct/chat],119.20348717368164
63,Phi-3-small-128k-instruct [Instruct/chat],123.98064681017584
63,Phi-3-small-8k-instruct [Instruct/chat],122.72107985467613
63,Phi-3.5-mini-instruct [Instruct/chat],120.16649963158427
63,Phi-4-mini-instruct [Instruct/chat],121.52329859151418
63,Qwen-1.8B-Chat [Instruct/chat],97.92267237301155
63,Qwen-14B-Chat [Instruct/chat],108.88822542244387
63,Qwen-7B-Chat [Instruct/chat],106.12082558977727
63,Qwen1.5-0.5B-Chat [Instruct/chat],88.55948373004043
63,Qwen1.5-1.8B [Base (no official chat academic scores)],100.71616005231256
63,Qwen1.5-1.8B-Chat [Instruct/chat],93.00366116010727
63,Qwen1.5-14B [Base (no official chat academic scores)],109.79602485442109
63,Qwen1.5-14B-Chat [Instruct/chat],103.12926994794898
63,Qwen1.5-32B [Base (no official chat academic scores)],115.38782316215335
63,Qwen1.5-32B-Chat [Instruct/chat],115.1030378226544
63,Qwen1.5-4B [Base (no official chat academic scores)],105.4950131684048
63,Qwen1.5-4B-Chat [Instruct/chat],99.19436773967217
63,Qwen1.5-7B [Base (no official chat academic scores)],108.01926534998823
63,Qwen1.5-7B-Chat [Instruct/chat],110.46682861092062
63,Qwen2-0.5B-Instruct [Instruct/chat],100.45449523771302
63,Qwen2-1.5B-Instruct [Instruct/chat],107.47729185733364
63,Qwen2-7B-Instruct [Instruct/chat],120.1465661320585
63,Qwen2.5-0.5B-Instruct [Instruct/chat],105.33221041052323
63,Qwen2.5-1.5B-Instruct [Instruct/chat],115.16535679534937
63,Qwen2.5-14B-Instruct [Instruct/chat],127.72303148863662
63,Qwen2.5-32B-Instruct [Instruct/chat],130.4080086907166
63,Qwen2.5-3B-Instruct [Instruct/chat],119.95399753655215
63,Qwen2.5-7B-Instruct [Instruct/chat],124.66483682404176
63,Qwen3-0.6B [Non-thinking mode],110.37276484577043
63,Qwen3-0.6B [Thinking mode],119.09507555819147
63,Qwen3-1.7B [Non-thinking mode],117.30185266033108
63,Qwen3-1.7B [Thinking mode],127.82607338952444
63,Qwen3-14B [Non-thinking mode],129.34681019096428
63,Qwen3-14B [Thinking mode],137.15497680770284
63,Qwen3-30B-A3B [Non-thinking mode],129.43904158750632
63,Qwen3-30B-A3B [Thinking mode],137.187409954698
63,Qwen3-30B-A3B-Instruct-2507 [Instruct (non-thinking)],135.94192941772306
63,Qwen3-30B-A3B-Thinking-2507 [Thinking],140.61818748566097
63,Qwen3-32B [Non-thinking mode],129.23705107789303
63,Qwen3-32B [Thinking mode],138.8416119975758
63,Qwen3-4B [Non-thinking mode],125.09040512051106
63,Qwen3-4B [Thinking mode],134.31625917591222
63,Qwen3-4B-Instruct-2507 [Instruct (non-thinking)],133.19489684276198
63,Qwen3-4B-Thinking-2507 [Thinking],137.92616319334695
63,Qwen3-8B [Non-thinking mode],127.44265466548147
63,Qwen3-8B [Thinking mode],136.13282620607282
63,Qwen3.5-0.8B [Non-thinking rows],108.10857027295441
63,Qwen3.5-0.8B [Thinking (default)],117.35079547483777
63,Qwen3.5-27B [Thinking (default)],146.26703361010146
63,Qwen3.5-2B [Non-thinking rows],123.71939289064342
63,Qwen3.5-2B [Thinking (default)],130.04018074770892
63,Qwen3.5-35B-A3B [Thinking (default)],143.3853352649762
63,Qwen3.5-4B [Thinking (default)],140.57121665920565
63,Qwen3.5-9B [Thinking (default)],143.46126977220263
63,Qwen3.6-27B [Thinking (default)],147.34145128223815
63,Qwen3.6-35B-A3B [Thinking (default)],145.33315184489427
63,SmolLM-1.7B [Pretrained (PT)],96.11365391977978
63,SmolLM-1.7B-Instruct [Instruct/chat],74.45450482500661
63,SmolLM-135M [Pretrained (PT)],96.04421194526702
63,SmolLM-135M-Instruct [Instruct/chat],88.22863507586462
63,SmolLM-360M [Pretrained (PT)],97.15083950696199
63,SmolLM-360M-Instruct [Instruct/chat],79.83617822644104
63,SmolLM2-1.7B [Pretrained (PT)],99.56372346588142
63,SmolLM2-1.7B-Instruct [Instruct/chat],111.34640162093118
63,SmolLM2-135M [Pretrained (PT)],92.75815125570456
63,SmolLM2-135M-Instruct [Instruct/chat],97.99521755558371
63,SmolLM2-360M [Pretrained (PT)],96.57495495897244
63,SmolLM2-360M-Instruct [Instruct/chat],106.11884900614496
63,phi-1 [Pretrained (PT)],95.78908228568818
63,phi-1_5 [Pretrained (PT)],93.95031491158866
63,phi-2 [Pretrained (PT)],110.8788612036697
63,phi-4 [Pretrained (PT)],131.17121460152225
64,Gemma 1.1 2B IT [Instruction-tuned (IT)],86.21473797574794
64,Gemma 1.1 7B IT [Instruction-tuned (IT)],105.46637142295315
64,Gemma 2 27B IT [Instruction-tuned (IT)],122.68935026768553
64,Gemma 2 27B [Pretrained (PT)],113.17477482101665
64,Gemma 2 2B IT [Instruction-tuned (IT)],109.4028563451798
64,Gemma 2 2B [Pretrained (PT)],100.25178110574178
64,Gemma 2 9B IT [Instruction-tuned (IT)],119.85874488529093
64,Gemma 2 9B [Pretrained (PT)],110.87289910837191
64,Gemma 2B IT [Instruction-tuned (IT)],94.03633932310302
64,Gemma 2B [Pretrained (PT)],93.79795114021688
64,Gemma 3 12B IT [Instruction-tuned (IT)],126.4931117153627
64,Gemma 3 12B [Pretrained (PT)],114.273580173974
64,Gemma 3 1B IT [Instruction-tuned (IT)],102.55172473192887
64,Gemma 3 1B [Pretrained (PT)],89.00426045555514
64,Gemma 3 27B IT [Instruction-tuned (IT)],128.68917012348078
64,Gemma 3 27B [Pretrained (PT)],116.1413052115498
64,Gemma 3 4B IT [Instruction-tuned (IT)],121.45175741138875
64,Gemma 3 4B [Pretrained (PT)],104.08747018659146
64,Gemma 3n E2B IT [Instruction-tuned (IT)],110.88312800819
64,Gemma 3n E2B [Pretrained (PT)],100.88166242743426
64,Gemma 3n E4B IT [Instruction-tuned (IT)],116.67863556154923
64,Gemma 3n E4B [Pretrained (PT)],106.79048217010899
64,"Gemma 4 12B [IT, Thinking mode]",142.12000800622837
64,"Gemma 4 26B A4B [IT, Thinking mode]",143.21162542520608
64,"Gemma 4 31B [IT, Thinking mode]",147.76497479381524
64,"Gemma 4 E2B [IT, Thinking mode]",129.3152069858544
64,"Gemma 4 E4B [IT, Thinking mode]",134.80299101064787
64,Gemma 7B IT [Instruction-tuned (IT)],97.58792635490586
64,Gemma 7B [Pretrained (PT)],107.09354895046937
64,Llama-2-13b-chat-hf [Instruct/chat],100.33754347488032
64,Llama-2-13b-hf [Pretrained (PT)],102.6932472049667
64,Llama-2-7b-chat-hf [Instruct/chat],102.23762658693585
64,Llama-2-7b-hf [Pretrained (PT)],99.76435028393418
64,Llama-3.1-8B [Pretrained (PT)],93.23132072717297
64,Llama-3.1-8B-Instruct [Instruct/chat],115.52200133717525
64,Llama-3.2-1B [Pretrained (PT)],79.5029199036199
64,Llama-3.2-1B-Instruct [Instruct/chat],91.85158277054958
64,Llama-3.2-3B [Pretrained (PT)],92.83627110736094
64,Llama-3.2-3B-Instruct [Instruct/chat],115.21030323070354
64,Meta-Llama-3-8B [Pretrained (PT)],110.16140713350671
64,Meta-Llama-3-8B-Instruct [Instruct/chat],112.42657432808237
64,OLMo-1B-hf [Pretrained (PT)],89.87689445329951
64,OLMo-2-1124-7B-Instruct [Instruct/chat],121.66825073225904
64,OLMo-7B-Instruct-hf [Instruct/chat],100.3340678035234
64,OLMo-7B-hf [Pretrained (PT)],93.33986368610334
64,OLMoE-1B-7B-0125-Instruct [Instruct/chat],103.96048080583586
64,OLMoE-1B-7B-0924 [Pretrained (PT)],91.77776140309008
64,OLMoE-1B-7B-0924-Instruct [Instruct/chat],108.84906972176313
64,Phi-3-medium-128k-instruct [Instruct/chat],121.41705761809098
64,Phi-3-medium-4k-instruct [Instruct/chat],124.16631325476041
64,Phi-3-mini-128k-instruct [Instruct/chat],116.60357760213768
64,Phi-3-mini-4k-instruct [Instruct/chat],117.04135325879949
64,Phi-3-small-128k-instruct [Instruct/chat],119.95551629534064
64,Phi-3-small-8k-instruct [Instruct/chat],121.03955805629025
64,Phi-3.5-mini-instruct [Instruct/chat],118.06836421065526
64,Phi-4-mini-instruct [Instruct/chat],118.00195168066261
64,Qwen-1.8B-Chat [Instruct/chat],96.4149760521759
64,Qwen-14B-Chat [Instruct/chat],107.58600332386007
64,Qwen-7B-Chat [Instruct/chat],101.3716679126899
64,Qwen1.5-0.5B-Chat [Instruct/chat],82.34737449298514
64,Qwen1.5-1.8B [Base (no official chat academic scores)],97.1499828015972
64,Qwen1.5-1.8B-Chat [Instruct/chat],91.14646933529151
64,Qwen1.5-14B [Base (no official chat academic scores)],109.50275147830737
64,Qwen1.5-14B-Chat [Instruct/chat],104.04718151187011
64,Qwen1.5-32B [Base (no official chat academic scores)],114.78056886376315
64,Qwen1.5-32B-Chat [Instruct/chat],112.10664511496628
64,Qwen1.5-4B [Base (no official chat academic scores)],99.93763362654798
64,Qwen1.5-4B-Chat [Instruct/chat],99.68300119055888
64,Qwen1.5-7B [Base (no official chat academic scores)],106.87579054194107
64,Qwen1.5-7B-Chat [Instruct/chat],101.59967974658676
64,Qwen2-0.5B-Instruct [Instruct/chat],89.69748320923281
64,Qwen2-1.5B-Instruct [Instruct/chat],105.46667846662268
64,Qwen2-7B-Instruct [Instruct/chat],118.74673906225108
64,Qwen2.5-0.5B-Instruct [Instruct/chat],104.57059745561526
64,Qwen2.5-1.5B-Instruct [Instruct/chat],114.91230360351958
64,Qwen2.5-14B-Instruct [Instruct/chat],127.9356714885649
64,Qwen2.5-32B-Instruct [Instruct/chat],130.4406966978201
64,Qwen2.5-3B-Instruct [Instruct/chat],120.47151972502805
64,Qwen2.5-7B-Instruct [Instruct/chat],122.99684832997195
64,Qwen3-0.6B [Non-thinking mode],109.28266722277934
64,Qwen3-0.6B [Thinking mode],114.74968060816686
64,Qwen3-1.7B [Non-thinking mode],119.07353056532993
64,Qwen3-1.7B [Thinking mode],128.04639303967812
64,Qwen3-14B [Non-thinking mode],129.2396262237125
64,Qwen3-14B [Thinking mode],137.64665283051397
64,Qwen3-30B-A3B [Non-thinking mode],130.3716227002867
64,Qwen3-30B-A3B [Thinking mode],137.32782166154564
64,Qwen3-30B-A3B-Instruct-2507 [Instruct (non-thinking)],137.0043086125583
64,Qwen3-30B-A3B-Thinking-2507 [Thinking],141.72146681531598
64,Qwen3-32B [Non-thinking mode],129.9724981443007
64,Qwen3-32B [Thinking mode],138.41119451911985
64,Qwen3-4B [Non-thinking mode],125.82807910943046
64,Qwen3-4B [Thinking mode],135.50832902242925
64,Qwen3-4B-Instruct-2507 [Instruct (non-thinking)],133.17651188002512
64,Qwen3-4B-Thinking-2507 [Thinking],138.5127335702754
64,Qwen3-8B [Non-thinking mode],127.21455712685908
64,Qwen3-8B [Thinking mode],136.32576220089499
64,Qwen3.5-0.8B [Non-thinking rows],109.75120165590431
64,Qwen3.5-0.8B [Thinking (default)],110.09980039864112
64,Qwen3.5-27B [Thinking (default)],148.95852516298336
64,Qwen3.5-2B [Non-thinking rows],120.06139772233882
64,Qwen3.5-2B [Thinking (default)],129.9170475009636
64,Qwen3.5-35B-A3B [Thinking (default)],146.94597703462972
64,Qwen3.5-4B [Thinking (default)],142.31682306717198
64,Qwen3.5-9B [Thinking (default)],144.62577925103827
64,Qwen3.6-27B [Thinking (default)],152.04427473159663
64,Qwen3.6-35B-A3B [Thinking (default)],150.210862165864
64,SmolLM-1.7B [Pretrained (PT)],94.08200310887065
64,SmolLM-1.7B-Instruct [Instruct/chat],92.93926183767282
64,SmolLM-135M [Pretrained (PT)],84.70021540950583
64,SmolLM-135M-Instruct [Instruct/chat],74.92683543454254
64,SmolLM-360M [Pretrained (PT)],90.16909156770879
64,SmolLM-360M-Instruct [Instruct/chat],73.45835690464492
64,SmolLM2-1.7B [Pretrained (PT)],97.74127569261687
64,SmolLM2-1.7B-Instruct [Instruct/chat],97.1298848172295
64,SmolLM2-135M [Pretrained (PT)],80.44439382224988
64,SmolLM2-135M-Instruct [Instruct/chat],92.8494158194585
64,SmolLM2-360M [Pretrained (PT)],90.14678422384571
64,SmolLM2-360M-Instruct [Instruct/chat],100.57391581625569
64,phi-1 [Pretrained (PT)],91.03484528678695
64,phi-1_5 [Pretrained (PT)],86.3406273204275
64,phi-2 [Pretrained (PT)],98.83166023411364
64,phi-4 [Pretrained (PT)],130.06843592298796
65,Gemma 1.1 2B IT [Instruction-tuned (IT)],100.25529667882921
65,Gemma 1.1 7B IT [Instruction-tuned (IT)],105.52013327712558
65,Gemma 2 27B IT [Instruction-tuned (IT)],122.84468990831007
65,Gemma 2 27B [Pretrained (PT)],115.3113285280842
65,Gemma 2 2B IT [Instruction-tuned (IT)],106.38887806204652
65,Gemma 2 2B [Pretrained (PT)],100.3891778237976
65,Gemma 2 9B IT [Instruction-tuned (IT)],118.55135618962869
65,Gemma 2 9B [Pretrained (PT)],114.44918987049971
65,Gemma 2B IT [Instruction-tuned (IT)],91.6344820398298
65,Gemma 2B [Pretrained (PT)],95.46515563295881
65,Gemma 3 12B IT [Instruction-tuned (IT)],127.36054899044096
65,Gemma 3 12B [Pretrained (PT)],115.61963541065835
65,Gemma 3 1B IT [Instruction-tuned (IT)],79.29285396567718
65,Gemma 3 1B [Pretrained (PT)],89.30205108245625
65,Gemma 3 27B IT [Instruction-tuned (IT)],128.6353337562984
65,Gemma 3 27B [Pretrained (PT)],119.28236253746897
65,Gemma 3 4B IT [Instruction-tuned (IT)],117.78845840169626
65,Gemma 3 4B [Pretrained (PT)],105.44267740548943
65,Gemma 3n E2B IT [Instruction-tuned (IT)],113.18562707511485
65,Gemma 3n E2B [Pretrained (PT)],100.92436765148989
65,Gemma 3n E4B IT [Instruction-tuned (IT)],114.81280046319722
65,Gemma 3n E4B [Pretrained (PT)],106.84767193238717
65,"Gemma 4 12B [IT, Thinking mode]",143.68262605675486
65,"Gemma 4 26B A4B [IT, Thinking mode]",146.91029109133578
65,"Gemma 4 31B [IT, Thinking mode]",149.91244596114183
65,"Gemma 4 E2B [IT, Thinking mode]",129.8047416451575
65,"Gemma 4 E4B [IT, Thinking mode]",136.7526667875414
65,Gemma 7B IT [Instruction-tuned (IT)],100.54411646877543
65,Gemma 7B [Pretrained (PT)],110.60332385517056
65,Llama-2-13b-chat-hf [Instruct/chat],103.48876108259324
65,Llama-2-13b-hf [Pretrained (PT)],104.57876933958536
65,Llama-2-7b-chat-hf [Instruct/chat],104.09744598164654
65,Llama-2-7b-hf [Pretrained (PT)],97.98179113631892
65,Llama-3.1-8B [Pretrained (PT)],110.11866462795201
65,Llama-3.1-8B-Instruct [Instruct/chat],113.77205675237036
65,Llama-3.2-1B [Pretrained (PT)],88.57151002034414
65,Llama-3.2-1B-Instruct [Instruct/chat],110.48289008966844
65,Llama-3.2-3B [Pretrained (PT)],90.96576974704007
65,Llama-3.2-3B-Instruct [Instruct/chat],117.97882154414413
65,Meta-Llama-3-8B [Pretrained (PT)],102.20148049244784
65,Meta-Llama-3-8B-Instruct [Instruct/chat],113.5257755140804
65,OLMo-1B-hf [Pretrained (PT)],85.74969853436153
65,OLMo-2-1124-7B-Instruct [Instruct/chat],115.75957565462554
65,OLMo-7B-Instruct-hf [Instruct/chat],102.60458086302405
65,OLMo-7B-hf [Pretrained (PT)],85.6800984593537
65,OLMoE-1B-7B-0125-Instruct [Instruct/chat],115.51424141733587
65,OLMoE-1B-7B-0924 [Pretrained (PT)],95.3747027083101
65,OLMoE-1B-7B-0924-Instruct [Instruct/chat],103.49257317743931
65,Phi-3-medium-128k-instruct [Instruct/chat],122.58734937780628
65,Phi-3-medium-4k-instruct [Instruct/chat],121.85468950169646
65,Phi-3-mini-128k-instruct [Instruct/chat],117.22767509885794
65,Phi-3-mini-4k-instruct [Instruct/chat],117.0180101774493
65,Phi-3-small-128k-instruct [Instruct/chat],118.5758315606968
65,Phi-3-small-8k-instruct [Instruct/chat],121.0024316033073
65,Phi-3.5-mini-instruct [Instruct/chat],118.17209035507969
65,Phi-4-mini-instruct [Instruct/chat],119.79741924983496
65,Qwen-1.8B-Chat [Instruct/chat],98.12149849643711
65,Qwen-14B-Chat [Instruct/chat],109.4218127854994
65,Qwen-7B-Chat [Instruct/chat],106.47677007129514
65,Qwen1.5-0.5B-Chat [Instruct/chat],77.25881561161953
65,Qwen1.5-1.8B [Base (no official chat academic scores)],101.46783658911534
65,Qwen1.5-1.8B-Chat [Instruct/chat],93.79875465990014
65,Qwen1.5-14B [Base (no official chat academic scores)],109.8151206101436
65,Qwen1.5-14B-Chat [Instruct/chat],107.89459466921143
65,Qwen1.5-32B [Base (no official chat academic scores)],113.41547320605477
65,Qwen1.5-32B-Chat [Instruct/chat],120.48141295947187
65,Qwen1.5-4B [Base (no official chat academic scores)],105.28997122590206
65,Qwen1.5-4B-Chat [Instruct/chat],103.00977772324747
65,Qwen1.5-7B [Base (no official chat academic scores)],107.66063254683431
65,Qwen1.5-7B-Chat [Instruct/chat],101.85157968112034
65,Qwen2-0.5B-Instruct [Instruct/chat],92.59025646038708
65,Qwen2-1.5B-Instruct [Instruct/chat],107.98696286066904
65,Qwen2-7B-Instruct [Instruct/chat],117.26226234284984
65,Qwen2.5-0.5B-Instruct [Instruct/chat],106.39974669387891
65,Qwen2.5-1.5B-Instruct [Instruct/chat],114.01145259543974
65,Qwen2.5-14B-Instruct [Instruct/chat],127.20764168734422
65,Qwen2.5-32B-Instruct [Instruct/chat],128.69655894654727
65,Qwen2.5-3B-Instruct [Instruct/chat],118.97066215892674
65,Qwen2.5-7B-Instruct [Instruct/chat],123.35362392032395
65,Qwen3-0.6B [Non-thinking mode],108.46215050534866
65,Qwen3-0.6B [Thinking mode],117.07437426655555
65,Qwen3-1.7B [Non-thinking mode],117.4148370222789
65,Qwen3-1.7B [Thinking mode],128.57263926179328
65,Qwen3-14B [Non-thinking mode],128.40743030397945
65,Qwen3-14B [Thinking mode],137.15216839668264
65,Qwen3-30B-A3B [Non-thinking mode],129.44420202321507
65,Qwen3-30B-A3B [Thinking mode],137.98290648745862
65,Qwen3-30B-A3B-Instruct-2507 [Instruct (non-thinking)],136.37071830136756
65,Qwen3-30B-A3B-Thinking-2507 [Thinking],142.03814381240593
65,Qwen3-32B [Non-thinking mode],130.60830026936725
65,Qwen3-32B [Thinking mode],138.79697018990947
65,Qwen3-4B [Non-thinking mode],125.65111697117945
65,Qwen3-4B [Thinking mode],135.72149195902134
65,Qwen3-4B-Instruct-2507 [Instruct (non-thinking)],132.37420972475923
65,Qwen3-4B-Thinking-2507 [Thinking],137.39194437872376
65,Qwen3-8B [Non-thinking mode],127.77223379450582
65,Qwen3-8B [Thinking mode],136.36222664142164
65,Qwen3.5-0.8B [Non-thinking rows],108.12778825349854
65,Qwen3.5-0.8B [Thinking (default)],110.86811768434478
65,Qwen3.5-27B [Thinking (default)],148.40346292535264
65,Qwen3.5-2B [Non-thinking rows],118.44807987459927
65,Qwen3.5-2B [Thinking (default)],131.48516826594042
65,Qwen3.5-35B-A3B [Thinking (default)],146.05332850095843
65,Qwen3.5-4B [Thinking (default)],142.5085320205252
65,Qwen3.5-9B [Thinking (default)],145.10111361012162
65,Qwen3.6-27B [Thinking (default)],149.84458850348162
65,Qwen3.6-35B-A3B [Thinking (default)],149.33550461519758
65,SmolLM-1.7B [Pretrained (PT)],96.23919048499071
65,SmolLM-1.7B-Instruct [Instruct/chat],95.42398402635145
65,SmolLM-135M [Pretrained (PT)],94.35535572681738
65,SmolLM-135M-Instruct [Instruct/chat],81.94891184287806
65,SmolLM-360M [Pretrained (PT)],81.75887025096402
65,SmolLM-360M-Instruct [Instruct/chat],81.41791196803197
65,SmolLM2-1.7B [Pretrained (PT)],103.0345193820164
65,SmolLM2-1.7B-Instruct [Instruct/chat],110.08820277581879
65,SmolLM2-135M [Pretrained (PT)],92.41486745034538
65,SmolLM2-135M-Instruct [Instruct/chat],96.47844038190108
65,SmolLM2-360M [Pretrained (PT)],93.60642471888744
65,SmolLM2-360M-Instruct [Instruct/chat],82.93070429298757
65,phi-1 [Pretrained (PT)],92.91451124285192
65,phi-1_5 [Pretrained (PT)],90.98370787712213
65,phi-2 [Pretrained (PT)],110.86132032150329
65,phi-4 [Pretrained (PT)],129.40458004954687
66,Gemma 1.1 2B IT [Instruction-tuned (IT)],98.91621682113941
66,Gemma 1.1 7B IT [Instruction-tuned (IT)],104.80799692409101
66,Gemma 2 27B IT [Instruction-tuned (IT)],122.62079329136049
66,Gemma 2 27B [Pretrained (PT)],113.37319398596283
66,Gemma 2 2B IT [Instruction-tuned (IT)],110.31620491224574
66,Gemma 2 2B [Pretrained (PT)],98.45516025906623
66,Gemma 2 9B IT [Instruction-tuned (IT)],118.88745197515543
66,Gemma 2 9B [Pretrained (PT)],112.58131014010507
66,Gemma 2B IT [Instruction-tuned (IT)],90.01625559053218
66,Gemma 2B [Pretrained (PT)],96.37245608952001
66,Gemma 3 12B IT [Instruction-tuned (IT)],126.82135713814264
66,Gemma 3 12B [Pretrained (PT)],114.83956490118233
66,Gemma 3 1B IT [Instruction-tuned (IT)],107.75105456813145
66,Gemma 3 1B [Pretrained (PT)],81.44781909284633
66,Gemma 3 27B IT [Instruction-tuned (IT)],129.66476731018952
66,Gemma 3 27B [Pretrained (PT)],118.20857988322689
66,Gemma 3 4B IT [Instruction-tuned (IT)],119.95647563780926
66,Gemma 3 4B [Pretrained (PT)],104.10729444448516
66,Gemma 3n E2B IT [Instruction-tuned (IT)],113.57289963334817
66,Gemma 3n E2B [Pretrained (PT)],101.62552087707155
66,Gemma 3n E4B IT [Instruction-tuned (IT)],119.13086645299681
66,Gemma 3n E4B [Pretrained (PT)],106.54429753795344
66,"Gemma 4 12B [IT, Thinking mode]",140.62730696457578
66,"Gemma 4 26B A4B [IT, Thinking mode]",144.3316553418501
66,"Gemma 4 31B [IT, Thinking mode]",146.34447218325454
66,"Gemma 4 E2B [IT, Thinking mode]",129.4862037911186
66,"Gemma 4 E4B [IT, Thinking mode]",134.6019218557571
66,Gemma 7B IT [Instruction-tuned (IT)],102.47120782388524
66,Gemma 7B [Pretrained (PT)],108.66359786922278
66,Llama-2-13b-chat-hf [Instruct/chat],102.20427721003048
66,Llama-2-13b-hf [Pretrained (PT)],105.59058252245133
66,Llama-2-7b-chat-hf [Instruct/chat],104.53697489251678
66,Llama-2-7b-hf [Pretrained (PT)],99.7269694929402
66,Llama-3.1-8B [Pretrained (PT)],87.5850178255588
66,Llama-3.1-8B-Instruct [Instruct/chat],113.10088138105347
66,Llama-3.2-1B [Pretrained (PT)],85.64553485977683
66,Llama-3.2-1B-Instruct [Instruct/chat],87.13946887238937
66,Llama-3.2-3B [Pretrained (PT)],104.98391801559957
66,Llama-3.2-3B-Instruct [Instruct/chat],116.47911997859651
66,Meta-Llama-3-8B [Pretrained (PT)],95.12934997745283
66,Meta-Llama-3-8B-Instruct [Instruct/chat],119.03133469732643
66,OLMo-1B-hf [Pretrained (PT)],92.91260563839651
66,OLMo-2-1124-7B-Instruct [Instruct/chat],112.65455668122492
66,OLMo-7B-Instruct-hf [Instruct/chat],101.77836596787812
66,OLMo-7B-hf [Pretrained (PT)],78.28538475671806
66,OLMoE-1B-7B-0125-Instruct [Instruct/chat],112.26936040679803
66,OLMoE-1B-7B-0924 [Pretrained (PT)],93.14833460061796
66,OLMoE-1B-7B-0924-Instruct [Instruct/chat],106.98233040617728
66,Phi-3-medium-128k-instruct [Instruct/chat],120.12524239423452
66,Phi-3-medium-4k-instruct [Instruct/chat],120.93708393291847
66,Phi-3-mini-128k-instruct [Instruct/chat],116.23324118625058
66,Phi-3-mini-4k-instruct [Instruct/chat],118.1669818398596
66,Phi-3-small-128k-instruct [Instruct/chat],120.85769533914544
66,Phi-3-small-8k-instruct [Instruct/chat],119.90458517910658
66,Phi-3.5-mini-instruct [Instruct/chat],118.4427521270988
66,Phi-4-mini-instruct [Instruct/chat],119.70925979665361
66,Qwen-1.8B-Chat [Instruct/chat],100.41176361454285
66,Qwen-14B-Chat [Instruct/chat],109.08166641321363
66,Qwen-7B-Chat [Instruct/chat],106.23716882378994
66,Qwen1.5-0.5B-Chat [Instruct/chat],66.24144355335832
66,Qwen1.5-1.8B [Base (no official chat academic scores)],103.04568303904135
66,Qwen1.5-1.8B-Chat [Instruct/chat],91.137021127775
66,Qwen1.5-14B [Base (no official chat academic scores)],113.08130930969043
66,Qwen1.5-14B-Chat [Instruct/chat],110.00777741391948
66,Qwen1.5-32B [Base (no official chat academic scores)],114.87593685104014
66,Qwen1.5-32B-Chat [Instruct/chat],115.73734192890716
66,Qwen1.5-4B [Base (no official chat academic scores)],106.20523294424576
66,Qwen1.5-4B-Chat [Instruct/chat],99.60368563077343
66,Qwen1.5-7B [Base (no official chat academic scores)],109.94442297660383
66,Qwen1.5-7B-Chat [Instruct/chat],98.31430265480647
66,Qwen2-0.5B-Instruct [Instruct/chat],100.40948065221676
66,Qwen2-1.5B-Instruct [Instruct/chat],108.69463219094084
66,Qwen2-7B-Instruct [Instruct/chat],118.599712670792
66,Qwen2.5-0.5B-Instruct [Instruct/chat],109.02890159056811
66,Qwen2.5-1.5B-Instruct [Instruct/chat],114.9193843346834
66,Qwen2.5-14B-Instruct [Instruct/chat],127.27279217816016
66,Qwen2.5-32B-Instruct [Instruct/chat],130.30801375669455
66,Qwen2.5-3B-Instruct [Instruct/chat],120.1781895498485
66,Qwen2.5-7B-Instruct [Instruct/chat],125.5576454339631
66,Qwen3-0.6B [Non-thinking mode],100.3479252583793
66,Qwen3-0.6B [Thinking mode],109.2002029912903
66,Qwen3-1.7B [Non-thinking mode],115.56453131792307
66,Qwen3-1.7B [Thinking mode],122.38766282185742
66,Qwen3-14B [Non-thinking mode],127.08024529461784
66,Qwen3-14B [Thinking mode],137.1016416246708
66,Qwen3-30B-A3B [Non-thinking mode],131.4534841700054
66,Qwen3-30B-A3B [Thinking mode],138.27631070444596
66,Qwen3-30B-A3B-Instruct-2507 [Instruct (non-thinking)],134.8959743350568
66,Qwen3-30B-A3B-Thinking-2507 [Thinking],141.0997951869951
66,Qwen3-32B [Non-thinking mode],128.41910103247977
66,Qwen3-32B [Thinking mode],139.87693499263452
66,Qwen3-4B [Non-thinking mode],124.57252801882225
66,Qwen3-4B [Thinking mode],132.43257087703677
66,Qwen3-4B-Instruct-2507 [Instruct (non-thinking)],131.9936527949647
66,Qwen3-4B-Thinking-2507 [Thinking],136.3737606533173
66,Qwen3-8B [Non-thinking mode],126.20326316973697
66,Qwen3-8B [Thinking mode],135.92338216519036
66,Qwen3.5-0.8B [Non-thinking rows],104.90717937753423
66,Qwen3.5-0.8B [Thinking (default)],109.72727484041819
66,Qwen3.5-27B [Thinking (default)],147.67224494622803
66,Qwen3.5-2B [Non-thinking rows],116.90103061097786
66,Qwen3.5-2B [Thinking (default)],130.1935600423694
66,Qwen3.5-35B-A3B [Thinking (default)],144.38496013265444
66,Qwen3.5-4B [Thinking (default)],141.6368585486209
66,Qwen3.5-9B [Thinking (default)],143.88294240862626
66,Qwen3.6-27B [Thinking (default)],149.64339687087255
66,Qwen3.6-35B-A3B [Thinking (default)],146.18452170191048
66,SmolLM-1.7B [Pretrained (PT)],79.58386411253998
66,SmolLM-1.7B-Instruct [Instruct/chat],91.40282313626108
66,SmolLM-135M [Pretrained (PT)],93.43661938728124
66,SmolLM-135M-Instruct [Instruct/chat],82.75958537390393
66,SmolLM-360M [Pretrained (PT)],88.15769989533668
66,SmolLM-360M-Instruct [Instruct/chat],90.85223555617856
66,SmolLM2-1.7B [Pretrained (PT)],96.64976919716591
66,SmolLM2-1.7B-Instruct [Instruct/chat],110.73447470144616
66,SmolLM2-135M [Pretrained (PT)],90.45517139780904
66,SmolLM2-135M-Instruct [Instruct/chat],96.54821218315136
66,SmolLM2-360M [Pretrained (PT)],92.3422142735427
66,SmolLM2-360M-Instruct [Instruct/chat],102.08733187039817
66,phi-1 [Pretrained (PT)],90.7409990230324
66,phi-1_5 [Pretrained (PT)],89.8408307533565
66,phi-2 [Pretrained (PT)],110.33089080302929
66,phi-4 [Pretrained (PT)],127.02826122161652
67,Gemma 1.1 2B IT [Instruction-tuned (IT)],97.56944011125233
67,Gemma 1.1 7B IT [Instruction-tuned (IT)],105.65501710602013
67,Gemma 2 27B IT [Instruction-tuned (IT)],123.68020446293323
67,Gemma 2 27B [Pretrained (PT)],115.35786104300186
67,Gemma 2 2B IT [Instruction-tuned (IT)],110.41287877948815
67,Gemma 2 2B [Pretrained (PT)],96.96638291808823
67,Gemma 2 9B IT [Instruction-tuned (IT)],119.81036907677613
67,Gemma 2 9B [Pretrained (PT)],111.89059978825627
67,Gemma 2B IT [Instruction-tuned (IT)],87.39652009475304
67,Gemma 2B [Pretrained (PT)],94.31868593846974
67,Gemma 3 12B IT [Instruction-tuned (IT)],125.72021360007422
67,Gemma 3 12B [Pretrained (PT)],114.5388346780581
67,Gemma 3 1B IT [Instruction-tuned (IT)],105.55482233541468
67,Gemma 3 1B [Pretrained (PT)],78.03937764932172
67,Gemma 3 27B IT [Instruction-tuned (IT)],128.1869321367379
67,Gemma 3 27B [Pretrained (PT)],118.42572036614118
67,Gemma 3 4B IT [Instruction-tuned (IT)],120.11514178216167
67,Gemma 3 4B [Pretrained (PT)],103.75911792910009
67,Gemma 3n E2B IT [Instruction-tuned (IT)],112.6199386446566
67,Gemma 3n E2B [Pretrained (PT)],99.39584838622585
67,Gemma 3n E4B IT [Instruction-tuned (IT)],116.71956895478777
67,Gemma 3n E4B [Pretrained (PT)],105.34725694955513
67,"Gemma 4 12B [IT, Thinking mode]",144.25106167268666
67,"Gemma 4 26B A4B [IT, Thinking mode]",145.8590186417409
67,"Gemma 4 31B [IT, Thinking mode]",150.51359030691157
67,"Gemma 4 E2B [IT, Thinking mode]",127.71744272911529
67,"Gemma 4 E4B [IT, Thinking mode]",132.94543556670732
67,Gemma 7B IT [Instruction-tuned (IT)],99.9793869112516
67,Gemma 7B [Pretrained (PT)],106.76059741317992
67,Llama-2-13b-chat-hf [Instruct/chat],100.17842179016776
67,Llama-2-13b-hf [Pretrained (PT)],102.96893244353102
67,Llama-2-7b-chat-hf [Instruct/chat],95.5575551187202
67,Llama-2-7b-hf [Pretrained (PT)],99.01826340064994
67,Llama-3.1-8B [Pretrained (PT)],84.3084065523378
67,Llama-3.1-8B-Instruct [Instruct/chat],115.31546237826308
67,Llama-3.2-1B [Pretrained (PT)],78.19811242928648
67,Llama-3.2-1B-Instruct [Instruct/chat],109.85870709038012
67,Llama-3.2-3B [Pretrained (PT)],85.85907116368593
67,Llama-3.2-3B-Instruct [Instruct/chat],125.1069524549555
67,Meta-Llama-3-8B [Pretrained (PT)],111.45930572512472
67,Meta-Llama-3-8B-Instruct [Instruct/chat],115.0409391403297
67,OLMo-1B-hf [Pretrained (PT)],86.54869456659506
67,OLMo-2-1124-7B-Instruct [Instruct/chat],116.55614428240428
67,OLMo-7B-Instruct-hf [Instruct/chat],99.15698813347277
67,OLMo-7B-hf [Pretrained (PT)],91.20154826798178
67,OLMoE-1B-7B-0125-Instruct [Instruct/chat],116.02976426871784
67,OLMoE-1B-7B-0924 [Pretrained (PT)],93.04118530722059
67,OLMoE-1B-7B-0924-Instruct [Instruct/chat],101.21138911170317
67,Phi-3-medium-128k-instruct [Instruct/chat],121.73935010015572
67,Phi-3-medium-4k-instruct [Instruct/chat],122.630007154517
67,Phi-3-mini-128k-instruct [Instruct/chat],117.90522524574112
67,Phi-3-mini-4k-instruct [Instruct/chat],116.29862893072075
67,Phi-3-small-128k-instruct [Instruct/chat],119.40841860474566
67,Phi-3-small-8k-instruct [Instruct/chat],120.48189560701188
67,Phi-3.5-mini-instruct [Instruct/chat],119.02840702791532
67,Phi-4-mini-instruct [Instruct/chat],118.06260240209137
67,Qwen-1.8B-Chat [Instruct/chat],95.65604959508445
67,Qwen-14B-Chat [Instruct/chat],108.24575414330954
67,Qwen-7B-Chat [Instruct/chat],103.40244172621094
67,Qwen1.5-0.5B-Chat [Instruct/chat],68.92375939354457
67,Qwen1.5-1.8B [Base (no official chat academic scores)],97.36066295787055
67,Qwen1.5-1.8B-Chat [Instruct/chat],88.15818293627069
67,Qwen1.5-14B [Base (no official chat academic scores)],109.06415782340298
67,Qwen1.5-14B-Chat [Instruct/chat],103.2139900610961
67,Qwen1.5-32B [Base (no official chat academic scores)],112.99024607229926
67,Qwen1.5-32B-Chat [Instruct/chat],119.33867166184798
67,Qwen1.5-4B [Base (no official chat academic scores)],103.49308900141375
67,Qwen1.5-4B-Chat [Instruct/chat],94.7242748374035
67,Qwen1.5-7B [Base (no official chat academic scores)],107.62979063820944
67,Qwen1.5-7B-Chat [Instruct/chat],101.63708225093629
67,Qwen2-0.5B-Instruct [Instruct/chat],93.02044709768447
67,Qwen2-1.5B-Instruct [Instruct/chat],104.1767504378683
67,Qwen2-7B-Instruct [Instruct/chat],119.7176900574514
67,Qwen2.5-0.5B-Instruct [Instruct/chat],104.76738518505317
67,Qwen2.5-1.5B-Instruct [Instruct/chat],113.673817612529
67,Qwen2.5-14B-Instruct [Instruct/chat],129.39267417820113
67,Qwen2.5-32B-Instruct [Instruct/chat],130.79390359055424
67,Qwen2.5-3B-Instruct [Instruct/chat],121.99648775467782
67,Qwen2.5-7B-Instruct [Instruct/chat],124.7523863752988
67,Qwen3-0.6B [Non-thinking mode],111.34758784764568
67,Qwen3-0.6B [Thinking mode],116.7514421931156
67,Qwen3-1.7B [Non-thinking mode],119.60705608098053
67,Qwen3-1.7B [Thinking mode],128.28239170559976
67,Qwen3-14B [Non-thinking mode],129.18066506734039
67,Qwen3-14B [Thinking mode],136.7653112404339
67,Qwen3-30B-A3B [Non-thinking mode],129.50803265641483
67,Qwen3-30B-A3B [Thinking mode],137.08215842645797
67,Qwen3-30B-A3B-Instruct-2507 [Instruct (non-thinking)],136.99875269175828
67,Qwen3-30B-A3B-Thinking-2507 [Thinking],141.3696523284778
67,Qwen3-32B [Non-thinking mode],129.7629385872673
67,Qwen3-32B [Thinking mode],139.27771849720128
67,Qwen3-4B [Non-thinking mode],126.42344709864489
67,Qwen3-4B [Thinking mode],135.09869202965237
67,Qwen3-4B-Instruct-2507 [Instruct (non-thinking)],132.28551587428328
67,Qwen3-4B-Thinking-2507 [Thinking],138.05904395216376
67,Qwen3-8B [Non-thinking mode],127.66106966676895
67,Qwen3-8B [Thinking mode],136.03534201670266
67,Qwen3.5-0.8B [Non-thinking rows],111.5835764823207
67,Qwen3.5-0.8B [Thinking (default)],113.22270065500885
67,Qwen3.5-27B [Thinking (default)],149.1371892017928
67,Qwen3.5-2B [Non-thinking rows],120.73701511397373
67,Qwen3.5-2B [Thinking (default)],133.13531191370038
67,Qwen3.5-35B-A3B [Thinking (default)],141.96213881815268
67,Qwen3.5-4B [Thinking (default)],141.81529350258052
67,Qwen3.5-9B [Thinking (default)],146.80400139680492
67,Qwen3.6-27B [Thinking (default)],150.59120523571983
67,Qwen3.6-35B-A3B [Thinking (default)],145.59138027545518
67,SmolLM-1.7B [Pretrained (PT)],76.85388677397845
67,SmolLM-1.7B-Instruct [Instruct/chat],84.91179845854452
67,SmolLM-135M [Pretrained (PT)],85.7861073394061
67,SmolLM-135M-Instruct [Instruct/chat],73.719939142035
67,SmolLM-360M [Pretrained (PT)],85.72937039619148
67,SmolLM-360M-Instruct [Instruct/chat],77.28134609660324
67,SmolLM2-1.7B [Pretrained (PT)],95.86245716668247
67,SmolLM2-1.7B-Instruct [Instruct/chat],100.1981226952442
67,SmolLM2-135M [Pretrained (PT)],81.96117702257504
67,SmolLM2-135M-Instruct [Instruct/chat],84.54171415922374
67,SmolLM2-360M [Pretrained (PT)],85.64393875272162
67,SmolLM2-360M-Instruct [Instruct/chat],99.30664497662522
67,phi-1 [Pretrained (PT)],86.60993909846738
67,phi-1_5 [Pretrained (PT)],92.94214058562645
67,phi-2 [Pretrained (PT)],106.84168557008715
67,phi-4 [Pretrained (PT)],125.93729463147513
68,Gemma 1.1 2B IT [Instruction-tuned (IT)],88.55240093793803
68,Gemma 1.1 7B IT [Instruction-tuned (IT)],103.39768997690669
68,Gemma 2 27B IT [Instruction-tuned (IT)],123.00870559750786
68,Gemma 2 27B [Pretrained (PT)],112.33157824680757
68,Gemma 2 2B IT [Instruction-tuned (IT)],106.161782434378
68,Gemma 2 2B [Pretrained (PT)],98.11185408279385
68,Gemma 2 9B IT [Instruction-tuned (IT)],120.3544243295129
68,Gemma 2 9B [Pretrained (PT)],110.8215772483769
68,Gemma 2B IT [Instruction-tuned (IT)],86.01827745370957
68,Gemma 2B [Pretrained (PT)],95.02692891792991
68,Gemma 3 12B IT [Instruction-tuned (IT)],127.03198120628788
68,Gemma 3 12B [Pretrained (PT)],112.17804533770006
68,Gemma 3 1B IT [Instruction-tuned (IT)],106.70212159539662
68,Gemma 3 1B [Pretrained (PT)],83.51138682997302
68,Gemma 3 27B IT [Instruction-tuned (IT)],129.77282961096074
68,Gemma 3 27B [Pretrained (PT)],118.13469055180177
68,Gemma 3 4B IT [Instruction-tuned (IT)],118.45825407061629
68,Gemma 3 4B [Pretrained (PT)],102.90786872863846
68,Gemma 3n E2B IT [Instruction-tuned (IT)],113.38326379994099
68,Gemma 3n E2B [Pretrained (PT)],100.73911880227944
68,Gemma 3n E4B IT [Instruction-tuned (IT)],118.78543138703074
68,Gemma 3n E4B [Pretrained (PT)],107.5673466512168
68,"Gemma 4 12B [IT, Thinking mode]",140.04724576411292
68,"Gemma 4 26B A4B [IT, Thinking mode]",142.01982045420885
68,"Gemma 4 31B [IT, Thinking mode]",144.90495692715058
68,"Gemma 4 E2B [IT, Thinking mode]",130.8526383617765
68,"Gemma 4 E4B [IT, Thinking mode]",134.59944083404045
68,Gemma 7B IT [Instruction-tuned (IT)],99.98400629257866
68,Gemma 7B [Pretrained (PT)],104.3830512603098
68,Llama-2-13b-chat-hf [Instruct/chat],103.57239868477188
68,Llama-2-13b-hf [Pretrained (PT)],107.0366879626686
68,Llama-2-7b-chat-hf [Instruct/chat],78.08256564152936
68,Llama-2-7b-hf [Pretrained (PT)],98.01416500481501
68,Llama-3.1-8B [Pretrained (PT)],88.32464823869572
68,Llama-3.1-8B-Instruct [Instruct/chat],110.57018081008752
68,Llama-3.2-1B [Pretrained (PT)],83.02971691075022
68,Llama-3.2-1B-Instruct [Instruct/chat],90.45007339368406
68,Llama-3.2-3B [Pretrained (PT)],83.84116940843913
68,Llama-3.2-3B-Instruct [Instruct/chat],121.3493657666615
68,Meta-Llama-3-8B [Pretrained (PT)],94.76863357818738
68,Meta-Llama-3-8B-Instruct [Instruct/chat],115.29227156251639
68,OLMo-1B-hf [Pretrained (PT)],78.24351589684309
68,OLMo-2-1124-7B-Instruct [Instruct/chat],107.08445006092202
68,OLMo-7B-Instruct-hf [Instruct/chat],102.18065488359962
68,OLMo-7B-hf [Pretrained (PT)],97.10147159578344
68,OLMoE-1B-7B-0125-Instruct [Instruct/chat],98.2781317271303
68,OLMoE-1B-7B-0924 [Pretrained (PT)],88.38251970899515
68,OLMoE-1B-7B-0924-Instruct [Instruct/chat],110.89726562917308
68,Phi-3-medium-128k-instruct [Instruct/chat],122.03438143033058
68,Phi-3-medium-4k-instruct [Instruct/chat],121.00777256903778
68,Phi-3-mini-128k-instruct [Instruct/chat],118.58072360529395
68,Phi-3-mini-4k-instruct [Instruct/chat],118.31407096581445
68,Phi-3-small-128k-instruct [Instruct/chat],121.20919528518964
68,Phi-3-small-8k-instruct [Instruct/chat],122.98654553194311
68,Phi-3.5-mini-instruct [Instruct/chat],120.81666666343291
68,Phi-4-mini-instruct [Instruct/chat],121.20834530999032
68,Qwen-1.8B-Chat [Instruct/chat],96.90429780141959
68,Qwen-14B-Chat [Instruct/chat],109.08960162012596
68,Qwen-7B-Chat [Instruct/chat],105.10514476867927
68,Qwen1.5-0.5B-Chat [Instruct/chat],78.31246179213917
68,Qwen1.5-1.8B [Base (no official chat academic scores)],98.19669234034633
68,Qwen1.5-1.8B-Chat [Instruct/chat],89.85572108778257
68,Qwen1.5-14B [Base (no official chat academic scores)],112.50593194662305
68,Qwen1.5-14B-Chat [Instruct/chat],107.30019107831816
68,Qwen1.5-32B [Base (no official chat academic scores)],116.62501045140152
68,Qwen1.5-32B-Chat [Instruct/chat],118.574840100942
68,Qwen1.5-4B [Base (no official chat academic scores)],102.56783405527591
68,Qwen1.5-4B-Chat [Instruct/chat],99.24288545172162
68,Qwen1.5-7B [Base (no official chat academic scores)],107.58787137009958
68,Qwen1.5-7B-Chat [Instruct/chat],100.09844655201957
68,Qwen2-0.5B-Instruct [Instruct/chat],92.76548170098627
68,Qwen2-1.5B-Instruct [Instruct/chat],104.39616410294724
68,Qwen2-7B-Instruct [Instruct/chat],117.58498490887503
68,Qwen2.5-0.5B-Instruct [Instruct/chat],105.39226919637629
68,Qwen2.5-1.5B-Instruct [Instruct/chat],114.9639694895767
68,Qwen2.5-14B-Instruct [Instruct/chat],128.23312533341058
68,Qwen2.5-32B-Instruct [Instruct/chat],130.10348060696947
68,Qwen2.5-3B-Instruct [Instruct/chat],121.08475858756314
68,Qwen2.5-7B-Instruct [Instruct/chat],124.97191048583726
68,Qwen3-0.6B [Non-thinking mode],105.55651268041359
68,Qwen3-0.6B [Thinking mode],114.92318493742405
68,Qwen3-1.7B [Non-thinking mode],117.61085921953364
68,Qwen3-1.7B [Thinking mode],125.2013043197973
68,Qwen3-14B [Non-thinking mode],129.87947047229565
68,Qwen3-14B [Thinking mode],137.65348829157156
68,Qwen3-30B-A3B [Non-thinking mode],129.7946139672411
68,Qwen3-30B-A3B [Thinking mode],138.40847228095333
68,Qwen3-30B-A3B-Instruct-2507 [Instruct (non-thinking)],136.03988013421386
68,Qwen3-30B-A3B-Thinking-2507 [Thinking],141.40807350418177
68,Qwen3-32B [Non-thinking mode],130.87470764707513
68,Qwen3-32B [Thinking mode],139.87138238244523
68,Qwen3-4B [Non-thinking mode],127.12614114218171
68,Qwen3-4B [Thinking mode],135.8883599869784
68,Qwen3-4B-Instruct-2507 [Instruct (non-thinking)],133.65523486792438
68,Qwen3-4B-Thinking-2507 [Thinking],138.70114221742924
68,Qwen3-8B [Non-thinking mode],128.67209379144262
68,Qwen3-8B [Thinking mode],136.75669008964874
68,Qwen3.5-0.8B [Non-thinking rows],104.45151016726824
68,Qwen3.5-0.8B [Thinking (default)],111.23650403850486
68,Qwen3.5-27B [Thinking (default)],147.15679868076077
68,Qwen3.5-2B [Non-thinking rows],119.62048091737755
68,Qwen3.5-2B [Thinking (default)],130.14842425483457
68,Qwen3.5-35B-A3B [Thinking (default)],144.69104707006392
68,Qwen3.5-4B [Thinking (default)],141.99968955356988
68,Qwen3.5-9B [Thinking (default)],143.95291058413514
68,Qwen3.6-27B [Thinking (default)],148.59576774058684
68,Qwen3.6-35B-A3B [Thinking (default)],146.47994506346205
68,SmolLM-1.7B [Pretrained (PT)],90.21755603767622
68,SmolLM-1.7B-Instruct [Instruct/chat],71.98143733802502
68,SmolLM-135M [Pretrained (PT)],74.4463408475243
68,SmolLM-135M-Instruct [Instruct/chat],78.28195085877883
68,SmolLM-360M [Pretrained (PT)],87.03429295494391
68,SmolLM-360M-Instruct [Instruct/chat],89.99225032124023
68,SmolLM2-1.7B [Pretrained (PT)],96.31157827162525
68,SmolLM2-1.7B-Instruct [Instruct/chat],110.26811394627336
68,SmolLM2-135M [Pretrained (PT)],74.40425680747568
68,SmolLM2-135M-Instruct [Instruct/chat],93.72727277018492
68,SmolLM2-360M [Pretrained (PT)],92.93768303244406
68,SmolLM2-360M-Instruct [Instruct/chat],106.23887194641105
68,phi-1 [Pretrained (PT)],89.33170365225881
68,phi-1_5 [Pretrained (PT)],83.19654379326819
68,phi-2 [Pretrained (PT)],101.10263037304045
68,phi-4 [Pretrained (PT)],129.50384300260515
69,Gemma 1.1 2B IT [Instruction-tuned (IT)],97.39195127710337
69,Gemma 1.1 7B IT [Instruction-tuned (IT)],106.8115707361445
69,Gemma 2 27B IT [Instruction-tuned (IT)],122.14524393721182
69,Gemma 2 27B [Pretrained (PT)],115.58406536942314
69,Gemma 2 2B IT [Instruction-tuned (IT)],109.41881600683854
69,Gemma 2 2B [Pretrained (PT)],98.3709241691596
69,Gemma 2 9B IT [Instruction-tuned (IT)],118.84611138630036
69,Gemma 2 9B [Pretrained (PT)],112.89342918130465
69,Gemma 2B IT [Instruction-tuned (IT)],90.25940780972837
69,Gemma 2B [Pretrained (PT)],95.13380352919498
69,Gemma 3 12B IT [Instruction-tuned (IT)],127.8501019210207
69,Gemma 3 12B [Pretrained (PT)],113.25019612825429
69,Gemma 3 1B IT [Instruction-tuned (IT)],108.64549244777497
69,Gemma 3 1B [Pretrained (PT)],89.87508662929667
69,Gemma 3 27B IT [Instruction-tuned (IT)],129.05029759963637
69,Gemma 3 27B [Pretrained (PT)],116.56606494496165
69,Gemma 3 4B IT [Instruction-tuned (IT)],122.15949843012751
69,Gemma 3 4B [Pretrained (PT)],104.20501838441223
69,Gemma 3n E2B IT [Instruction-tuned (IT)],114.4224912522313
69,Gemma 3n E2B [Pretrained (PT)],100.81361014954727
69,Gemma 3n E4B IT [Instruction-tuned (IT)],118.96884784307471
69,Gemma 3n E4B [Pretrained (PT)],108.41012344342244
69,"Gemma 4 12B [IT, Thinking mode]",138.52124688499163
69,"Gemma 4 26B A4B [IT, Thinking mode]",141.42549292694255
69,"Gemma 4 31B [IT, Thinking mode]",142.23185108291267
69,"Gemma 4 E2B [IT, Thinking mode]",129.4094895936594
69,"Gemma 4 E4B [IT, Thinking mode]",132.92620366269122
69,Gemma 7B IT [Instruction-tuned (IT)],100.85359926871408
69,Gemma 7B [Pretrained (PT)],108.59334232527185
69,Llama-2-13b-chat-hf [Instruct/chat],102.61986090352352
69,Llama-2-13b-hf [Pretrained (PT)],105.801097465434
69,Llama-2-7b-chat-hf [Instruct/chat],100.42167485020391
69,Llama-2-7b-hf [Pretrained (PT)],96.61759738269586
69,Llama-3.1-8B [Pretrained (PT)],112.45442327804943
69,Llama-3.1-8B-Instruct [Instruct/chat],115.14027039892486
69,Llama-3.2-1B [Pretrained (PT)],79.89413814307002
69,Llama-3.2-1B-Instruct [Instruct/chat],93.93804143165752
69,Llama-3.2-3B [Pretrained (PT)],92.45905412822543
69,Llama-3.2-3B-Instruct [Instruct/chat],118.3472501287855
69,Meta-Llama-3-8B [Pretrained (PT)],81.20706657747652
69,Meta-Llama-3-8B-Instruct [Instruct/chat],118.60019219551974
69,OLMo-1B-hf [Pretrained (PT)],92.01681366287112
69,OLMo-2-1124-7B-Instruct [Instruct/chat],105.20075779828711
69,OLMo-7B-Instruct-hf [Instruct/chat],99.6313639478038
69,OLMo-7B-hf [Pretrained (PT)],84.84063471648011
69,OLMoE-1B-7B-0125-Instruct [Instruct/chat],108.80291379622506
69,OLMoE-1B-7B-0924 [Pretrained (PT)],90.923012419616
69,OLMoE-1B-7B-0924-Instruct [Instruct/chat],107.76913251368238
69,Phi-3-medium-128k-instruct [Instruct/chat],123.75347861217197
69,Phi-3-medium-4k-instruct [Instruct/chat],120.01545999042177
69,Phi-3-mini-128k-instruct [Instruct/chat],118.41296030143305
69,Phi-3-mini-4k-instruct [Instruct/chat],117.1485216042833
69,Phi-3-small-128k-instruct [Instruct/chat],122.9515476575799
69,Phi-3-small-8k-instruct [Instruct/chat],121.31563662488173
69,Phi-3.5-mini-instruct [Instruct/chat],118.47697674950612
69,Phi-4-mini-instruct [Instruct/chat],118.70807139334744
69,Qwen-1.8B-Chat [Instruct/chat],96.87750971352114
69,Qwen-14B-Chat [Instruct/chat],108.64116277078998
69,Qwen-7B-Chat [Instruct/chat],104.47046598665929
69,Qwen1.5-0.5B-Chat [Instruct/chat],84.68925138219583
69,Qwen1.5-1.8B [Base (no official chat academic scores)],100.07820396855455
69,Qwen1.5-1.8B-Chat [Instruct/chat],91.52215139489073
69,Qwen1.5-14B [Base (no official chat academic scores)],110.61676333512453
69,Qwen1.5-14B-Chat [Instruct/chat],101.54419916212132
69,Qwen1.5-32B [Base (no official chat academic scores)],114.05752424226259
69,Qwen1.5-32B-Chat [Instruct/chat],114.91896084510508
69,Qwen1.5-4B [Base (no official chat academic scores)],102.84902980201079
69,Qwen1.5-4B-Chat [Instruct/chat],100.22267405647058
69,Qwen1.5-7B [Base (no official chat academic scores)],107.2839854778907
69,Qwen1.5-7B-Chat [Instruct/chat],105.64558810083716
69,Qwen2-0.5B-Instruct [Instruct/chat],98.63555069418598
69,Qwen2-1.5B-Instruct [Instruct/chat],107.54115580766717
69,Qwen2-7B-Instruct [Instruct/chat],119.71258954538148
69,Qwen2.5-0.5B-Instruct [Instruct/chat],107.41253931933521
69,Qwen2.5-1.5B-Instruct [Instruct/chat],112.51848530272966
69,Qwen2.5-14B-Instruct [Instruct/chat],127.08235591091976
69,Qwen2.5-32B-Instruct [Instruct/chat],129.78755071385703
69,Qwen2.5-3B-Instruct [Instruct/chat],119.58930528941427
69,Qwen2.5-7B-Instruct [Instruct/chat],124.18443981462615
69,Qwen3-0.6B [Non-thinking mode],112.6525990693989
69,Qwen3-0.6B [Thinking mode],117.65348414860371
69,Qwen3-1.7B [Non-thinking mode],118.54466009920559
69,Qwen3-1.7B [Thinking mode],126.48830684470028
69,Qwen3-14B [Non-thinking mode],127.81158374307391
69,Qwen3-14B [Thinking mode],136.51798857090716
69,Qwen3-30B-A3B [Non-thinking mode],128.03844496705793
69,Qwen3-30B-A3B [Thinking mode],136.41525387740032
69,Qwen3-30B-A3B-Instruct-2507 [Instruct (non-thinking)],134.45130239104938
69,Qwen3-30B-A3B-Thinking-2507 [Thinking],139.3445195634027
69,Qwen3-32B [Non-thinking mode],128.22075591816775
69,Qwen3-32B [Thinking mode],137.25000383121952
69,Qwen3-4B [Non-thinking mode],125.41518070678991
69,Qwen3-4B [Thinking mode],133.91100643493576
69,Qwen3-4B-Instruct-2507 [Instruct (non-thinking)],130.09859794581715
69,Qwen3-4B-Thinking-2507 [Thinking],137.17717239623113
69,Qwen3-8B [Non-thinking mode],127.55505252256813
69,Qwen3-8B [Thinking mode],134.8787900522006
69,Qwen3.5-0.8B [Non-thinking rows],113.07512080983065
69,Qwen3.5-0.8B [Thinking (default)],113.48064491927741
69,Qwen3.5-27B [Thinking (default)],146.7717875000841
69,Qwen3.5-2B [Non-thinking rows],122.71440276473176
69,Qwen3.5-2B [Thinking (default)],129.52838506429148
69,Qwen3.5-35B-A3B [Thinking (default)],143.49642946951957
69,Qwen3.5-4B [Thinking (default)],140.16947571282273
69,Qwen3.5-9B [Thinking (default)],142.53549043428893
69,Qwen3.6-27B [Thinking (default)],148.9047095188674
69,Qwen3.6-35B-A3B [Thinking (default)],143.64446946279503
69,SmolLM-1.7B [Pretrained (PT)],88.65266604616579
69,SmolLM-1.7B-Instruct [Instruct/chat],76.23700399823568
69,SmolLM-135M [Pretrained (PT)],87.65660402035411
69,SmolLM-135M-Instruct [Instruct/chat],77.82385776468955
69,SmolLM-360M [Pretrained (PT)],87.19845688118272
69,SmolLM-360M-Instruct [Instruct/chat],84.09728430295655
69,SmolLM2-1.7B [Pretrained (PT)],102.01118064436393
69,SmolLM2-1.7B-Instruct [Instruct/chat],103.92644217284868
69,SmolLM2-135M [Pretrained (PT)],73.2248395297383
69,SmolLM2-135M-Instruct [Instruct/chat],95.07787286474593
69,SmolLM2-360M [Pretrained (PT)],87.57443185283333
69,SmolLM2-360M-Instruct [Instruct/chat],81.74332680663781
69,phi-1 [Pretrained (PT)],86.7299880726132
69,phi-1_5 [Pretrained (PT)],92.0081945523148
69,phi-2 [Pretrained (PT)],107.53508030637695
69,phi-4 [Pretrained (PT)],128.96045659918616
70,Gemma 1.1 2B IT [Instruction-tuned (IT)],99.14230744928412
70,Gemma 1.1 7B IT [Instruction-tuned (IT)],105.32978068074993
70,Gemma 2 27B IT [Instruction-tuned (IT)],123.59285113569476
70,Gemma 2 27B [Pretrained (PT)],114.95866672254604
70,Gemma 2 2B IT [Instruction-tuned (IT)],111.22787291384167
70,Gemma 2 2B [Pretrained (PT)],100.20366044301522
70,Gemma 2 9B IT [Instruction-tuned (IT)],119.65841250076973
70,Gemma 2 9B [Pretrained (PT)],111.23133284277294
70,Gemma 2B IT [Instruction-tuned (IT)],89.99375505152375
70,Gemma 2B [Pretrained (PT)],95.85259212506577
70,Gemma 3 12B IT [Instruction-tuned (IT)],127.64264071480547
70,Gemma 3 12B [Pretrained (PT)],116.64429494193674
70,Gemma 3 1B IT [Instruction-tuned (IT)],103.81178999988849
70,Gemma 3 1B [Pretrained (PT)],72.97835233324349
70,Gemma 3 27B IT [Instruction-tuned (IT)],128.75944586730037
70,Gemma 3 27B [Pretrained (PT)],118.20328383462595
70,Gemma 3 4B IT [Instruction-tuned (IT)],120.69834698727593
70,Gemma 3 4B [Pretrained (PT)],106.57872389126643
70,Gemma 3n E2B IT [Instruction-tuned (IT)],116.87650288228188
70,Gemma 3n E2B [Pretrained (PT)],101.21542351261962
70,Gemma 3n E4B IT [Instruction-tuned (IT)],119.70430135474574
70,Gemma 3n E4B [Pretrained (PT)],106.94102057880957
70,"Gemma 4 12B [IT, Thinking mode]",143.34176580555865
70,"Gemma 4 26B A4B [IT, Thinking mode]",145.40211650217805
70,"Gemma 4 31B [IT, Thinking mode]",147.92895338554538
70,"Gemma 4 E2B [IT, Thinking mode]",130.91073231747376
70,"Gemma 4 E4B [IT, Thinking mode]",135.59188670970676
70,Gemma 7B IT [Instruction-tuned (IT)],101.91278445385302
70,Gemma 7B [Pretrained (PT)],110.00400676666749
70,Llama-2-13b-chat-hf [Instruct/chat],104.32285287266217
70,Llama-2-13b-hf [Pretrained (PT)],107.04606995117759
70,Llama-2-7b-chat-hf [Instruct/chat],94.78732692449168
70,Llama-2-7b-hf [Pretrained (PT)],97.6160655966935
70,Llama-3.1-8B [Pretrained (PT)],88.22720936560057
70,Llama-3.1-8B-Instruct [Instruct/chat],114.89744094241668
70,Llama-3.2-1B [Pretrained (PT)],86.30914400942373
70,Llama-3.2-1B-Instruct [Instruct/chat],106.03694460160126
70,Llama-3.2-3B [Pretrained (PT)],107.00344934661256
70,Llama-3.2-3B-Instruct [Instruct/chat],119.66999966162541
70,Meta-Llama-3-8B [Pretrained (PT)],93.75058421414911
70,Meta-Llama-3-8B-Instruct [Instruct/chat],118.6039412316741
70,OLMo-1B-hf [Pretrained (PT)],92.28735078666647
70,OLMo-2-1124-7B-Instruct [Instruct/chat],117.13332838352544
70,OLMo-7B-Instruct-hf [Instruct/chat],100.58834584635056
70,OLMo-7B-hf [Pretrained (PT)],96.37815293562338
70,OLMoE-1B-7B-0125-Instruct [Instruct/chat],111.0137336423819
70,OLMoE-1B-7B-0924 [Pretrained (PT)],98.88085798864884
70,OLMoE-1B-7B-0924-Instruct [Instruct/chat],106.7093670286844
70,Phi-3-medium-128k-instruct [Instruct/chat],121.40119338124981
70,Phi-3-medium-4k-instruct [Instruct/chat],120.98807726767433
70,Phi-3-mini-128k-instruct [Instruct/chat],117.81426179925512
70,Phi-3-mini-4k-instruct [Instruct/chat],118.42139025674727
70,Phi-3-small-128k-instruct [Instruct/chat],120.00251676930718
70,Phi-3-small-8k-instruct [Instruct/chat],122.93739995478968
70,Phi-3.5-mini-instruct [Instruct/chat],118.23362104494186
70,Phi-4-mini-instruct [Instruct/chat],120.93054097100791
70,Qwen-1.8B-Chat [Instruct/chat],97.77872986673793
70,Qwen-14B-Chat [Instruct/chat],109.15350601316365
70,Qwen-7B-Chat [Instruct/chat],104.78380808805252
70,Qwen1.5-0.5B-Chat [Instruct/chat],83.63812427850779
70,Qwen1.5-1.8B [Base (no official chat academic scores)],100.32036145868919
70,Qwen1.5-1.8B-Chat [Instruct/chat],92.07089751219391
70,Qwen1.5-14B [Base (no official chat academic scores)],109.25163572469779
70,Qwen1.5-14B-Chat [Instruct/chat],116.70984518069449
70,Qwen1.5-32B [Base (no official chat academic scores)],112.12486094108267
70,Qwen1.5-32B-Chat [Instruct/chat],119.91741318023455
70,Qwen1.5-4B [Base (no official chat academic scores)],103.25986038541055
70,Qwen1.5-4B-Chat [Instruct/chat],98.03827114742465
70,Qwen1.5-7B [Base (no official chat academic scores)],106.44305228996612
70,Qwen1.5-7B-Chat [Instruct/chat],107.00692082816528
70,Qwen2-0.5B-Instruct [Instruct/chat],99.48912710784728
70,Qwen2-1.5B-Instruct [Instruct/chat],103.64011927786389
70,Qwen2-7B-Instruct [Instruct/chat],119.47690663565166
70,Qwen2.5-0.5B-Instruct [Instruct/chat],107.00598438947762
70,Qwen2.5-1.5B-Instruct [Instruct/chat],114.24291520887499
70,Qwen2.5-14B-Instruct [Instruct/chat],127.65355003102499
70,Qwen2.5-32B-Instruct [Instruct/chat],130.55740265027703
70,Qwen2.5-3B-Instruct [Instruct/chat],117.61114635457302
70,Qwen2.5-7B-Instruct [Instruct/chat],123.10356357547138
70,Qwen3-0.6B [Non-thinking mode],107.80539748818968
70,Qwen3-0.6B [Thinking mode],108.11551604418526
70,Qwen3-1.7B [Non-thinking mode],119.13629396492077
70,Qwen3-1.7B [Thinking mode],122.7699908087678
70,Qwen3-14B [Non-thinking mode],129.60524469133074
70,Qwen3-14B [Thinking mode],138.20415044413568
70,Qwen3-30B-A3B [Non-thinking mode],130.5929587148429
70,Qwen3-30B-A3B [Thinking mode],137.8217631377617
70,Qwen3-30B-A3B-Instruct-2507 [Instruct (non-thinking)],136.76997505702968
70,Qwen3-30B-A3B-Thinking-2507 [Thinking],141.82371115670588
70,Qwen3-32B [Non-thinking mode],130.76213741610283
70,Qwen3-32B [Thinking mode],138.9605448068925
70,Qwen3-4B [Non-thinking mode],126.77615828189043
70,Qwen3-4B [Thinking mode],135.53343978258596
70,Qwen3-4B-Instruct-2507 [Instruct (non-thinking)],132.28996166904227
70,Qwen3-4B-Thinking-2507 [Thinking],138.7745166327369
70,Qwen3-8B [Non-thinking mode],127.67219358706251
70,Qwen3-8B [Thinking mode],135.9422399445177
70,Qwen3.5-0.8B [Non-thinking rows],110.93719943034392
70,Qwen3.5-0.8B [Thinking (default)],113.26949566952585
70,Qwen3.5-27B [Thinking (default)],147.91685636129034
70,Qwen3.5-2B [Non-thinking rows],120.21500990563858
70,Qwen3.5-2B [Thinking (default)],129.96345951529122
70,Qwen3.5-35B-A3B [Thinking (default)],145.2779845908932
70,Qwen3.5-4B [Thinking (default)],141.90482574867482
70,Qwen3.5-9B [Thinking (default)],145.45231566186777
70,Qwen3.6-27B [Thinking (default)],149.16639478284893
70,Qwen3.6-35B-A3B [Thinking (default)],148.57584036524673
70,SmolLM-1.7B [Pretrained (PT)],91.5837702164051
70,SmolLM-1.7B-Instruct [Instruct/chat],78.94886077921191
70,SmolLM-135M [Pretrained (PT)],92.32487087904761
70,SmolLM-135M-Instruct [Instruct/chat],83.16824830214603
70,SmolLM-360M [Pretrained (PT)],92.1491046540038
70,SmolLM-360M-Instruct [Instruct/chat],89.4650461639145
70,SmolLM2-1.7B [Pretrained (PT)],104.22057093332421
70,SmolLM2-1.7B-Instruct [Instruct/chat],109.59599139971957
70,SmolLM2-135M [Pretrained (PT)],83.4195859963865
70,SmolLM2-135M-Instruct [Instruct/chat],83.55265363234633
70,SmolLM2-360M [Pretrained (PT)],93.00270767905182
70,SmolLM2-360M-Instruct [Instruct/chat],83.80045974003292
70,phi-1 [Pretrained (PT)],91.7018895644079
70,phi-1_5 [Pretrained (PT)],97.64176049456603
70,phi-2 [Pretrained (PT)],111.82697164303781
70,phi-4 [Pretrained (PT)],130.11747880534983
71,Gemma 1.1 2B IT [Instruction-tuned (IT)],88.99732070523724
71,Gemma 1.1 7B IT [Instruction-tuned (IT)],109.81195964856042
71,Gemma 2 27B IT [Instruction-tuned (IT)],123.46561979464545
71,Gemma 2 27B [Pretrained (PT)],115.21758381815091
71,Gemma 2 2B IT [Instruction-tuned (IT)],111.36326522804717
71,Gemma 2 2B [Pretrained (PT)],98.42188396236986
71,Gemma 2 9B IT [Instruction-tuned (IT)],120.56884862984286
71,Gemma 2 9B [Pretrained (PT)],112.21885996836703
71,Gemma 2B IT [Instruction-tuned (IT)],89.1926627706379
71,Gemma 2B [Pretrained (PT)],93.92587021240945
71,Gemma 3 12B IT [Instruction-tuned (IT)],127.03946771357552
71,Gemma 3 12B [Pretrained (PT)],115.30658001858603
71,Gemma 3 1B IT [Instruction-tuned (IT)],110.50708405986494
71,Gemma 3 1B [Pretrained (PT)],83.68071327164644
71,Gemma 3 27B IT [Instruction-tuned (IT)],129.84346899246975
71,Gemma 3 27B [Pretrained (PT)],119.71678615786298
71,Gemma 3 4B IT [Instruction-tuned (IT)],119.84040463275329
71,Gemma 3 4B [Pretrained (PT)],104.3359083565061
71,Gemma 3n E2B IT [Instruction-tuned (IT)],116.96162498825265
71,Gemma 3n E2B [Pretrained (PT)],99.30623197773735
71,Gemma 3n E4B IT [Instruction-tuned (IT)],119.89010736241025
71,Gemma 3n E4B [Pretrained (PT)],106.911358907781
71,"Gemma 4 12B [IT, Thinking mode]",142.0840809765612
71,"Gemma 4 26B A4B [IT, Thinking mode]",145.0692507879387
71,"Gemma 4 31B [IT, Thinking mode]",146.75995963055965
71,"Gemma 4 E2B [IT, Thinking mode]",130.09427761928092
71,"Gemma 4 E4B [IT, Thinking mode]",134.41911127031887
71,Gemma 7B IT [Instruction-tuned (IT)],98.93637278089146
71,Gemma 7B [Pretrained (PT)],108.11701419683894
71,Llama-2-13b-chat-hf [Instruct/chat],94.63608282245336
71,Llama-2-13b-hf [Pretrained (PT)],106.67220774529588
71,Llama-2-7b-chat-hf [Instruct/chat],99.68240889074559
71,Llama-2-7b-hf [Pretrained (PT)],96.89331530839013
71,Llama-3.1-8B [Pretrained (PT)],80.33927115202965
71,Llama-3.1-8B-Instruct [Instruct/chat],112.88973191265423
71,Llama-3.2-1B [Pretrained (PT)],78.4329870276553
71,Llama-3.2-1B-Instruct [Instruct/chat],110.6359386352824
71,Llama-3.2-3B [Pretrained (PT)],91.92410780037785
71,Llama-3.2-3B-Instruct [Instruct/chat],119.81847674507632
71,Meta-Llama-3-8B [Pretrained (PT)],83.097491518974
71,Meta-Llama-3-8B-Instruct [Instruct/chat],116.12217551862777
71,OLMo-1B-hf [Pretrained (PT)],87.24908989226675
71,OLMo-2-1124-7B-Instruct [Instruct/chat],112.8441162014596
71,OLMo-7B-Instruct-hf [Instruct/chat],100.59090882566247
71,OLMo-7B-hf [Pretrained (PT)],85.88979107185624
71,OLMoE-1B-7B-0125-Instruct [Instruct/chat],112.13908881770985
71,OLMoE-1B-7B-0924 [Pretrained (PT)],93.78665104785992
71,OLMoE-1B-7B-0924-Instruct [Instruct/chat],110.56066186791634
71,Phi-3-medium-128k-instruct [Instruct/chat],121.88128393867173
71,Phi-3-medium-4k-instruct [Instruct/chat],126.33764038093607
71,Phi-3-mini-128k-instruct [Instruct/chat],120.53646156707698
71,Phi-3-mini-4k-instruct [Instruct/chat],118.26133273905995
71,Phi-3-small-128k-instruct [Instruct/chat],123.01066964606039
71,Phi-3-small-8k-instruct [Instruct/chat],125.46869343541302
71,Phi-3.5-mini-instruct [Instruct/chat],120.33580373547977
71,Phi-4-mini-instruct [Instruct/chat],123.13039136920408
71,Qwen-1.8B-Chat [Instruct/chat],98.76430961830692
71,Qwen-14B-Chat [Instruct/chat],110.76291999317395
71,Qwen-7B-Chat [Instruct/chat],106.37068615532012
71,Qwen1.5-0.5B-Chat [Instruct/chat],72.47187704573241
71,Qwen1.5-1.8B [Base (no official chat academic scores)],100.33774218981013
71,Qwen1.5-1.8B-Chat [Instruct/chat],90.63011690393897
71,Qwen1.5-14B [Base (no official chat academic scores)],111.61737703977415
71,Qwen1.5-14B-Chat [Instruct/chat],106.25824661354667
71,Qwen1.5-32B [Base (no official chat academic scores)],116.42373921321105
71,Qwen1.5-32B-Chat [Instruct/chat],116.21184688047194
71,Qwen1.5-4B [Base (no official chat academic scores)],106.60014828963668
71,Qwen1.5-4B-Chat [Instruct/chat],97.36248015044316
71,Qwen1.5-7B [Base (no official chat academic scores)],109.60267782813042
71,Qwen1.5-7B-Chat [Instruct/chat],98.93789954246378
71,Qwen2-0.5B-Instruct [Instruct/chat],94.13481839737489
71,Qwen2-1.5B-Instruct [Instruct/chat],107.25603466737593
71,Qwen2-7B-Instruct [Instruct/chat],120.22177762151838
71,Qwen2.5-0.5B-Instruct [Instruct/chat],105.88689439801736
71,Qwen2.5-1.5B-Instruct [Instruct/chat],114.63204857022602
71,Qwen2.5-14B-Instruct [Instruct/chat],128.53034798021775
71,Qwen2.5-32B-Instruct [Instruct/chat],130.6311113629635
71,Qwen2.5-3B-Instruct [Instruct/chat],121.57975037557263
71,Qwen2.5-7B-Instruct [Instruct/chat],124.47820209016884
71,Qwen3-0.6B [Non-thinking mode],109.18046844744724
71,Qwen3-0.6B [Thinking mode],115.45398911748745
71,Qwen3-1.7B [Non-thinking mode],119.92681259834536
71,Qwen3-1.7B [Thinking mode],125.84620218641957
71,Qwen3-14B [Non-thinking mode],129.81270573465596
71,Qwen3-14B [Thinking mode],138.6038812815194
71,Qwen3-30B-A3B [Non-thinking mode],129.97635163061605
71,Qwen3-30B-A3B [Thinking mode],135.83160281028296
71,Qwen3-30B-A3B-Instruct-2507 [Instruct (non-thinking)],138.3283468148279
71,Qwen3-30B-A3B-Thinking-2507 [Thinking],139.85510816188713
71,Qwen3-32B [Non-thinking mode],130.40167402502638
71,Qwen3-32B [Thinking mode],136.94680707937394
71,Qwen3-4B [Non-thinking mode],127.67022666577185
71,Qwen3-4B [Thinking mode],133.39082397621186
71,Qwen3-4B-Instruct-2507 [Instruct (non-thinking)],132.27397174914515
71,Qwen3-4B-Thinking-2507 [Thinking],136.43888450870114
71,Qwen3-8B [Non-thinking mode],129.87587803589884
71,Qwen3-8B [Thinking mode],134.9749843302114
71,Qwen3.5-0.8B [Non-thinking rows],112.82184810725374
71,Qwen3.5-0.8B [Thinking (default)],113.57504046925963
71,Qwen3.5-27B [Thinking (default)],145.18778033088446
71,Qwen3.5-2B [Non-thinking rows],121.40294382246202
71,Qwen3.5-2B [Thinking (default)],130.02565271281154
71,Qwen3.5-35B-A3B [Thinking (default)],142.38758899132657
71,Qwen3.5-4B [Thinking (default)],140.58080246735125
71,Qwen3.5-9B [Thinking (default)],146.34436800714246
71,Qwen3.6-27B [Thinking (default)],148.57224348401346
71,Qwen3.6-35B-A3B [Thinking (default)],142.08415114007784
71,SmolLM-1.7B [Pretrained (PT)],75.5016904162072
71,SmolLM-1.7B-Instruct [Instruct/chat],89.3390385883499
71,SmolLM-135M [Pretrained (PT)],85.49858241095173
71,SmolLM-135M-Instruct [Instruct/chat],75.71595315525627
71,SmolLM-360M [Pretrained (PT)],76.55238375499334
71,SmolLM-360M-Instruct [Instruct/chat],76.18629873471102
71,SmolLM2-1.7B [Pretrained (PT)],93.13564873737656
71,SmolLM2-1.7B-Instruct [Instruct/chat],105.96400535748623
71,SmolLM2-135M [Pretrained (PT)],85.24245377909187
71,SmolLM2-135M-Instruct [Instruct/chat],88.22932183204242
71,SmolLM2-360M [Pretrained (PT)],85.37114296519445
71,SmolLM2-360M-Instruct [Instruct/chat],84.47172888290557
71,phi-1 [Pretrained (PT)],87.30727055776885
71,phi-1_5 [Pretrained (PT)],93.02704227197125
71,phi-2 [Pretrained (PT)],98.87905602216885
71,phi-4 [Pretrained (PT)],130.0579029076326
72,Gemma 1.1 2B IT [Instruction-tuned (IT)],89.48382396729116
72,Gemma 1.1 7B IT [Instruction-tuned (IT)],105.14846410461534
72,Gemma 2 27B IT [Instruction-tuned (IT)],123.14324577150589
72,Gemma 2 27B [Pretrained (PT)],113.53515689348461
72,Gemma 2 2B IT [Instruction-tuned (IT)],112.56022022952955
72,Gemma 2 2B [Pretrained (PT)],98.84285584923035
72,Gemma 2 9B IT [Instruction-tuned (IT)],117.65922153699503
72,Gemma 2 9B [Pretrained (PT)],111.73381104748843
72,Gemma 2B IT [Instruction-tuned (IT)],92.18883705610173
72,Gemma 2B [Pretrained (PT)],95.5455481997652
72,Gemma 3 12B IT [Instruction-tuned (IT)],126.25553980485996
72,Gemma 3 12B [Pretrained (PT)],113.64813478591934
72,Gemma 3 1B IT [Instruction-tuned (IT)],99.55993346827823
72,Gemma 3 1B [Pretrained (PT)],79.22005611593927
72,Gemma 3 27B IT [Instruction-tuned (IT)],127.7051350089618
72,Gemma 3 27B [Pretrained (PT)],120.13094336460927
72,Gemma 3 4B IT [Instruction-tuned (IT)],122.40966125106978
72,Gemma 3 4B [Pretrained (PT)],104.88570020097504
72,Gemma 3n E2B IT [Instruction-tuned (IT)],115.215936609782
72,Gemma 3n E2B [Pretrained (PT)],99.91087318157851
72,Gemma 3n E4B IT [Instruction-tuned (IT)],118.23126539472639
72,Gemma 3n E4B [Pretrained (PT)],105.9005611587124
72,"Gemma 4 12B [IT, Thinking mode]",141.21484776312337
72,"Gemma 4 26B A4B [IT, Thinking mode]",144.505882500783
72,"Gemma 4 31B [IT, Thinking mode]",146.76171237680134
72,"Gemma 4 E2B [IT, Thinking mode]",129.81840074897994
72,"Gemma 4 E4B [IT, Thinking mode]",133.01803707272052
72,Gemma 7B IT [Instruction-tuned (IT)],100.35022641659077
72,Gemma 7B [Pretrained (PT)],109.04943445098328
72,Llama-2-13b-chat-hf [Instruct/chat],94.15667343251236
72,Llama-2-13b-hf [Pretrained (PT)],104.83178316344419
72,Llama-2-7b-chat-hf [Instruct/chat],104.37330501816585
72,Llama-2-7b-hf [Pretrained (PT)],96.4929486108081
72,Llama-3.1-8B [Pretrained (PT)],92.12436957372267
72,Llama-3.1-8B-Instruct [Instruct/chat],116.68107315051218
72,Llama-3.2-1B [Pretrained (PT)],88.82886913024771
72,Llama-3.2-1B-Instruct [Instruct/chat],106.9272746508323
72,Llama-3.2-3B [Pretrained (PT)],92.38272735227238
72,Llama-3.2-3B-Instruct [Instruct/chat],118.16345652380289
72,Meta-Llama-3-8B [Pretrained (PT)],100.12361278484482
72,Meta-Llama-3-8B-Instruct [Instruct/chat],113.96525968772336
72,OLMo-1B-hf [Pretrained (PT)],83.60366475959063
72,OLMo-2-1124-7B-Instruct [Instruct/chat],118.2553804082235
72,OLMo-7B-Instruct-hf [Instruct/chat],104.10988646746605
72,OLMo-7B-hf [Pretrained (PT)],90.33482846382933
72,OLMoE-1B-7B-0125-Instruct [Instruct/chat],101.32438133725864
72,OLMoE-1B-7B-0924 [Pretrained (PT)],95.48682479123904
72,OLMoE-1B-7B-0924-Instruct [Instruct/chat],109.03778268109767
72,Phi-3-medium-128k-instruct [Instruct/chat],118.91803562336783
72,Phi-3-medium-4k-instruct [Instruct/chat],120.37226930558144
72,Phi-3-mini-128k-instruct [Instruct/chat],117.1618320446753
72,Phi-3-mini-4k-instruct [Instruct/chat],116.71231628431343
72,Phi-3-small-128k-instruct [Instruct/chat],119.92123562862038
72,Phi-3-small-8k-instruct [Instruct/chat],119.2308166653301
72,Phi-3.5-mini-instruct [Instruct/chat],118.43949351994925
72,Phi-4-mini-instruct [Instruct/chat],121.5985222120393
72,Qwen-1.8B-Chat [Instruct/chat],96.89346691254582
72,Qwen-14B-Chat [Instruct/chat],108.64327326540577
72,Qwen-7B-Chat [Instruct/chat],104.38582106016875
72,Qwen1.5-0.5B-Chat [Instruct/chat],78.6817320096537
72,Qwen1.5-1.8B [Base (no official chat academic scores)],99.97907521878523
72,Qwen1.5-1.8B-Chat [Instruct/chat],92.48168757477075
72,Qwen1.5-14B [Base (no official chat academic scores)],109.25012174003595
72,Qwen1.5-14B-Chat [Instruct/chat],106.37386433213828
72,Qwen1.5-32B [Base (no official chat academic scores)],115.87108073290864
72,Qwen1.5-32B-Chat [Instruct/chat],117.34602862408555
72,Qwen1.5-4B [Base (no official chat academic scores)],102.60265915626091
72,Qwen1.5-4B-Chat [Instruct/chat],100.35067097281329
72,Qwen1.5-7B [Base (no official chat academic scores)],106.72444569057744
72,Qwen1.5-7B-Chat [Instruct/chat],104.53053712302037
72,Qwen2-0.5B-Instruct [Instruct/chat],95.57727204112348
72,Qwen2-1.5B-Instruct [Instruct/chat],106.8418264543728
72,Qwen2-7B-Instruct [Instruct/chat],117.42545402478045
72,Qwen2.5-0.5B-Instruct [Instruct/chat],104.86489295403874
72,Qwen2.5-1.5B-Instruct [Instruct/chat],113.63424774729262
72,Qwen2.5-14B-Instruct [Instruct/chat],126.9949043307402
72,Qwen2.5-32B-Instruct [Instruct/chat],128.983067879184
72,Qwen2.5-3B-Instruct [Instruct/chat],119.35489183534632
72,Qwen2.5-7B-Instruct [Instruct/chat],122.5921764043071
72,Qwen3-0.6B [Non-thinking mode],98.83941002135654
72,Qwen3-0.6B [Thinking mode],111.94111497945966
72,Qwen3-1.7B [Non-thinking mode],115.37786922774639
72,Qwen3-1.7B [Thinking mode],127.16616292009844
72,Qwen3-14B [Non-thinking mode],128.8907302456942
72,Qwen3-14B [Thinking mode],137.38945934528374
72,Qwen3-30B-A3B [Non-thinking mode],128.78251812976515
72,Qwen3-30B-A3B [Thinking mode],137.5302989780713
72,Qwen3-30B-A3B-Instruct-2507 [Instruct (non-thinking)],136.07217934103238
72,Qwen3-30B-A3B-Thinking-2507 [Thinking],140.22483487123884
72,Qwen3-32B [Non-thinking mode],129.02052056883173
72,Qwen3-32B [Thinking mode],138.7936034049802
72,Qwen3-4B [Non-thinking mode],125.38681598483208
72,Qwen3-4B [Thinking mode],133.87565111860647
72,Qwen3-4B-Instruct-2507 [Instruct (non-thinking)],132.12947109794442
72,Qwen3-4B-Thinking-2507 [Thinking],137.7665926144883
72,Qwen3-8B [Non-thinking mode],127.15084029653819
72,Qwen3-8B [Thinking mode],135.9112472123535
72,Qwen3.5-0.8B [Non-thinking rows],105.73938540818702
72,Qwen3.5-0.8B [Thinking (default)],112.42530504290643
72,Qwen3.5-27B [Thinking (default)],146.04622599742405
72,Qwen3.5-2B [Non-thinking rows],120.16725268116934
72,Qwen3.5-2B [Thinking (default)],130.7870807989255
72,Qwen3.5-35B-A3B [Thinking (default)],143.78184954885114
72,Qwen3.5-4B [Thinking (default)],141.85383710402462
72,Qwen3.5-9B [Thinking (default)],144.26738286719484
72,Qwen3.6-27B [Thinking (default)],147.3244678492213
72,Qwen3.6-35B-A3B [Thinking (default)],144.04772633477887
72,SmolLM-1.7B [Pretrained (PT)],76.92979936059366
72,SmolLM-1.7B-Instruct [Instruct/chat],94.92453372155714
72,SmolLM-135M [Pretrained (PT)],92.2478973955995
72,SmolLM-135M-Instruct [Instruct/chat],84.86096724034437
72,SmolLM-360M [Pretrained (PT)],92.98441994257598
72,SmolLM-360M-Instruct [Instruct/chat],92.8048587791124
72,SmolLM2-1.7B [Pretrained (PT)],101.98390035965836
72,SmolLM2-1.7B-Instruct [Instruct/chat],106.96265460599005
72,SmolLM2-135M [Pretrained (PT)],79.00199891105436
72,SmolLM2-135M-Instruct [Instruct/chat],83.56633009381935
72,SmolLM2-360M [Pretrained (PT)],90.73122029078021
72,SmolLM2-360M-Instruct [Instruct/chat],80.76425934464103
72,phi-1 [Pretrained (PT)],95.54711614116711
72,phi-1_5 [Pretrained (PT)],90.9167387691636
72,phi-2 [Pretrained (PT)],109.2519246942676
72,phi-4 [Pretrained (PT)],131.4095191873743
73,Gemma 1.1 2B IT [Instruction-tuned (IT)],90.77928412275661
73,Gemma 1.1 7B IT [Instruction-tuned (IT)],107.35525134463597
73,Gemma 2 27B IT [Instruction-tuned (IT)],123.83992308436673
73,Gemma 2 27B [Pretrained (PT)],117.91084319762444
73,Gemma 2 2B IT [Instruction-tuned (IT)],112.17805009985943
73,Gemma 2 2B [Pretrained (PT)],97.25683353894942
73,Gemma 2 9B IT [Instruction-tuned (IT)],116.9454126140037
73,Gemma 2 9B [Pretrained (PT)],114.74566933903
73,Gemma 2B IT [Instruction-tuned (IT)],95.15523577238487
73,Gemma 2B [Pretrained (PT)],93.10649447808508
73,Gemma 3 12B IT [Instruction-tuned (IT)],126.47938119448224
73,Gemma 3 12B [Pretrained (PT)],118.17850569626005
73,Gemma 3 1B IT [Instruction-tuned (IT)],109.18165146699403
73,Gemma 3 1B [Pretrained (PT)],87.13898825722404
73,Gemma 3 27B IT [Instruction-tuned (IT)],131.02581614568496
73,Gemma 3 27B [Pretrained (PT)],119.41090053601998
73,Gemma 3 4B IT [Instruction-tuned (IT)],121.46573837444649
73,Gemma 3 4B [Pretrained (PT)],105.66922137804677
73,Gemma 3n E2B IT [Instruction-tuned (IT)],115.56603568367099
73,Gemma 3n E2B [Pretrained (PT)],100.72702917229596
73,Gemma 3n E4B IT [Instruction-tuned (IT)],121.51054607585235
73,Gemma 3n E4B [Pretrained (PT)],107.23431049517302
73,"Gemma 4 12B [IT, Thinking mode]",142.42826221152285
73,"Gemma 4 26B A4B [IT, Thinking mode]",144.48103728909592
73,"Gemma 4 31B [IT, Thinking mode]",145.28334848547627
73,"Gemma 4 E2B [IT, Thinking mode]",134.03518357912264
73,"Gemma 4 E4B [IT, Thinking mode]",136.50145832187147
73,Gemma 7B IT [Instruction-tuned (IT)],101.10705257278228
73,Gemma 7B [Pretrained (PT)],110.95794124079816
73,Llama-2-13b-chat-hf [Instruct/chat],105.59380370342502
73,Llama-2-13b-hf [Pretrained (PT)],104.50567769884879
73,Llama-2-7b-chat-hf [Instruct/chat],90.30551582490979
73,Llama-2-7b-hf [Pretrained (PT)],100.66803509740261
73,Llama-3.1-8B [Pretrained (PT)],90.16062253385493
73,Llama-3.1-8B-Instruct [Instruct/chat],117.6380270181073
73,Llama-3.2-1B [Pretrained (PT)],85.31846405484556
73,Llama-3.2-1B-Instruct [Instruct/chat],105.88557044491264
73,Llama-3.2-3B [Pretrained (PT)],105.66137562193707
73,Llama-3.2-3B-Instruct [Instruct/chat],117.28927922020404
73,Meta-Llama-3-8B [Pretrained (PT)],96.1902867759965
73,Meta-Llama-3-8B-Instruct [Instruct/chat],117.5717608911591
73,OLMo-1B-hf [Pretrained (PT)],94.83150496709558
73,OLMo-2-1124-7B-Instruct [Instruct/chat],114.10373926102889
73,OLMo-7B-Instruct-hf [Instruct/chat],102.80019719485242
73,OLMo-7B-hf [Pretrained (PT)],98.05354881767119
73,OLMoE-1B-7B-0125-Instruct [Instruct/chat],125.81688673273135
73,OLMoE-1B-7B-0924 [Pretrained (PT)],94.92832900165962
73,OLMoE-1B-7B-0924-Instruct [Instruct/chat],105.78608271022219
73,Phi-3-medium-128k-instruct [Instruct/chat],124.4718560020854
73,Phi-3-medium-4k-instruct [Instruct/chat],120.84814970825522
73,Phi-3-mini-128k-instruct [Instruct/chat],120.67874925912676
73,Phi-3-mini-4k-instruct [Instruct/chat],117.84721375409273
73,Phi-3-small-128k-instruct [Instruct/chat],125.4373278356841
73,Phi-3-small-8k-instruct [Instruct/chat],120.96583766651918
73,Phi-3.5-mini-instruct [Instruct/chat],120.59436926713546
73,Phi-4-mini-instruct [Instruct/chat],120.2424832154535
73,Qwen-1.8B-Chat [Instruct/chat],99.19870790289737
73,Qwen-14B-Chat [Instruct/chat],110.71404435784189
73,Qwen-7B-Chat [Instruct/chat],108.46838368427859
73,Qwen1.5-0.5B-Chat [Instruct/chat],69.8672897190379
73,Qwen1.5-1.8B [Base (no official chat academic scores)],101.56714627978548
73,Qwen1.5-1.8B-Chat [Instruct/chat],91.3537087292774
73,Qwen1.5-14B [Base (no official chat academic scores)],113.46043619616924
73,Qwen1.5-14B-Chat [Instruct/chat],104.82571493669519
73,Qwen1.5-32B [Base (no official chat academic scores)],114.24460707707863
73,Qwen1.5-32B-Chat [Instruct/chat],122.80024884274367
73,Qwen1.5-4B [Base (no official chat academic scores)],103.32231812174827
73,Qwen1.5-4B-Chat [Instruct/chat],100.75044390003035
73,Qwen1.5-7B [Base (no official chat academic scores)],109.33816031093497
73,Qwen1.5-7B-Chat [Instruct/chat],99.95768496569383
73,Qwen2-0.5B-Instruct [Instruct/chat],92.2289332089054
73,Qwen2-1.5B-Instruct [Instruct/chat],108.55766079308124
73,Qwen2-7B-Instruct [Instruct/chat],119.53394531137117
73,Qwen2.5-0.5B-Instruct [Instruct/chat],102.4777580225645
73,Qwen2.5-1.5B-Instruct [Instruct/chat],117.06976577313453
73,Qwen2.5-14B-Instruct [Instruct/chat],128.91523285978457
73,Qwen2.5-32B-Instruct [Instruct/chat],130.62463943910774
73,Qwen2.5-3B-Instruct [Instruct/chat],121.25877591313363
73,Qwen2.5-7B-Instruct [Instruct/chat],124.44242062455645
73,Qwen3-0.6B [Non-thinking mode],105.32671868408644
73,Qwen3-0.6B [Thinking mode],113.83114445796231
73,Qwen3-1.7B [Non-thinking mode],119.15022556320265
73,Qwen3-1.7B [Thinking mode],124.55174175235915
73,Qwen3-14B [Non-thinking mode],128.5009540771817
73,Qwen3-14B [Thinking mode],137.48618264714602
73,Qwen3-30B-A3B [Non-thinking mode],128.67221264094283
73,Qwen3-30B-A3B [Thinking mode],137.1649541123627
73,Qwen3-30B-A3B-Instruct-2507 [Instruct (non-thinking)],136.40436291112655
73,Qwen3-30B-A3B-Thinking-2507 [Thinking],141.56082941886734
73,Qwen3-32B [Non-thinking mode],130.34361036139464
73,Qwen3-32B [Thinking mode],138.60034196250044
73,Qwen3-4B [Non-thinking mode],125.34268042434566
73,Qwen3-4B [Thinking mode],133.74558697510963
73,Qwen3-4B-Instruct-2507 [Instruct (non-thinking)],132.3607786813935
73,Qwen3-4B-Thinking-2507 [Thinking],138.4525236355118
73,Qwen3-8B [Non-thinking mode],128.30369308945419
73,Qwen3-8B [Thinking mode],135.51108678551336
73,Qwen3.5-0.8B [Non-thinking rows],103.25816802333132
73,Qwen3.5-0.8B [Thinking (default)],108.40351263919553
73,Qwen3.5-27B [Thinking (default)],147.90462806307306
73,Qwen3.5-2B [Non-thinking rows],118.87983051281094
73,Qwen3.5-2B [Thinking (default)],129.20443305800978
73,Qwen3.5-35B-A3B [Thinking (default)],144.48118286659314
73,Qwen3.5-4B [Thinking (default)],142.25887174983717
73,Qwen3.5-9B [Thinking (default)],144.21229498965047
73,Qwen3.6-27B [Thinking (default)],149.70606362023764
73,Qwen3.6-35B-A3B [Thinking (default)],146.38233025682
73,SmolLM-1.7B [Pretrained (PT)],92.51981806669755
73,SmolLM-1.7B-Instruct [Instruct/chat],89.3417458857873
73,SmolLM-135M [Pretrained (PT)],88.99734699141693
73,SmolLM-135M-Instruct [Instruct/chat],80.90635164933656
73,SmolLM-360M [Pretrained (PT)],89.61387744232806
73,SmolLM-360M-Instruct [Instruct/chat],77.70265319095842
73,SmolLM2-1.7B [Pretrained (PT)],100.71430473031775
73,SmolLM2-1.7B-Instruct [Instruct/chat],101.91202442262217
73,SmolLM2-135M [Pretrained (PT)],87.3041892812571
73,SmolLM2-135M-Instruct [Instruct/chat],92.74939154572182
73,SmolLM2-360M [Pretrained (PT)],88.94819079346644
73,SmolLM2-360M-Instruct [Instruct/chat],78.09510835183872
73,phi-1 [Pretrained (PT)],90.76382264004727
73,phi-1_5 [Pretrained (PT)],95.03955463846351
73,phi-2 [Pretrained (PT)],109.89226180800955
73,phi-4 [Pretrained (PT)],127.19042953630816
74,Gemma 1.1 2B IT [Instruction-tuned (IT)],97.89080501865784
74,Gemma 1.1 7B IT [Instruction-tuned (IT)],104.32038506179008
74,Gemma 2 27B IT [Instruction-tuned (IT)],124.43278886560621
74,Gemma 2 27B [Pretrained (PT)],117.37545249103233
74,Gemma 2 2B IT [Instruction-tuned (IT)],104.83889332402934
74,Gemma 2 2B [Pretrained (PT)],97.03421254069207
74,Gemma 2 9B IT [Instruction-tuned (IT)],118.93938371137304
74,Gemma 2 9B [Pretrained (PT)],112.0611812771477
74,Gemma 2B IT [Instruction-tuned (IT)],85.88654191447395
74,Gemma 2B [Pretrained (PT)],94.53145078875882
74,Gemma 3 12B IT [Instruction-tuned (IT)],125.74589350852465
74,Gemma 3 12B [Pretrained (PT)],113.39396169528476
74,Gemma 3 1B IT [Instruction-tuned (IT)],107.17727328303897
74,Gemma 3 1B [Pretrained (PT)],83.48094118432068
74,Gemma 3 27B IT [Instruction-tuned (IT)],129.98619594970174
74,Gemma 3 27B [Pretrained (PT)],118.59578611562412
74,Gemma 3 4B IT [Instruction-tuned (IT)],117.8143167733956
74,Gemma 3 4B [Pretrained (PT)],103.8641368564581
74,Gemma 3n E2B IT [Instruction-tuned (IT)],116.2311538067009
74,Gemma 3n E2B [Pretrained (PT)],98.97364742565259
74,Gemma 3n E4B IT [Instruction-tuned (IT)],120.02445511182641
74,Gemma 3n E4B [Pretrained (PT)],106.15703679829483
74,"Gemma 4 12B [IT, Thinking mode]",142.06067422357103
74,"Gemma 4 26B A4B [IT, Thinking mode]",145.35725409380626
74,"Gemma 4 31B [IT, Thinking mode]",145.64977801633637
74,"Gemma 4 E2B [IT, Thinking mode]",131.9169843255541
74,"Gemma 4 E4B [IT, Thinking mode]",135.17819068053345
74,Gemma 7B IT [Instruction-tuned (IT)],98.98247497473162
74,Gemma 7B [Pretrained (PT)],107.71230965518896
74,Llama-2-13b-chat-hf [Instruct/chat],104.21784218274955
74,Llama-2-13b-hf [Pretrained (PT)],107.23827885678821
74,Llama-2-7b-chat-hf [Instruct/chat],101.43564947630583
74,Llama-2-7b-hf [Pretrained (PT)],97.05871853633975
74,Llama-3.1-8B [Pretrained (PT)],93.68832829115411
74,Llama-3.1-8B-Instruct [Instruct/chat],114.49855359034396
74,Llama-3.2-1B [Pretrained (PT)],68.10459890944792
74,Llama-3.2-1B-Instruct [Instruct/chat],95.72955434734574
74,Llama-3.2-3B [Pretrained (PT)],83.70164846271533
74,Llama-3.2-3B-Instruct [Instruct/chat],113.35146433787426
74,Meta-Llama-3-8B [Pretrained (PT)],93.89592983552778
74,Meta-Llama-3-8B-Instruct [Instruct/chat],117.53671060360023
74,OLMo-1B-hf [Pretrained (PT)],92.77032524949105
74,OLMo-2-1124-7B-Instruct [Instruct/chat],114.6930562459495
74,OLMo-7B-Instruct-hf [Instruct/chat],102.63720348343506
74,OLMo-7B-hf [Pretrained (PT)],94.45116418508688
74,OLMoE-1B-7B-0125-Instruct [Instruct/chat],113.78159729768868
74,OLMoE-1B-7B-0924 [Pretrained (PT)],94.13905326354319
74,OLMoE-1B-7B-0924-Instruct [Instruct/chat],107.18040722473116
74,Phi-3-medium-128k-instruct [Instruct/chat],121.49226628690023
74,Phi-3-medium-4k-instruct [Instruct/chat],121.36972916218156
74,Phi-3-mini-128k-instruct [Instruct/chat],117.85225136113694
74,Phi-3-mini-4k-instruct [Instruct/chat],113.4768901287394
74,Phi-3-small-128k-instruct [Instruct/chat],121.68614730964921
74,Phi-3-small-8k-instruct [Instruct/chat],121.40861870321388
74,Phi-3.5-mini-instruct [Instruct/chat],118.40250278201295
74,Phi-4-mini-instruct [Instruct/chat],119.95414290762295
74,Qwen-1.8B-Chat [Instruct/chat],96.98970087240764
74,Qwen-14B-Chat [Instruct/chat],107.57985868232943
74,Qwen-7B-Chat [Instruct/chat],103.81736163919271
74,Qwen1.5-0.5B-Chat [Instruct/chat],82.68359885560423
74,Qwen1.5-1.8B [Base (no official chat academic scores)],99.26077143166908
74,Qwen1.5-1.8B-Chat [Instruct/chat],91.11477059614992
74,Qwen1.5-14B [Base (no official chat academic scores)],111.11568671408315
74,Qwen1.5-14B-Chat [Instruct/chat],103.73352545676154
74,Qwen1.5-32B [Base (no official chat academic scores)],111.54487152074964
74,Qwen1.5-32B-Chat [Instruct/chat],120.29762552669845
74,Qwen1.5-4B [Base (no official chat academic scores)],105.48879500955128
74,Qwen1.5-4B-Chat [Instruct/chat],99.76797330330803
74,Qwen1.5-7B [Base (no official chat academic scores)],106.25440580329564
74,Qwen1.5-7B-Chat [Instruct/chat],99.73100156126375
74,Qwen2-0.5B-Instruct [Instruct/chat],97.76471309080817
74,Qwen2-1.5B-Instruct [Instruct/chat],104.93014489171684
74,Qwen2-7B-Instruct [Instruct/chat],117.66410997798633
74,Qwen2.5-0.5B-Instruct [Instruct/chat],102.91864655627286
74,Qwen2.5-1.5B-Instruct [Instruct/chat],114.11287466863334
74,Qwen2.5-14B-Instruct [Instruct/chat],127.27252443165808
74,Qwen2.5-32B-Instruct [Instruct/chat],129.87438894920243
74,Qwen2.5-3B-Instruct [Instruct/chat],119.05851880700814
74,Qwen2.5-7B-Instruct [Instruct/chat],121.77949536273704
74,Qwen3-0.6B [Non-thinking mode],109.72159973207214
74,Qwen3-0.6B [Thinking mode],116.05754728135099
74,Qwen3-1.7B [Non-thinking mode],118.50148573369896
74,Qwen3-1.7B [Thinking mode],122.37139213782268
74,Qwen3-14B [Non-thinking mode],130.38842162347177
74,Qwen3-14B [Thinking mode],136.48004260700904
74,Qwen3-30B-A3B [Non-thinking mode],129.79824899379446
74,Qwen3-30B-A3B [Thinking mode],137.1379114042085
74,Qwen3-30B-A3B-Instruct-2507 [Instruct (non-thinking)],136.04131022379977
74,Qwen3-30B-A3B-Thinking-2507 [Thinking],140.02550018192895
74,Qwen3-32B [Non-thinking mode],128.75925806557643
74,Qwen3-32B [Thinking mode],136.70036938805615
74,Qwen3-4B [Non-thinking mode],126.75866682925138
74,Qwen3-4B [Thinking mode],134.23965532496788
74,Qwen3-4B-Instruct-2507 [Instruct (non-thinking)],132.6515513311926
74,Qwen3-4B-Thinking-2507 [Thinking],137.57126639598613
74,Qwen3-8B [Non-thinking mode],128.35458711181778
74,Qwen3-8B [Thinking mode],135.0444287036451
74,Qwen3.5-0.8B [Non-thinking rows],103.69262508733976
74,Qwen3.5-0.8B [Thinking (default)],110.04783820430416
74,Qwen3.5-27B [Thinking (default)],148.03322783508318
74,Qwen3.5-2B [Non-thinking rows],120.85551987150816
74,Qwen3.5-2B [Thinking (default)],129.3723987296125
74,Qwen3.5-35B-A3B [Thinking (default)],146.67841437211663
74,Qwen3.5-4B [Thinking (default)],142.13836601215138
74,Qwen3.5-9B [Thinking (default)],145.01824776771394
74,Qwen3.6-27B [Thinking (default)],150.9129151790508
74,Qwen3.6-35B-A3B [Thinking (default)],145.6908872207679
74,SmolLM-1.7B [Pretrained (PT)],94.8164711399928
74,SmolLM-1.7B-Instruct [Instruct/chat],83.6430950368093
74,SmolLM-135M [Pretrained (PT)],90.6663140535645
74,SmolLM-135M-Instruct [Instruct/chat],80.97000010466427
74,SmolLM-360M [Pretrained (PT)],92.2959280864375
74,SmolLM-360M-Instruct [Instruct/chat],79.7417732418979
74,SmolLM2-1.7B [Pretrained (PT)],100.50128160850902
74,SmolLM2-1.7B-Instruct [Instruct/chat],101.6720110389795
74,SmolLM2-135M [Pretrained (PT)],88.97069488424111
74,SmolLM2-135M-Instruct [Instruct/chat],77.9363904798146
74,SmolLM2-360M [Pretrained (PT)],92.45351850820235
74,SmolLM2-360M-Instruct [Instruct/chat],75.84629151526411
74,phi-1 [Pretrained (PT)],84.04793409460584
74,phi-1_5 [Pretrained (PT)],86.35549428333971
74,phi-2 [Pretrained (PT)],99.4472814269248
74,phi-4 [Pretrained (PT)],121.68882524921388
75,Gemma 1.1 2B IT [Instruction-tuned (IT)],96.00115628900804
75,Gemma 1.1 7B IT [Instruction-tuned (IT)],106.37658042808806
75,Gemma 2 27B IT [Instruction-tuned (IT)],124.06662650768666
75,Gemma 2 27B [Pretrained (PT)],115.65703402471122
75,Gemma 2 2B IT [Instruction-tuned (IT)],106.50345879237096
75,Gemma 2 2B [Pretrained (PT)],98.79084934114957
75,Gemma 2 9B IT [Instruction-tuned (IT)],118.75496959395493
75,Gemma 2 9B [Pretrained (PT)],112.03899684118106
75,Gemma 2B IT [Instruction-tuned (IT)],92.0946390487984
75,Gemma 2B [Pretrained (PT)],95.04127016219805
75,Gemma 3 12B IT [Instruction-tuned (IT)],127.65163541146748
75,Gemma 3 12B [Pretrained (PT)],114.45447185492131
75,Gemma 3 1B IT [Instruction-tuned (IT)],106.84579460327184
75,Gemma 3 1B [Pretrained (PT)],80.7485263270926
75,Gemma 3 27B IT [Instruction-tuned (IT)],129.93320106150335
75,Gemma 3 27B [Pretrained (PT)],118.38978814360877
75,Gemma 3 4B IT [Instruction-tuned (IT)],119.60177910805471
75,Gemma 3 4B [Pretrained (PT)],104.84773713145792
75,Gemma 3n E2B IT [Instruction-tuned (IT)],111.60689236569499
75,Gemma 3n E2B [Pretrained (PT)],99.8524422037663
75,Gemma 3n E4B IT [Instruction-tuned (IT)],113.61369811669167
75,Gemma 3n E4B [Pretrained (PT)],106.44248042599357
75,"Gemma 4 12B [IT, Thinking mode]",142.8923118372442
75,"Gemma 4 26B A4B [IT, Thinking mode]",145.47464634911486
75,"Gemma 4 31B [IT, Thinking mode]",147.74771903192655
75,"Gemma 4 E2B [IT, Thinking mode]",128.36978266759894
75,"Gemma 4 E4B [IT, Thinking mode]",134.15986739444162
75,Gemma 7B IT [Instruction-tuned (IT)],100.39076421347897
75,Gemma 7B [Pretrained (PT)],110.77942790616021
75,Llama-2-13b-chat-hf [Instruct/chat],104.05734618883544
75,Llama-2-13b-hf [Pretrained (PT)],106.14889470849486
75,Llama-2-7b-chat-hf [Instruct/chat],86.39611346461952
75,Llama-2-7b-hf [Pretrained (PT)],100.70631198829597
75,Llama-3.1-8B [Pretrained (PT)],112.94724090130886
75,Llama-3.1-8B-Instruct [Instruct/chat],113.30745335096935
75,Llama-3.2-1B [Pretrained (PT)],83.11191622290067
75,Llama-3.2-1B-Instruct [Instruct/chat],107.58287798149716
75,Llama-3.2-3B [Pretrained (PT)],95.57751234226892
75,Llama-3.2-3B-Instruct [Instruct/chat],117.8331000942974
75,Meta-Llama-3-8B [Pretrained (PT)],113.00607125916373
75,Meta-Llama-3-8B-Instruct [Instruct/chat],116.357603768448
75,OLMo-1B-hf [Pretrained (PT)],106.49550199608862
75,OLMo-2-1124-7B-Instruct [Instruct/chat],109.95429142699976
75,OLMo-7B-Instruct-hf [Instruct/chat],98.0584847365166
75,OLMo-7B-hf [Pretrained (PT)],92.76731909848971
75,OLMoE-1B-7B-0125-Instruct [Instruct/chat],108.88633479524901
75,OLMoE-1B-7B-0924 [Pretrained (PT)],100.67119715317159
75,OLMoE-1B-7B-0924-Instruct [Instruct/chat],106.57985543598964
75,Phi-3-medium-128k-instruct [Instruct/chat],119.5838454103609
75,Phi-3-medium-4k-instruct [Instruct/chat],118.96751901414025
75,Phi-3-mini-128k-instruct [Instruct/chat],117.56429375416779
75,Phi-3-mini-4k-instruct [Instruct/chat],117.55630942941036
75,Phi-3-small-128k-instruct [Instruct/chat],123.34441341810448
75,Phi-3-small-8k-instruct [Instruct/chat],120.99759106319686
75,Phi-3.5-mini-instruct [Instruct/chat],117.97167707055483
75,Phi-4-mini-instruct [Instruct/chat],119.79396138631549
75,Qwen-1.8B-Chat [Instruct/chat],97.6078240914441
75,Qwen-14B-Chat [Instruct/chat],109.266197353351
75,Qwen-7B-Chat [Instruct/chat],105.85558461073039
75,Qwen1.5-0.5B-Chat [Instruct/chat],73.5707741153933
75,Qwen1.5-1.8B [Base (no official chat academic scores)],100.40802463440554
75,Qwen1.5-1.8B-Chat [Instruct/chat],92.12787281411113
75,Qwen1.5-14B [Base (no official chat academic scores)],110.6795023846912
75,Qwen1.5-14B-Chat [Instruct/chat],107.27969060972723
75,Qwen1.5-32B [Base (no official chat academic scores)],112.48263755463776
75,Qwen1.5-32B-Chat [Instruct/chat],119.94715897493873
75,Qwen1.5-4B [Base (no official chat academic scores)],102.6713354513075
75,Qwen1.5-4B-Chat [Instruct/chat],96.45054177579394
75,Qwen1.5-7B [Base (no official chat academic scores)],108.51355006439714
75,Qwen1.5-7B-Chat [Instruct/chat],99.97040992071764
75,Qwen2-0.5B-Instruct [Instruct/chat],100.39091732791303
75,Qwen2-1.5B-Instruct [Instruct/chat],106.87532758085807
75,Qwen2-7B-Instruct [Instruct/chat],116.7433331114469
75,Qwen2.5-0.5B-Instruct [Instruct/chat],106.4276835396227
75,Qwen2.5-1.5B-Instruct [Instruct/chat],114.52435730155423
75,Qwen2.5-14B-Instruct [Instruct/chat],126.317782902896
75,Qwen2.5-32B-Instruct [Instruct/chat],130.22481807392663
75,Qwen2.5-3B-Instruct [Instruct/chat],120.41572726835176
75,Qwen2.5-7B-Instruct [Instruct/chat],122.64608880273974
75,Qwen3-0.6B [Non-thinking mode],104.49012649813847
75,Qwen3-0.6B [Thinking mode],113.69170746966267
75,Qwen3-1.7B [Non-thinking mode],119.22435889759876
75,Qwen3-1.7B [Thinking mode],125.61533729676839
75,Qwen3-14B [Non-thinking mode],129.25288714770247
75,Qwen3-14B [Thinking mode],137.72636255063276
75,Qwen3-30B-A3B [Non-thinking mode],128.6624278879746
75,Qwen3-30B-A3B [Thinking mode],137.67905928067154
75,Qwen3-30B-A3B-Instruct-2507 [Instruct (non-thinking)],135.9904282625968
75,Qwen3-30B-A3B-Thinking-2507 [Thinking],142.72747664035927
75,Qwen3-32B [Non-thinking mode],129.673831083849
75,Qwen3-32B [Thinking mode],139.01967549659346
75,Qwen3-4B [Non-thinking mode],124.86648253520222
75,Qwen3-4B [Thinking mode],135.55386274320787
75,Qwen3-4B-Instruct-2507 [Instruct (non-thinking)],133.10240867567924
75,Qwen3-4B-Thinking-2507 [Thinking],138.1310349496756
75,Qwen3-8B [Non-thinking mode],127.47502276197615
75,Qwen3-8B [Thinking mode],136.64317402115884
75,Qwen3.5-0.8B [Non-thinking rows],105.8015871860748
75,Qwen3.5-0.8B [Thinking (default)],112.47175657301929
75,Qwen3.5-27B [Thinking (default)],146.5995162882538
75,Qwen3.5-2B [Non-thinking rows],117.87355293815773
75,Qwen3.5-2B [Thinking (default)],130.31944250157912
75,Qwen3.5-35B-A3B [Thinking (default)],144.27820511748618
75,Qwen3.5-4B [Thinking (default)],141.781570313545
75,Qwen3.5-9B [Thinking (default)],144.46492768878713
75,Qwen3.6-27B [Thinking (default)],149.84268844503302
75,Qwen3.6-35B-A3B [Thinking (default)],144.6098185343722
75,SmolLM-1.7B [Pretrained (PT)],89.84444785971351
75,SmolLM-1.7B-Instruct [Instruct/chat],90.67929467445687
75,SmolLM-135M [Pretrained (PT)],90.36105517014114
75,SmolLM-135M-Instruct [Instruct/chat],80.38617246847542
75,SmolLM-360M [Pretrained (PT)],89.95690123658024
75,SmolLM-360M-Instruct [Instruct/chat],85.24036627818228
75,SmolLM2-1.7B [Pretrained (PT)],97.23687948664707
75,SmolLM2-1.7B-Instruct [Instruct/chat],108.07871511462332
75,SmolLM2-135M [Pretrained (PT)],84.3751301664701
75,SmolLM2-135M-Instruct [Instruct/chat],84.19438420951653
75,SmolLM2-360M [Pretrained (PT)],88.88580560397676
75,SmolLM2-360M-Instruct [Instruct/chat],78.64014238730991
75,phi-1 [Pretrained (PT)],84.52850145707345
75,phi-1_5 [Pretrained (PT)],90.39422285633972
75,phi-2 [Pretrained (PT)],81.58853026534821
75,phi-4 [Pretrained (PT)],129.1855968951084
76,Gemma 1.1 2B IT [Instruction-tuned (IT)],98.76677933609469
76,Gemma 1.1 7B IT [Instruction-tuned (IT)],104.23337999861843
76,Gemma 2 27B IT [Instruction-tuned (IT)],121.40285576393536
76,Gemma 2 27B [Pretrained (PT)],115.79649517906483
76,Gemma 2 2B IT [Instruction-tuned (IT)],108.5016781063682
76,Gemma 2 2B [Pretrained (PT)],95.36999016771222
76,Gemma 2 9B IT [Instruction-tuned (IT)],119.37628349447057
76,Gemma 2 9B [Pretrained (PT)],111.02805913719769
76,Gemma 2B IT [Instruction-tuned (IT)],93.44619030751146
76,Gemma 2B [Pretrained (PT)],95.42706463787414
76,Gemma 3 12B IT [Instruction-tuned (IT)],125.95110303861951
76,Gemma 3 12B [Pretrained (PT)],114.28773214075059
76,Gemma 3 1B IT [Instruction-tuned (IT)],106.38928025056225
76,Gemma 3 1B [Pretrained (PT)],73.77683537744994
76,Gemma 3 27B IT [Instruction-tuned (IT)],127.42228683899785
76,Gemma 3 27B [Pretrained (PT)],116.20048237205212
76,Gemma 3 4B IT [Instruction-tuned (IT)],121.90675783026074
76,Gemma 3 4B [Pretrained (PT)],103.78347041273527
76,Gemma 3n E2B IT [Instruction-tuned (IT)],117.05213555797954
76,Gemma 3n E2B [Pretrained (PT)],100.98339184084374
76,Gemma 3n E4B IT [Instruction-tuned (IT)],121.17686349839741
76,Gemma 3n E4B [Pretrained (PT)],106.62086064121965
76,"Gemma 4 12B [IT, Thinking mode]",142.85602248239584
76,"Gemma 4 26B A4B [IT, Thinking mode]",144.76348832371926
76,"Gemma 4 31B [IT, Thinking mode]",146.42362157055692
76,"Gemma 4 E2B [IT, Thinking mode]",130.05979942895965
76,"Gemma 4 E4B [IT, Thinking mode]",133.96458682452382
76,Gemma 7B IT [Instruction-tuned (IT)],100.48411296410029
76,Gemma 7B [Pretrained (PT)],108.92595142658801
76,Llama-2-13b-chat-hf [Instruct/chat],104.68978434944187
76,Llama-2-13b-hf [Pretrained (PT)],102.65303989094907
76,Llama-2-7b-chat-hf [Instruct/chat],101.3176836764183
76,Llama-2-7b-hf [Pretrained (PT)],98.88613355423038
76,Llama-3.1-8B [Pretrained (PT)],111.0413765771606
76,Llama-3.1-8B-Instruct [Instruct/chat],113.24395635136547
76,Llama-3.2-1B [Pretrained (PT)],80.40295510319751
76,Llama-3.2-1B-Instruct [Instruct/chat],111.78483142306023
76,Llama-3.2-3B [Pretrained (PT)],92.55208489998668
76,Llama-3.2-3B-Instruct [Instruct/chat],109.29447892001978
76,Meta-Llama-3-8B [Pretrained (PT)],102.99655141536644
76,Meta-Llama-3-8B-Instruct [Instruct/chat],115.90521011374503
76,OLMo-1B-hf [Pretrained (PT)],92.65301033062534
76,OLMo-2-1124-7B-Instruct [Instruct/chat],106.26052957912233
76,OLMo-7B-Instruct-hf [Instruct/chat],101.59732091039385
76,OLMo-7B-hf [Pretrained (PT)],78.1737018887438
76,OLMoE-1B-7B-0125-Instruct [Instruct/chat],109.29306687586485
76,OLMoE-1B-7B-0924 [Pretrained (PT)],93.5859739863165
76,OLMoE-1B-7B-0924-Instruct [Instruct/chat],105.19193829698513
76,Phi-3-medium-128k-instruct [Instruct/chat],120.06733681323439
76,Phi-3-medium-4k-instruct [Instruct/chat],121.53199488719595
76,Phi-3-mini-128k-instruct [Instruct/chat],115.92698752937818
76,Phi-3-mini-4k-instruct [Instruct/chat],116.97795299421837
76,Phi-3-small-128k-instruct [Instruct/chat],118.81279159580083
76,Phi-3-small-8k-instruct [Instruct/chat],118.11940347394446
76,Phi-3.5-mini-instruct [Instruct/chat],118.24721043890679
76,Phi-4-mini-instruct [Instruct/chat],122.12826138374552
76,Qwen-1.8B-Chat [Instruct/chat],96.32304906922896
76,Qwen-14B-Chat [Instruct/chat],108.80962078568022
76,Qwen-7B-Chat [Instruct/chat],105.0185103224867
76,Qwen1.5-0.5B-Chat [Instruct/chat],80.89279340850331
76,Qwen1.5-1.8B [Base (no official chat academic scores)],101.0329642202843
76,Qwen1.5-1.8B-Chat [Instruct/chat],90.57183238960276
76,Qwen1.5-14B [Base (no official chat academic scores)],110.40439004402593
76,Qwen1.5-14B-Chat [Instruct/chat],112.1489460474928
76,Qwen1.5-32B [Base (no official chat academic scores)],114.12008000442107
76,Qwen1.5-32B-Chat [Instruct/chat],114.08581945735683
76,Qwen1.5-4B [Base (no official chat academic scores)],103.91131080488194
76,Qwen1.5-4B-Chat [Instruct/chat],100.29907756297769
76,Qwen1.5-7B [Base (no official chat academic scores)],107.8694239538693
76,Qwen1.5-7B-Chat [Instruct/chat],99.74708535775757
76,Qwen2-0.5B-Instruct [Instruct/chat],87.61384859484458
76,Qwen2-1.5B-Instruct [Instruct/chat],96.74202580813771
76,Qwen2-7B-Instruct [Instruct/chat],117.16986207447613
76,Qwen2.5-0.5B-Instruct [Instruct/chat],102.03679168973233
76,Qwen2.5-1.5B-Instruct [Instruct/chat],113.52406009443216
76,Qwen2.5-14B-Instruct [Instruct/chat],127.27650738676634
76,Qwen2.5-32B-Instruct [Instruct/chat],128.9455914923038
76,Qwen2.5-3B-Instruct [Instruct/chat],117.9590079843856
76,Qwen2.5-7B-Instruct [Instruct/chat],119.76301924727524
76,Qwen3-0.6B [Non-thinking mode],97.6479494341819
76,Qwen3-0.6B [Thinking mode],107.89970276519496
76,Qwen3-1.7B [Non-thinking mode],114.77001168579113
76,Qwen3-1.7B [Thinking mode],122.5370861924574
76,Qwen3-14B [Non-thinking mode],130.24463934852307
76,Qwen3-14B [Thinking mode],137.7746782618374
76,Qwen3-30B-A3B [Non-thinking mode],131.08715120094763
76,Qwen3-30B-A3B [Thinking mode],136.5928238257751
76,Qwen3-30B-A3B-Instruct-2507 [Instruct (non-thinking)],133.82319730510534
76,Qwen3-30B-A3B-Thinking-2507 [Thinking],140.60202974114614
76,Qwen3-32B [Non-thinking mode],129.3717004809324
76,Qwen3-32B [Thinking mode],137.6946572919054
76,Qwen3-4B [Non-thinking mode],122.93685870269863
76,Qwen3-4B [Thinking mode],134.12337535596473
76,Qwen3-4B-Instruct-2507 [Instruct (non-thinking)],129.9391984367868
76,Qwen3-4B-Thinking-2507 [Thinking],137.45546085503142
76,Qwen3-8B [Non-thinking mode],123.83834102084205
76,Qwen3-8B [Thinking mode],135.79102910532563
76,Qwen3.5-0.8B [Non-thinking rows],98.82748732493116
76,Qwen3.5-0.8B [Thinking (default)],109.24180669386504
76,Qwen3.5-27B [Thinking (default)],147.58010779310055
76,Qwen3.5-2B [Non-thinking rows],119.3555252307931
76,Qwen3.5-2B [Thinking (default)],128.9065007243875
76,Qwen3.5-35B-A3B [Thinking (default)],143.47935997015117
76,Qwen3.5-4B [Thinking (default)],143.30090923719263
76,Qwen3.5-9B [Thinking (default)],145.0036811864005
76,Qwen3.6-27B [Thinking (default)],149.23130418270887
76,Qwen3.6-35B-A3B [Thinking (default)],147.3767645606774
76,SmolLM-1.7B [Pretrained (PT)],92.50105482752937
76,SmolLM-1.7B-Instruct [Instruct/chat],91.20732731190725
76,SmolLM-135M [Pretrained (PT)],90.35184354079081
76,SmolLM-135M-Instruct [Instruct/chat],82.79993758844887
76,SmolLM-360M [Pretrained (PT)],92.43122960994289
76,SmolLM-360M-Instruct [Instruct/chat],89.78040429031128
76,SmolLM2-1.7B [Pretrained (PT)],98.45431252202532
76,SmolLM2-1.7B-Instruct [Instruct/chat],98.78776803053168
76,SmolLM2-135M [Pretrained (PT)],89.0245898360497
76,SmolLM2-135M-Instruct [Instruct/chat],84.88620031022768
76,SmolLM2-360M [Pretrained (PT)],90.78220716179457
76,SmolLM2-360M-Instruct [Instruct/chat],78.91346705919207
76,phi-1 [Pretrained (PT)],80.09488315537058
76,phi-1_5 [Pretrained (PT)],95.74648893256527
76,phi-2 [Pretrained (PT)],108.4313305974254
76,phi-4 [Pretrained (PT)],130.46610347334288
77,Gemma 1.1 2B IT [Instruction-tuned (IT)],91.19193515044678
77,Gemma 1.1 7B IT [Instruction-tuned (IT)],108.09603354719597
77,Gemma 2 27B IT [Instruction-tuned (IT)],120.2277182327501
77,Gemma 2 27B [Pretrained (PT)],114.07965158264848
77,Gemma 2 2B IT [Instruction-tuned (IT)],105.02120366913357
77,Gemma 2 2B [Pretrained (PT)],99.07583344395164
77,Gemma 2 9B IT [Instruction-tuned (IT)],117.00029717641281
77,Gemma 2 9B [Pretrained (PT)],110.8672655165074
77,Gemma 2B IT [Instruction-tuned (IT)],91.64341456660637
77,Gemma 2B [Pretrained (PT)],95.64440390869532
77,Gemma 3 12B IT [Instruction-tuned (IT)],125.17752876570705
77,Gemma 3 12B [Pretrained (PT)],114.66688297294793
77,Gemma 3 1B IT [Instruction-tuned (IT)],107.60892676769642
77,Gemma 3 1B [Pretrained (PT)],84.4836006126128
77,Gemma 3 27B IT [Instruction-tuned (IT)],126.37158453924569
77,Gemma 3 27B [Pretrained (PT)],117.00214169353282
77,Gemma 3 4B IT [Instruction-tuned (IT)],120.4841835992073
77,Gemma 3 4B [Pretrained (PT)],105.15598880349728
77,Gemma 3n E2B IT [Instruction-tuned (IT)],116.14730705877035
77,Gemma 3n E2B [Pretrained (PT)],100.19817671057925
77,Gemma 3n E4B IT [Instruction-tuned (IT)],121.266337028022
77,Gemma 3n E4B [Pretrained (PT)],105.98922637360027
77,"Gemma 4 12B [IT, Thinking mode]",143.01844398295168
77,"Gemma 4 26B A4B [IT, Thinking mode]",143.91624511789917
77,"Gemma 4 31B [IT, Thinking mode]",147.98887498497336
77,"Gemma 4 E2B [IT, Thinking mode]",128.30803770031204
77,"Gemma 4 E4B [IT, Thinking mode]",133.36930539923878
77,Gemma 7B IT [Instruction-tuned (IT)],98.58921089943516
77,Gemma 7B [Pretrained (PT)],108.45661653977093
77,Llama-2-13b-chat-hf [Instruct/chat],102.76986532531863
77,Llama-2-13b-hf [Pretrained (PT)],102.88241058126704
77,Llama-2-7b-chat-hf [Instruct/chat],103.61597548525464
77,Llama-2-7b-hf [Pretrained (PT)],97.91916398397258
77,Llama-3.1-8B [Pretrained (PT)],80.60406059072463
77,Llama-3.1-8B-Instruct [Instruct/chat],111.22549402065928
77,Llama-3.2-1B [Pretrained (PT)],84.68751519359955
77,Llama-3.2-1B-Instruct [Instruct/chat],108.16861348404674
77,Llama-3.2-3B [Pretrained (PT)],103.44164256039083
77,Llama-3.2-3B-Instruct [Instruct/chat],112.23182455259547
77,Meta-Llama-3-8B [Pretrained (PT)],103.86769079715516
77,Meta-Llama-3-8B-Instruct [Instruct/chat],113.843162718529
77,OLMo-1B-hf [Pretrained (PT)],86.55465551999309
77,OLMo-2-1124-7B-Instruct [Instruct/chat],118.19606185510375
77,OLMo-7B-Instruct-hf [Instruct/chat],100.97522652565776
77,OLMo-7B-hf [Pretrained (PT)],92.53859436532403
77,OLMoE-1B-7B-0125-Instruct [Instruct/chat],106.2021837972094
77,OLMoE-1B-7B-0924 [Pretrained (PT)],91.7889420528185
77,OLMoE-1B-7B-0924-Instruct [Instruct/chat],105.0050646040925
77,Phi-3-medium-128k-instruct [Instruct/chat],119.17300899645919
77,Phi-3-medium-4k-instruct [Instruct/chat],118.9208057780861
77,Phi-3-mini-128k-instruct [Instruct/chat],116.93159512767181
77,Phi-3-mini-4k-instruct [Instruct/chat],115.61624189609071
77,Phi-3-small-128k-instruct [Instruct/chat],119.31917062434985
77,Phi-3-small-8k-instruct [Instruct/chat],120.21747550332367
77,Phi-3.5-mini-instruct [Instruct/chat],117.14323238410373
77,Phi-4-mini-instruct [Instruct/chat],116.69612222448423
77,Qwen-1.8B-Chat [Instruct/chat],96.65361010900462
77,Qwen-14B-Chat [Instruct/chat],107.29214182106439
77,Qwen-7B-Chat [Instruct/chat],103.72453292316544
77,Qwen1.5-0.5B-Chat [Instruct/chat],76.089878342399
77,Qwen1.5-1.8B [Base (no official chat academic scores)],100.36992911710428
77,Qwen1.5-1.8B-Chat [Instruct/chat],91.37640808823403
77,Qwen1.5-14B [Base (no official chat academic scores)],109.74175543862114
77,Qwen1.5-14B-Chat [Instruct/chat],111.13254777042603
77,Qwen1.5-32B [Base (no official chat academic scores)],113.14963990612185
77,Qwen1.5-32B-Chat [Instruct/chat],115.01760776744804
77,Qwen1.5-4B [Base (no official chat academic scores)],104.28163229273275
77,Qwen1.5-4B-Chat [Instruct/chat],99.47573889675704
77,Qwen1.5-7B [Base (no official chat academic scores)],109.83192634660422
77,Qwen1.5-7B-Chat [Instruct/chat],100.95774672144368
77,Qwen2-0.5B-Instruct [Instruct/chat],87.68801203451565
77,Qwen2-1.5B-Instruct [Instruct/chat],107.14732972482527
77,Qwen2-7B-Instruct [Instruct/chat],116.56461273582427
77,Qwen2.5-0.5B-Instruct [Instruct/chat],105.68896183827721
77,Qwen2.5-1.5B-Instruct [Instruct/chat],113.16625429823073
77,Qwen2.5-14B-Instruct [Instruct/chat],125.90363176563264
77,Qwen2.5-32B-Instruct [Instruct/chat],127.54863905522649
77,Qwen2.5-3B-Instruct [Instruct/chat],119.04573520865345
77,Qwen2.5-7B-Instruct [Instruct/chat],121.37833695147974
77,Qwen3-0.6B [Non-thinking mode],99.85442983951064
77,Qwen3-0.6B [Thinking mode],110.38269395038051
77,Qwen3-1.7B [Non-thinking mode],113.71206861022429
77,Qwen3-1.7B [Thinking mode],122.41312224034887
77,Qwen3-14B [Non-thinking mode],126.19863721952544
77,Qwen3-14B [Thinking mode],136.45193478680625
77,Qwen3-30B-A3B [Non-thinking mode],128.3240216020691
77,Qwen3-30B-A3B [Thinking mode],136.9193564464467
77,Qwen3-30B-A3B-Instruct-2507 [Instruct (non-thinking)],137.90949636357473
77,Qwen3-30B-A3B-Thinking-2507 [Thinking],140.40227497623732
77,Qwen3-32B [Non-thinking mode],123.99873767319859
77,Qwen3-32B [Thinking mode],138.21587732453773
77,Qwen3-4B [Non-thinking mode],121.39113836100296
77,Qwen3-4B [Thinking mode],134.02084759108396
77,Qwen3-4B-Instruct-2507 [Instruct (non-thinking)],129.64262792313843
77,Qwen3-4B-Thinking-2507 [Thinking],133.04772816766555
77,Qwen3-8B [Non-thinking mode],124.18627019360399
77,Qwen3-8B [Thinking mode],134.9525668695077
77,Qwen3.5-0.8B [Non-thinking rows],100.83040181948915
77,Qwen3.5-0.8B [Thinking (default)],108.43577857174944
77,Qwen3.5-27B [Thinking (default)],146.44577938103086
77,Qwen3.5-2B [Non-thinking rows],118.74234531723448
77,Qwen3.5-2B [Thinking (default)],127.5032189950466
77,Qwen3.5-35B-A3B [Thinking (default)],144.54561191622926
77,Qwen3.5-4B [Thinking (default)],139.76375900009296
77,Qwen3.5-9B [Thinking (default)],142.2366458532099
77,Qwen3.6-27B [Thinking (default)],148.3801699946415
77,Qwen3.6-35B-A3B [Thinking (default)],143.43085208288642
77,SmolLM-1.7B [Pretrained (PT)],69.19477851424153
77,SmolLM-1.7B-Instruct [Instruct/chat],88.31561037694723
77,SmolLM-135M [Pretrained (PT)],86.79637013530285
77,SmolLM-135M-Instruct [Instruct/chat],83.49283720604856
77,SmolLM-360M [Pretrained (PT)],87.75587337667301
77,SmolLM-360M-Instruct [Instruct/chat],86.72373262497045
77,SmolLM2-1.7B [Pretrained (PT)],92.16451354216206
77,SmolLM2-1.7B-Instruct [Instruct/chat],99.69470455871243
77,SmolLM2-135M [Pretrained (PT)],88.41008079659926
77,SmolLM2-135M-Instruct [Instruct/chat],93.5668588744497
77,SmolLM2-360M [Pretrained (PT)],88.65382975104868
77,SmolLM2-360M-Instruct [Instruct/chat],86.8456818582564
77,phi-1 [Pretrained (PT)],87.89076528186831
77,phi-1_5 [Pretrained (PT)],85.04579567652574
77,phi-2 [Pretrained (PT)],102.22299464964127
77,phi-4 [Pretrained (PT)],117.10248215950637
78,Gemma 1.1 2B IT [Instruction-tuned (IT)],90.50856928990459
78,Gemma 1.1 7B IT [Instruction-tuned (IT)],107.52636271377717
78,Gemma 2 27B IT [Instruction-tuned (IT)],122.8897584528338
78,Gemma 2 27B [Pretrained (PT)],114.27324701739987
78,Gemma 2 2B IT [Instruction-tuned (IT)],111.42955497016152
78,Gemma 2 2B [Pretrained (PT)],96.32242395340737
78,Gemma 2 9B IT [Instruction-tuned (IT)],118.88216465886426
78,Gemma 2 9B [Pretrained (PT)],111.01744929514693
78,Gemma 2B IT [Instruction-tuned (IT)],88.82274749760013
78,Gemma 2B [Pretrained (PT)],92.25799986804259
78,Gemma 3 12B IT [Instruction-tuned (IT)],127.35882765718306
78,Gemma 3 12B [Pretrained (PT)],113.639745428518
78,Gemma 3 1B IT [Instruction-tuned (IT)],106.98897564239114
78,Gemma 3 1B [Pretrained (PT)],81.89784810144025
78,Gemma 3 27B IT [Instruction-tuned (IT)],129.19575843594808
78,Gemma 3 27B [Pretrained (PT)],117.76606344027178
78,Gemma 3 4B IT [Instruction-tuned (IT)],122.34245784242269
78,Gemma 3 4B [Pretrained (PT)],104.46103379669186
78,Gemma 3n E2B IT [Instruction-tuned (IT)],112.69088484528957
78,Gemma 3n E2B [Pretrained (PT)],101.13813497146185
78,Gemma 3n E4B IT [Instruction-tuned (IT)],118.14974700263788
78,Gemma 3n E4B [Pretrained (PT)],105.27234673432025
78,"Gemma 4 12B [IT, Thinking mode]",139.60186502159536
78,"Gemma 4 26B A4B [IT, Thinking mode]",144.02601508599253
78,"Gemma 4 31B [IT, Thinking mode]",144.7056838583864
78,"Gemma 4 E2B [IT, Thinking mode]",129.44995685592133
78,"Gemma 4 E4B [IT, Thinking mode]",133.64392611590668
78,Gemma 7B IT [Instruction-tuned (IT)],99.40756870172186
78,Gemma 7B [Pretrained (PT)],108.1768140125554
78,Llama-2-13b-chat-hf [Instruct/chat],99.69376729448027
78,Llama-2-13b-hf [Pretrained (PT)],106.16257622613401
78,Llama-2-7b-chat-hf [Instruct/chat],89.86333381565171
78,Llama-2-7b-hf [Pretrained (PT)],95.94667535279378
78,Llama-3.1-8B [Pretrained (PT)],103.4895426619087
78,Llama-3.1-8B-Instruct [Instruct/chat],108.40909613456961
78,Llama-3.2-1B [Pretrained (PT)],75.5875748670195
78,Llama-3.2-1B-Instruct [Instruct/chat],105.05623220446225
78,Llama-3.2-3B [Pretrained (PT)],81.48872977129784
78,Llama-3.2-3B-Instruct [Instruct/chat],118.03744046987977
78,Meta-Llama-3-8B [Pretrained (PT)],108.59069773811012
78,Meta-Llama-3-8B-Instruct [Instruct/chat],114.86432169049901
78,OLMo-1B-hf [Pretrained (PT)],83.97103113462455
78,OLMo-2-1124-7B-Instruct [Instruct/chat],103.76229835129877
78,OLMo-7B-Instruct-hf [Instruct/chat],97.39592904454013
78,OLMo-7B-hf [Pretrained (PT)],77.84951548792654
78,OLMoE-1B-7B-0125-Instruct [Instruct/chat],97.53882475256792
78,OLMoE-1B-7B-0924 [Pretrained (PT)],88.30028458195113
78,OLMoE-1B-7B-0924-Instruct [Instruct/chat],109.09737533153633
78,Phi-3-medium-128k-instruct [Instruct/chat],120.20597254285975
78,Phi-3-medium-4k-instruct [Instruct/chat],120.42759289150433
78,Phi-3-mini-128k-instruct [Instruct/chat],119.48266284777765
78,Phi-3-mini-4k-instruct [Instruct/chat],116.88230682013061
78,Phi-3-small-128k-instruct [Instruct/chat],119.92017608844665
78,Phi-3-small-8k-instruct [Instruct/chat],121.24577489910263
78,Phi-3.5-mini-instruct [Instruct/chat],118.54416262027057
78,Phi-4-mini-instruct [Instruct/chat],117.56899566644199
78,Qwen-1.8B-Chat [Instruct/chat],94.67228082543824
78,Qwen-14B-Chat [Instruct/chat],110.0936977017332
78,Qwen-7B-Chat [Instruct/chat],104.25550213975681
78,Qwen1.5-0.5B-Chat [Instruct/chat],71.57413774464901
78,Qwen1.5-1.8B [Base (no official chat academic scores)],99.36442699078661
78,Qwen1.5-1.8B-Chat [Instruct/chat],88.1754179094158
78,Qwen1.5-14B [Base (no official chat academic scores)],109.09777557174053
78,Qwen1.5-14B-Chat [Instruct/chat],108.69584675758779
78,Qwen1.5-32B [Base (no official chat academic scores)],114.21763391131763
78,Qwen1.5-32B-Chat [Instruct/chat],113.7725785960508
78,Qwen1.5-4B [Base (no official chat academic scores)],104.13483620706832
78,Qwen1.5-4B-Chat [Instruct/chat],99.21224035944476
78,Qwen1.5-7B [Base (no official chat academic scores)],107.74065957497439
78,Qwen1.5-7B-Chat [Instruct/chat],101.67187741044448
78,Qwen2-0.5B-Instruct [Instruct/chat],88.22764243029461
78,Qwen2-1.5B-Instruct [Instruct/chat],108.70563569534485
78,Qwen2-7B-Instruct [Instruct/chat],120.5258919019172
78,Qwen2.5-0.5B-Instruct [Instruct/chat],105.30337291407834
78,Qwen2.5-1.5B-Instruct [Instruct/chat],111.16042898883492
78,Qwen2.5-14B-Instruct [Instruct/chat],128.2342320280931
78,Qwen2.5-32B-Instruct [Instruct/chat],130.6525127622979
78,Qwen2.5-3B-Instruct [Instruct/chat],120.4657505985889
78,Qwen2.5-7B-Instruct [Instruct/chat],124.65412265696938
78,Qwen3-0.6B [Non-thinking mode],111.28819368973463
78,Qwen3-0.6B [Thinking mode],113.6051611301462
78,Qwen3-1.7B [Non-thinking mode],121.10572772654963
78,Qwen3-1.7B [Thinking mode],127.58512987261362
78,Qwen3-14B [Non-thinking mode],127.75826426317802
78,Qwen3-14B [Thinking mode],137.42600451575134
78,Qwen3-30B-A3B [Non-thinking mode],128.58677246591608
78,Qwen3-30B-A3B [Thinking mode],137.5047764883737
78,Qwen3-30B-A3B-Instruct-2507 [Instruct (non-thinking)],135.99440703830373
78,Qwen3-30B-A3B-Thinking-2507 [Thinking],141.61748334371265
78,Qwen3-32B [Non-thinking mode],130.0122074643718
78,Qwen3-32B [Thinking mode],138.16960571123144
78,Qwen3-4B [Non-thinking mode],126.64246080017165
78,Qwen3-4B [Thinking mode],134.5458133667888
78,Qwen3-4B-Instruct-2507 [Instruct (non-thinking)],132.7374369291872
78,Qwen3-4B-Thinking-2507 [Thinking],138.8571963804445
78,Qwen3-8B [Non-thinking mode],127.51277456378018
78,Qwen3-8B [Thinking mode],136.0619029278795
78,Qwen3.5-0.8B [Non-thinking rows],108.87461548241515
78,Qwen3.5-0.8B [Thinking (default)],113.61885714948716
78,Qwen3.5-27B [Thinking (default)],147.13455021040835
78,Qwen3.5-2B [Non-thinking rows],119.61570807172879
78,Qwen3.5-2B [Thinking (default)],130.29810648713723
78,Qwen3.5-35B-A3B [Thinking (default)],144.8884805550621
78,Qwen3.5-4B [Thinking (default)],140.8904012675428
78,Qwen3.5-9B [Thinking (default)],145.91157969924916
78,Qwen3.6-27B [Thinking (default)],150.41173433634998
78,Qwen3.6-35B-A3B [Thinking (default)],144.76375311118287
78,SmolLM-1.7B [Pretrained (PT)],74.21717484083851
78,SmolLM-1.7B-Instruct [Instruct/chat],82.56701546402368
78,SmolLM-135M [Pretrained (PT)],82.28101039977626
78,SmolLM-135M-Instruct [Instruct/chat],70.63113744371901
78,SmolLM-360M [Pretrained (PT)],85.53591200879292
78,SmolLM-360M-Instruct [Instruct/chat],78.09800712447475
78,SmolLM2-1.7B [Pretrained (PT)],90.64696336668636
78,SmolLM2-1.7B-Instruct [Instruct/chat],106.2275340155451
78,SmolLM2-135M [Pretrained (PT)],77.896595038858
78,SmolLM2-135M-Instruct [Instruct/chat],81.58001212002522
78,SmolLM2-360M [Pretrained (PT)],86.30922285258683
78,SmolLM2-360M-Instruct [Instruct/chat],92.22659354019015
78,phi-1 [Pretrained (PT)],78.58261164138462
78,phi-1_5 [Pretrained (PT)],92.06364825618425
78,phi-2 [Pretrained (PT)],106.64455793470461
78,phi-4 [Pretrained (PT)],130.46029282626114
79,Gemma 1.1 2B IT [Instruction-tuned (IT)],98.23054953583204
79,Gemma 1.1 7B IT [Instruction-tuned (IT)],106.17676514472454
79,Gemma 2 27B IT [Instruction-tuned (IT)],122.39259833563123
79,Gemma 2 27B [Pretrained (PT)],116.06586483777537
79,Gemma 2 2B IT [Instruction-tuned (IT)],108.52216503867837
79,Gemma 2 2B [Pretrained (PT)],97.68940061399204
79,Gemma 2 9B IT [Instruction-tuned (IT)],118.73863426511527
79,Gemma 2 9B [Pretrained (PT)],112.74625128974411
79,Gemma 2B IT [Instruction-tuned (IT)],92.37810117685392
79,Gemma 2B [Pretrained (PT)],95.76798062479679
79,Gemma 3 12B IT [Instruction-tuned (IT)],126.58708222363374
79,Gemma 3 12B [Pretrained (PT)],114.16701621296944
79,Gemma 3 1B IT [Instruction-tuned (IT)],106.50343893848773
79,Gemma 3 1B [Pretrained (PT)],83.10028533238349
79,Gemma 3 27B IT [Instruction-tuned (IT)],128.21763466554418
79,Gemma 3 27B [Pretrained (PT)],117.5793745055453
79,Gemma 3 4B IT [Instruction-tuned (IT)],120.42083445579071
79,Gemma 3 4B [Pretrained (PT)],106.1011730728106
79,Gemma 3n E2B IT [Instruction-tuned (IT)],113.60714158131361
79,Gemma 3n E2B [Pretrained (PT)],100.96314568364625
79,Gemma 3n E4B IT [Instruction-tuned (IT)],120.69462048488553
79,Gemma 3n E4B [Pretrained (PT)],108.53235438606005
79,"Gemma 4 12B [IT, Thinking mode]",139.6482132173544
79,"Gemma 4 26B A4B [IT, Thinking mode]",141.75138314213535
79,"Gemma 4 31B [IT, Thinking mode]",144.77947912799596
79,"Gemma 4 E2B [IT, Thinking mode]",129.378099452526
79,"Gemma 4 E4B [IT, Thinking mode]",133.15475335245833
79,Gemma 7B IT [Instruction-tuned (IT)],101.14679915800585
79,Gemma 7B [Pretrained (PT)],107.83093992098287
79,Llama-2-13b-chat-hf [Instruct/chat],95.62404143891732
79,Llama-2-13b-hf [Pretrained (PT)],105.18818186365098
79,Llama-2-7b-chat-hf [Instruct/chat],89.71753497504025
79,Llama-2-7b-hf [Pretrained (PT)],98.51859165081649
79,Llama-3.1-8B [Pretrained (PT)],112.20814864259557
79,Llama-3.1-8B-Instruct [Instruct/chat],113.39695885457215
79,Llama-3.2-1B [Pretrained (PT)],83.87079260068266
79,Llama-3.2-1B-Instruct [Instruct/chat],94.97955755953765
79,Llama-3.2-3B [Pretrained (PT)],89.405368450592
79,Llama-3.2-3B-Instruct [Instruct/chat],117.44619141741123
79,Meta-Llama-3-8B [Pretrained (PT)],85.47104565981192
79,Meta-Llama-3-8B-Instruct [Instruct/chat],117.27860313870437
79,OLMo-1B-hf [Pretrained (PT)],75.83531798157038
79,OLMo-2-1124-7B-Instruct [Instruct/chat],107.7796578295995
79,OLMo-7B-Instruct-hf [Instruct/chat],101.24553099814118
79,OLMo-7B-hf [Pretrained (PT)],92.61544994962479
79,OLMoE-1B-7B-0125-Instruct [Instruct/chat],96.68655041492853
79,OLMoE-1B-7B-0924 [Pretrained (PT)],93.62645792832912
79,OLMoE-1B-7B-0924-Instruct [Instruct/chat],105.42690036995108
79,Phi-3-medium-128k-instruct [Instruct/chat],119.81236387836807
79,Phi-3-medium-4k-instruct [Instruct/chat],123.29542146053743
79,Phi-3-mini-128k-instruct [Instruct/chat],118.28958588271759
79,Phi-3-mini-4k-instruct [Instruct/chat],114.19047946041468
79,Phi-3-small-128k-instruct [Instruct/chat],120.10484988125967
79,Phi-3-small-8k-instruct [Instruct/chat],120.59791455661582
79,Phi-3.5-mini-instruct [Instruct/chat],117.58801262706879
79,Phi-4-mini-instruct [Instruct/chat],117.86421712381215
79,Qwen-1.8B-Chat [Instruct/chat],100.97406350421699
79,Qwen-14B-Chat [Instruct/chat],109.32523184540587
79,Qwen-7B-Chat [Instruct/chat],106.6536656431196
79,Qwen1.5-0.5B-Chat [Instruct/chat],79.73368352941901
79,Qwen1.5-1.8B [Base (no official chat academic scores)],103.77696612646066
79,Qwen1.5-1.8B-Chat [Instruct/chat],89.48430260098371
79,Qwen1.5-14B [Base (no official chat academic scores)],112.19159168699287
79,Qwen1.5-14B-Chat [Instruct/chat],103.94782058684181
79,Qwen1.5-32B [Base (no official chat academic scores)],112.356650567645
79,Qwen1.5-32B-Chat [Instruct/chat],114.7137797966954
79,Qwen1.5-4B [Base (no official chat academic scores)],107.20751088634091
79,Qwen1.5-4B-Chat [Instruct/chat],100.09435706487514
79,Qwen1.5-7B [Base (no official chat academic scores)],108.67501007824332
79,Qwen1.5-7B-Chat [Instruct/chat],100.77274976167986
79,Qwen2-0.5B-Instruct [Instruct/chat],101.33359783942909
79,Qwen2-1.5B-Instruct [Instruct/chat],107.73987483309183
79,Qwen2-7B-Instruct [Instruct/chat],118.16371143707121
79,Qwen2.5-0.5B-Instruct [Instruct/chat],110.22921532788573
79,Qwen2.5-1.5B-Instruct [Instruct/chat],116.12827000054423
79,Qwen2.5-14B-Instruct [Instruct/chat],125.72959499758134
79,Qwen2.5-32B-Instruct [Instruct/chat],128.40537034676242
79,Qwen2.5-3B-Instruct [Instruct/chat],119.1656714491898
79,Qwen2.5-7B-Instruct [Instruct/chat],123.19750437103157
79,Qwen3-0.6B [Non-thinking mode],106.73920229506999
79,Qwen3-0.6B [Thinking mode],112.37995458426475
79,Qwen3-1.7B [Non-thinking mode],117.5519089142766
79,Qwen3-1.7B [Thinking mode],125.76135680483112
79,Qwen3-14B [Non-thinking mode],129.09274230830388
79,Qwen3-14B [Thinking mode],136.75898274933724
79,Qwen3-30B-A3B [Non-thinking mode],128.7428548861412
79,Qwen3-30B-A3B [Thinking mode],137.3421699100124
79,Qwen3-30B-A3B-Instruct-2507 [Instruct (non-thinking)],135.2839460283103
79,Qwen3-30B-A3B-Thinking-2507 [Thinking],140.86391761563075
79,Qwen3-32B [Non-thinking mode],130.56764806860352
79,Qwen3-32B [Thinking mode],137.99389955333453
79,Qwen3-4B [Non-thinking mode],125.16608669469421
79,Qwen3-4B [Thinking mode],134.30441185845936
79,Qwen3-4B-Instruct-2507 [Instruct (non-thinking)],131.57498905454986
79,Qwen3-4B-Thinking-2507 [Thinking],138.05428334803688
79,Qwen3-8B [Non-thinking mode],127.27276207814022
79,Qwen3-8B [Thinking mode],135.66485963701774
79,Qwen3.5-0.8B [Non-thinking rows],99.52898869260929
79,Qwen3.5-0.8B [Thinking (default)],111.54243770750236
79,Qwen3.5-27B [Thinking (default)],147.80478703473764
79,Qwen3.5-2B [Non-thinking rows],116.14359006114493
79,Qwen3.5-2B [Thinking (default)],129.91716399898644
79,Qwen3.5-35B-A3B [Thinking (default)],146.13123765044446
79,Qwen3.5-4B [Thinking (default)],141.7204158142974
79,Qwen3.5-9B [Thinking (default)],144.01159641364396
79,Qwen3.6-27B [Thinking (default)],148.56605200067136
79,Qwen3.6-35B-A3B [Thinking (default)],146.17813067673598
79,SmolLM-1.7B [Pretrained (PT)],91.34675238059089
79,SmolLM-1.7B-Instruct [Instruct/chat],91.745426747588
79,SmolLM-135M [Pretrained (PT)],89.40428325463037
79,SmolLM-135M-Instruct [Instruct/chat],81.71725822781042
79,SmolLM-360M [Pretrained (PT)],91.05208329406759
79,SmolLM-360M-Instruct [Instruct/chat],80.34163881420336
79,SmolLM2-1.7B [Pretrained (PT)],95.02886630463112
79,SmolLM2-1.7B-Instruct [Instruct/chat],111.68208101421797
79,SmolLM2-135M [Pretrained (PT)],87.76032632335315
79,SmolLM2-135M-Instruct [Instruct/chat],93.26434902930546
79,SmolLM2-360M [Pretrained (PT)],90.10960727846053
79,SmolLM2-360M-Instruct [Instruct/chat],73.48907360385735
79,phi-1 [Pretrained (PT)],89.10790543411446
79,phi-1_5 [Pretrained (PT)],92.16938007181729
79,phi-2 [Pretrained (PT)],108.49188256646703
79,phi-4 [Pretrained (PT)],89.65757409833799
80,Gemma 1.1 2B IT [Instruction-tuned (IT)],101.93337711609347
80,Gemma 1.1 7B IT [Instruction-tuned (IT)],105.38747164622217
80,Gemma 2 27B IT [Instruction-tuned (IT)],122.87714652862513
80,Gemma 2 27B [Pretrained (PT)],115.58882426252771
80,Gemma 2 2B IT [Instruction-tuned (IT)],106.21233133174735
80,Gemma 2 2B [Pretrained (PT)],99.10650633067475
80,Gemma 2 9B IT [Instruction-tuned (IT)],119.58769608844696
80,Gemma 2 9B [Pretrained (PT)],113.50708384400171
80,Gemma 2B IT [Instruction-tuned (IT)],89.97719068309999
80,Gemma 2B [Pretrained (PT)],96.2676561033416
80,Gemma 3 12B IT [Instruction-tuned (IT)],127.99803097947938
80,Gemma 3 12B [Pretrained (PT)],117.05426520534117
80,Gemma 3 1B IT [Instruction-tuned (IT)],109.5287191938387
80,Gemma 3 1B [Pretrained (PT)],78.90341147058902
80,Gemma 3 27B IT [Instruction-tuned (IT)],131.05790555373488
80,Gemma 3 27B [Pretrained (PT)],119.15192102466706
80,Gemma 3 4B IT [Instruction-tuned (IT)],120.64609994951527
80,Gemma 3 4B [Pretrained (PT)],105.03115459864702
80,Gemma 3n E2B IT [Instruction-tuned (IT)],115.37651812190606
80,Gemma 3n E2B [Pretrained (PT)],101.18347027656976
80,Gemma 3n E4B IT [Instruction-tuned (IT)],117.88205346108715
80,Gemma 3n E4B [Pretrained (PT)],107.55988092066731
80,"Gemma 4 12B [IT, Thinking mode]",141.36875209146316
80,"Gemma 4 26B A4B [IT, Thinking mode]",142.1412066936064
80,"Gemma 4 31B [IT, Thinking mode]",143.68870137566768
80,"Gemma 4 E2B [IT, Thinking mode]",131.15026155431372
80,"Gemma 4 E4B [IT, Thinking mode]",134.07444074997142
80,Gemma 7B IT [Instruction-tuned (IT)],100.70939753481733
80,Gemma 7B [Pretrained (PT)],111.11736929977347
80,Llama-2-13b-chat-hf [Instruct/chat],104.81748345378102
80,Llama-2-13b-hf [Pretrained (PT)],105.69618219969985
80,Llama-2-7b-chat-hf [Instruct/chat],86.8221015428843
80,Llama-2-7b-hf [Pretrained (PT)],100.83881277125727
80,Llama-3.1-8B [Pretrained (PT)],103.23415054966947
80,Llama-3.1-8B-Instruct [Instruct/chat],114.99441033427622
80,Llama-3.2-1B [Pretrained (PT)],87.03727433797725
80,Llama-3.2-1B-Instruct [Instruct/chat],95.56475771007946
80,Llama-3.2-3B [Pretrained (PT)],106.10742875741718
80,Llama-3.2-3B-Instruct [Instruct/chat],120.52349910580566
80,Meta-Llama-3-8B [Pretrained (PT)],113.06807505661239
80,Meta-Llama-3-8B-Instruct [Instruct/chat],116.81067128274793
80,OLMo-1B-hf [Pretrained (PT)],94.22770577505852
80,OLMo-2-1124-7B-Instruct [Instruct/chat],109.72926038743933
80,OLMo-7B-Instruct-hf [Instruct/chat],103.48732402678877
80,OLMo-7B-hf [Pretrained (PT)],95.63679894530905
80,OLMoE-1B-7B-0125-Instruct [Instruct/chat],100.44890179928892
80,OLMoE-1B-7B-0924 [Pretrained (PT)],94.73392065473536
80,OLMoE-1B-7B-0924-Instruct [Instruct/chat],105.47707426327581
80,Phi-3-medium-128k-instruct [Instruct/chat],120.7475139275553
80,Phi-3-medium-4k-instruct [Instruct/chat],120.83025791866051
80,Phi-3-mini-128k-instruct [Instruct/chat],118.7904292231433
80,Phi-3-mini-4k-instruct [Instruct/chat],116.7466789986745
80,Phi-3-small-128k-instruct [Instruct/chat],121.6929609496805
80,Phi-3-small-8k-instruct [Instruct/chat],121.64760604394426
80,Phi-3.5-mini-instruct [Instruct/chat],120.57323029343692
80,Phi-4-mini-instruct [Instruct/chat],120.87048725750057
80,Qwen-1.8B-Chat [Instruct/chat],100.29475752323077
80,Qwen-14B-Chat [Instruct/chat],110.44933404815232
80,Qwen-7B-Chat [Instruct/chat],106.56026831265967
80,Qwen1.5-0.5B-Chat [Instruct/chat],52.8709015023733
80,Qwen1.5-1.8B [Base (no official chat academic scores)],101.06705476630498
80,Qwen1.5-1.8B-Chat [Instruct/chat],89.4084183226111
80,Qwen1.5-14B [Base (no official chat academic scores)],112.37537297116386
80,Qwen1.5-14B-Chat [Instruct/chat],108.66195183460944
80,Qwen1.5-32B [Base (no official chat academic scores)],115.64908350324967
80,Qwen1.5-32B-Chat [Instruct/chat],117.4655461135737
80,Qwen1.5-4B [Base (no official chat academic scores)],107.63173579011851
80,Qwen1.5-4B-Chat [Instruct/chat],96.09423074575643
80,Qwen1.5-7B [Base (no official chat academic scores)],108.08874181640337
80,Qwen1.5-7B-Chat [Instruct/chat],99.849422994584
80,Qwen2-0.5B-Instruct [Instruct/chat],98.68077080544208
80,Qwen2-1.5B-Instruct [Instruct/chat],109.22086405976422
80,Qwen2-7B-Instruct [Instruct/chat],119.08992926323039
80,Qwen2.5-0.5B-Instruct [Instruct/chat],108.63358321683079
80,Qwen2.5-1.5B-Instruct [Instruct/chat],115.22254563959571
80,Qwen2.5-14B-Instruct [Instruct/chat],128.33183068321648
80,Qwen2.5-32B-Instruct [Instruct/chat],130.73426178481918
80,Qwen2.5-3B-Instruct [Instruct/chat],121.39181306869477
80,Qwen2.5-7B-Instruct [Instruct/chat],125.15450048130272
80,Qwen3-0.6B [Non-thinking mode],110.20591546155244
80,Qwen3-0.6B [Thinking mode],114.50491612919612
80,Qwen3-1.7B [Non-thinking mode],119.86097613927515
80,Qwen3-1.7B [Thinking mode],126.10384302831409
80,Qwen3-14B [Non-thinking mode],129.3956968076362
80,Qwen3-14B [Thinking mode],137.8159260728564
80,Qwen3-30B-A3B [Non-thinking mode],129.00953646705398
80,Qwen3-30B-A3B [Thinking mode],138.13645541755542
80,Qwen3-30B-A3B-Instruct-2507 [Instruct (non-thinking)],136.38984886879007
80,Qwen3-30B-A3B-Thinking-2507 [Thinking],141.33841857366468
80,Qwen3-32B [Non-thinking mode],131.5936145185007
80,Qwen3-32B [Thinking mode],138.8742275081823
80,Qwen3-4B [Non-thinking mode],125.98170925346226
80,Qwen3-4B [Thinking mode],134.52594751604235
80,Qwen3-4B-Instruct-2507 [Instruct (non-thinking)],132.77574711457595
80,Qwen3-4B-Thinking-2507 [Thinking],137.35894897161842
80,Qwen3-8B [Non-thinking mode],127.88460174527376
80,Qwen3-8B [Thinking mode],136.86024397388513
80,Qwen3.5-0.8B [Non-thinking rows],104.48669885175231
80,Qwen3.5-0.8B [Thinking (default)],114.02326630672562
80,Qwen3.5-27B [Thinking (default)],147.56666533586187
80,Qwen3.5-2B [Non-thinking rows],123.54590464270316
80,Qwen3.5-2B [Thinking (default)],130.5730303838598
80,Qwen3.5-35B-A3B [Thinking (default)],143.510638273969
80,Qwen3.5-4B [Thinking (default)],140.8649528574592
80,Qwen3.5-9B [Thinking (default)],143.86857811982227
80,Qwen3.6-27B [Thinking (default)],147.84633947203238
80,Qwen3.6-35B-A3B [Thinking (default)],145.200203743919
80,SmolLM-1.7B [Pretrained (PT)],93.85346529177279
80,SmolLM-1.7B-Instruct [Instruct/chat],76.28261329365782
80,SmolLM-135M [Pretrained (PT)],80.49243550103014
80,SmolLM-135M-Instruct [Instruct/chat],86.34574178508092
80,SmolLM-360M [Pretrained (PT)],92.27091485718185
80,SmolLM-360M-Instruct [Instruct/chat],92.03896938662815
80,SmolLM2-1.7B [Pretrained (PT)],97.67179653649127
80,SmolLM2-1.7B-Instruct [Instruct/chat],114.80855090515443
80,SmolLM2-135M [Pretrained (PT)],84.57368867065885
80,SmolLM2-135M-Instruct [Instruct/chat],78.24578777491529
80,SmolLM2-360M [Pretrained (PT)],94.72163206921178
80,SmolLM2-360M-Instruct [Instruct/chat],106.00822738316701
80,phi-1 [Pretrained (PT)],92.13256654725208
80,phi-1_5 [Pretrained (PT)],91.52572790337992
80,phi-2 [Pretrained (PT)],106.64079656715484
80,phi-4 [Pretrained (PT)],130.45550046897483
81,Gemma 1.1 2B IT [Instruction-tuned (IT)],97.80822452068176
81,Gemma 1.1 7B IT [Instruction-tuned (IT)],105.82388191327959
81,Gemma 2 27B IT [Instruction-tuned (IT)],123.95179545280696
81,Gemma 2 27B [Pretrained (PT)],114.74181578868149
81,Gemma 2 2B IT [Instruction-tuned (IT)],112.61984367715601
81,Gemma 2 2B [Pretrained (PT)],99.02997212253015
81,Gemma 2 9B IT [Instruction-tuned (IT)],118.54535022858794
81,Gemma 2 9B [Pretrained (PT)],111.26145889002198
81,Gemma 2B IT [Instruction-tuned (IT)],89.15798111207677
81,Gemma 2B [Pretrained (PT)],95.74463170472526
81,Gemma 3 12B IT [Instruction-tuned (IT)],126.20964415554833
81,Gemma 3 12B [Pretrained (PT)],114.09725162550673
81,Gemma 3 1B IT [Instruction-tuned (IT)],108.06472172538494
81,Gemma 3 1B [Pretrained (PT)],87.34921490807623
81,Gemma 3 27B IT [Instruction-tuned (IT)],128.21544446282866
81,Gemma 3 27B [Pretrained (PT)],117.32686095854456
81,Gemma 3 4B IT [Instruction-tuned (IT)],120.04089244029817
81,Gemma 3 4B [Pretrained (PT)],105.24946745521197
81,Gemma 3n E2B IT [Instruction-tuned (IT)],115.35489329349747
81,Gemma 3n E2B [Pretrained (PT)],100.31330750298419
81,Gemma 3n E4B IT [Instruction-tuned (IT)],123.59639305774516
81,Gemma 3n E4B [Pretrained (PT)],106.40740345547495
81,"Gemma 4 12B [IT, Thinking mode]",141.87098554920527
81,"Gemma 4 26B A4B [IT, Thinking mode]",145.2377225018123
81,"Gemma 4 31B [IT, Thinking mode]",146.54243070433648
81,"Gemma 4 E2B [IT, Thinking mode]",128.43712051530633
81,"Gemma 4 E4B [IT, Thinking mode]",134.05345313359743
81,Gemma 7B IT [Instruction-tuned (IT)],100.25110375893912
81,Gemma 7B [Pretrained (PT)],107.77956330044013
81,Llama-2-13b-chat-hf [Instruct/chat],103.08488871007691
81,Llama-2-13b-hf [Pretrained (PT)],104.10787750085828
81,Llama-2-7b-chat-hf [Instruct/chat],102.04909515814313
81,Llama-2-7b-hf [Pretrained (PT)],98.65787294673041
81,Llama-3.1-8B [Pretrained (PT)],113.20367996830211
81,Llama-3.1-8B-Instruct [Instruct/chat],115.97617224885069
81,Llama-3.2-1B [Pretrained (PT)],86.31209968178449
81,Llama-3.2-1B-Instruct [Instruct/chat],96.41689025070664
81,Llama-3.2-3B [Pretrained (PT)],96.29590648760573
81,Llama-3.2-3B-Instruct [Instruct/chat],118.94279734452397
81,Meta-Llama-3-8B [Pretrained (PT)],96.2787007488643
81,Meta-Llama-3-8B-Instruct [Instruct/chat],117.93808875438084
81,OLMo-1B-hf [Pretrained (PT)],91.24465706995201
81,OLMo-2-1124-7B-Instruct [Instruct/chat],107.94761838543846
81,OLMo-7B-Instruct-hf [Instruct/chat],103.36025264971664
81,OLMo-7B-hf [Pretrained (PT)],86.94700702226217
81,OLMoE-1B-7B-0125-Instruct [Instruct/chat],109.25588087435129
81,OLMoE-1B-7B-0924 [Pretrained (PT)],95.69097680147871
81,OLMoE-1B-7B-0924-Instruct [Instruct/chat],108.91076100057961
81,Phi-3-medium-128k-instruct [Instruct/chat],122.55464954575444
81,Phi-3-medium-4k-instruct [Instruct/chat],123.18121120633458
81,Phi-3-mini-128k-instruct [Instruct/chat],116.55854303007165
81,Phi-3-mini-4k-instruct [Instruct/chat],117.17058674845097
81,Phi-3-small-128k-instruct [Instruct/chat],122.50972335969843
81,Phi-3-small-8k-instruct [Instruct/chat],120.59074831617579
81,Phi-3.5-mini-instruct [Instruct/chat],118.78990224708869
81,Phi-4-mini-instruct [Instruct/chat],119.20714264763517
81,Qwen-1.8B-Chat [Instruct/chat],98.88636015340235
81,Qwen-14B-Chat [Instruct/chat],108.69922156296957
81,Qwen-7B-Chat [Instruct/chat],105.27352594462042
81,Qwen1.5-0.5B-Chat [Instruct/chat],66.96726504988736
81,Qwen1.5-1.8B [Base (no official chat academic scores)],101.38907328426691
81,Qwen1.5-1.8B-Chat [Instruct/chat],91.42002820517946
81,Qwen1.5-14B [Base (no official chat academic scores)],113.1013870211294
81,Qwen1.5-14B-Chat [Instruct/chat],113.34573429578865
81,Qwen1.5-32B [Base (no official chat academic scores)],117.31611822324645
81,Qwen1.5-32B-Chat [Instruct/chat],117.28869262255941
81,Qwen1.5-4B [Base (no official chat academic scores)],105.7223569412953
81,Qwen1.5-4B-Chat [Instruct/chat],100.49723277881478
81,Qwen1.5-7B [Base (no official chat academic scores)],107.7121442674149
81,Qwen1.5-7B-Chat [Instruct/chat],100.13069767920875
81,Qwen2-0.5B-Instruct [Instruct/chat],93.0654119163173
81,Qwen2-1.5B-Instruct [Instruct/chat],107.81677275698912
81,Qwen2-7B-Instruct [Instruct/chat],119.12916303160543
81,Qwen2.5-0.5B-Instruct [Instruct/chat],107.03037826647929
81,Qwen2.5-1.5B-Instruct [Instruct/chat],111.1154397851058
81,Qwen2.5-14B-Instruct [Instruct/chat],127.33096039523683
81,Qwen2.5-32B-Instruct [Instruct/chat],129.4815333353748
81,Qwen2.5-3B-Instruct [Instruct/chat],120.90415288446152
81,Qwen2.5-7B-Instruct [Instruct/chat],123.00294890614578
81,Qwen3-0.6B [Non-thinking mode],108.96019395099505
81,Qwen3-0.6B [Thinking mode],109.99781654297138
81,Qwen3-1.7B [Non-thinking mode],117.04581820715964
81,Qwen3-1.7B [Thinking mode],127.87936033515318
81,Qwen3-14B [Non-thinking mode],129.38702311242795
81,Qwen3-14B [Thinking mode],137.45392933813795
81,Qwen3-30B-A3B [Non-thinking mode],129.64959754115057
81,Qwen3-30B-A3B [Thinking mode],137.49969545022591
81,Qwen3-30B-A3B-Instruct-2507 [Instruct (non-thinking)],137.97315459009042
81,Qwen3-30B-A3B-Thinking-2507 [Thinking],141.544718551374
81,Qwen3-32B [Non-thinking mode],128.97510346088447
81,Qwen3-32B [Thinking mode],139.35534533457667
81,Qwen3-4B [Non-thinking mode],126.00539256633546
81,Qwen3-4B [Thinking mode],135.51227174726648
81,Qwen3-4B-Instruct-2507 [Instruct (non-thinking)],133.29027518631077
81,Qwen3-4B-Thinking-2507 [Thinking],138.0322157467018
81,Qwen3-8B [Non-thinking mode],128.16414368011675
81,Qwen3-8B [Thinking mode],136.8495399996869
81,Qwen3.5-0.8B [Non-thinking rows],112.9677345650723
81,Qwen3.5-0.8B [Thinking (default)],115.28081007050739
81,Qwen3.5-27B [Thinking (default)],146.79859514771883
81,Qwen3.5-2B [Non-thinking rows],118.32971169659714
81,Qwen3.5-2B [Thinking (default)],130.5955653412252
81,Qwen3.5-35B-A3B [Thinking (default)],143.83291829306313
81,Qwen3.5-4B [Thinking (default)],141.2958772407867
81,Qwen3.5-9B [Thinking (default)],145.49602911650382
81,Qwen3.6-27B [Thinking (default)],149.96701785459183
81,Qwen3.6-35B-A3B [Thinking (default)],146.25547014210366
81,SmolLM-1.7B [Pretrained (PT)],81.64788432463028
81,SmolLM-1.7B-Instruct [Instruct/chat],90.96581667812032
81,SmolLM-135M [Pretrained (PT)],90.79116749882421
81,SmolLM-135M-Instruct [Instruct/chat],83.27083495793732
81,SmolLM-360M [Pretrained (PT)],92.20892446531983
81,SmolLM-360M-Instruct [Instruct/chat],80.5985301854476
81,SmolLM2-1.7B [Pretrained (PT)],97.26191789945946
81,SmolLM2-1.7B-Instruct [Instruct/chat],106.08558235189156
81,SmolLM2-135M [Pretrained (PT)],90.4632568630231
81,SmolLM2-135M-Instruct [Instruct/chat],96.12585188106495
81,SmolLM2-360M [Pretrained (PT)],93.28809299540322
81,SmolLM2-360M-Instruct [Instruct/chat],99.22453028927089
81,phi-1 [Pretrained (PT)],92.47914041056728
81,phi-1_5 [Pretrained (PT)],94.32520753303154
81,phi-2 [Pretrained (PT)],100.37917172343754
81,phi-4 [Pretrained (PT)],123.4307615681965
82,Gemma 1.1 2B IT [Instruction-tuned (IT)],89.74870627025685
82,Gemma 1.1 7B IT [Instruction-tuned (IT)],106.89205483756515
82,Gemma 2 27B IT [Instruction-tuned (IT)],125.70734122456051
82,Gemma 2 27B [Pretrained (PT)],117.12111274726476
82,Gemma 2 2B IT [Instruction-tuned (IT)],113.97627237361345
82,Gemma 2 2B [Pretrained (PT)],99.85513974354554
82,Gemma 2 9B IT [Instruction-tuned (IT)],119.58262426937583
82,Gemma 2 9B [Pretrained (PT)],110.29266649796048
82,Gemma 2B IT [Instruction-tuned (IT)],92.20592770197126
82,Gemma 2B [Pretrained (PT)],96.10568264265197
82,Gemma 3 12B IT [Instruction-tuned (IT)],126.24987552277481
82,Gemma 3 12B [Pretrained (PT)],117.11208442330219
82,Gemma 3 1B IT [Instruction-tuned (IT)],105.59090808320411
82,Gemma 3 1B [Pretrained (PT)],82.72158834935054
82,Gemma 3 27B IT [Instruction-tuned (IT)],129.09411753454833
82,Gemma 3 27B [Pretrained (PT)],118.44116736827331
82,Gemma 3 4B IT [Instruction-tuned (IT)],119.44046827652926
82,Gemma 3 4B [Pretrained (PT)],105.78607871997221
82,Gemma 3n E2B IT [Instruction-tuned (IT)],116.85770592162899
82,Gemma 3n E2B [Pretrained (PT)],101.1714321086522
82,Gemma 3n E4B IT [Instruction-tuned (IT)],118.67643477464432
82,Gemma 3n E4B [Pretrained (PT)],109.41361646105818
82,"Gemma 4 12B [IT, Thinking mode]",141.50595505502116
82,"Gemma 4 26B A4B [IT, Thinking mode]",144.18651322554166
82,"Gemma 4 31B [IT, Thinking mode]",144.64806516037487
82,"Gemma 4 E2B [IT, Thinking mode]",129.69220412587975
82,"Gemma 4 E4B [IT, Thinking mode]",132.99531543191088
82,Gemma 7B IT [Instruction-tuned (IT)],101.29695521866768
82,Gemma 7B [Pretrained (PT)],109.80349191683939
82,Llama-2-13b-chat-hf [Instruct/chat],99.19746596812126
82,Llama-2-13b-hf [Pretrained (PT)],108.22743649071606
82,Llama-2-7b-chat-hf [Instruct/chat],99.88502055725067
82,Llama-2-7b-hf [Pretrained (PT)],101.30853383320262
82,Llama-3.1-8B [Pretrained (PT)],113.70627974907721
82,Llama-3.1-8B-Instruct [Instruct/chat],117.19223849375234
82,Llama-3.2-1B [Pretrained (PT)],83.66154460448713
82,Llama-3.2-1B-Instruct [Instruct/chat],96.31598022152566
82,Llama-3.2-3B [Pretrained (PT)],77.93088313830359
82,Llama-3.2-3B-Instruct [Instruct/chat],114.8389581863991
82,Meta-Llama-3-8B [Pretrained (PT)],85.52999386693986
82,Meta-Llama-3-8B-Instruct [Instruct/chat],121.51364878145803
82,OLMo-1B-hf [Pretrained (PT)],86.991100543908
82,OLMo-2-1124-7B-Instruct [Instruct/chat],112.5558890981311
82,OLMo-7B-Instruct-hf [Instruct/chat],99.34974946685729
82,OLMo-7B-hf [Pretrained (PT)],92.89726114937963
82,OLMoE-1B-7B-0125-Instruct [Instruct/chat],100.23071778198046
82,OLMoE-1B-7B-0924 [Pretrained (PT)],96.15842823995091
82,OLMoE-1B-7B-0924-Instruct [Instruct/chat],105.21075630211445
82,Phi-3-medium-128k-instruct [Instruct/chat],125.2752594825241
82,Phi-3-medium-4k-instruct [Instruct/chat],121.8351601903753
82,Phi-3-mini-128k-instruct [Instruct/chat],117.58935539505694
82,Phi-3-mini-4k-instruct [Instruct/chat],117.84490255099234
82,Phi-3-small-128k-instruct [Instruct/chat],124.78526886053099
82,Phi-3-small-8k-instruct [Instruct/chat],124.37788656776252
82,Phi-3.5-mini-instruct [Instruct/chat],119.57565928934689
82,Phi-4-mini-instruct [Instruct/chat],120.15011564050302
82,Qwen-1.8B-Chat [Instruct/chat],98.74208790825433
82,Qwen-14B-Chat [Instruct/chat],109.3813812671557
82,Qwen-7B-Chat [Instruct/chat],106.79983827151928
82,Qwen1.5-0.5B-Chat [Instruct/chat],66.25531492832275
82,Qwen1.5-1.8B [Base (no official chat academic scores)],102.65131626276913
82,Qwen1.5-1.8B-Chat [Instruct/chat],92.34108066020005
82,Qwen1.5-14B [Base (no official chat academic scores)],112.70663149659866
82,Qwen1.5-14B-Chat [Instruct/chat],111.50439007915847
82,Qwen1.5-32B [Base (no official chat academic scores)],115.22367652763596
82,Qwen1.5-32B-Chat [Instruct/chat],117.52312678157261
82,Qwen1.5-4B [Base (no official chat academic scores)],105.05289068668824
82,Qwen1.5-4B-Chat [Instruct/chat],102.48434868423757
82,Qwen1.5-7B [Base (no official chat academic scores)],109.58679943822412
82,Qwen1.5-7B-Chat [Instruct/chat],107.07541151278815
82,Qwen2-0.5B-Instruct [Instruct/chat],88.44576590210667
82,Qwen2-1.5B-Instruct [Instruct/chat],98.13141673207251
82,Qwen2-7B-Instruct [Instruct/chat],119.520915227356
82,Qwen2.5-0.5B-Instruct [Instruct/chat],107.18714715904694
82,Qwen2.5-1.5B-Instruct [Instruct/chat],116.43153499485653
82,Qwen2.5-14B-Instruct [Instruct/chat],128.04935375150004
82,Qwen2.5-32B-Instruct [Instruct/chat],129.11395785850232
82,Qwen2.5-3B-Instruct [Instruct/chat],120.13732302919797
82,Qwen2.5-7B-Instruct [Instruct/chat],124.38087363893617
82,Qwen3-0.6B [Non-thinking mode],106.4108363429474
82,Qwen3-0.6B [Thinking mode],112.18571014482868
82,Qwen3-1.7B [Non-thinking mode],118.41461319245433
82,Qwen3-1.7B [Thinking mode],125.57220574056798
82,Qwen3-14B [Non-thinking mode],129.9313197404599
82,Qwen3-14B [Thinking mode],137.10661822958792
82,Qwen3-30B-A3B [Non-thinking mode],129.0492782006632
82,Qwen3-30B-A3B [Thinking mode],137.1282500943453
82,Qwen3-30B-A3B-Instruct-2507 [Instruct (non-thinking)],138.83648478405692
82,Qwen3-30B-A3B-Thinking-2507 [Thinking],139.33066229076198
82,Qwen3-32B [Non-thinking mode],129.68238083466852
82,Qwen3-32B [Thinking mode],138.17410159659144
82,Qwen3-4B [Non-thinking mode],125.53135172976711
82,Qwen3-4B [Thinking mode],134.54395451335898
82,Qwen3-4B-Instruct-2507 [Instruct (non-thinking)],132.38133306821157
82,Qwen3-4B-Thinking-2507 [Thinking],136.95938877753628
82,Qwen3-8B [Non-thinking mode],127.50477238294599
82,Qwen3-8B [Thinking mode],135.9184652070921
82,Qwen3.5-0.8B [Non-thinking rows],100.46235813878206
82,Qwen3.5-0.8B [Thinking (default)],112.29578371410119
82,Qwen3.5-27B [Thinking (default)],146.43920789252138
82,Qwen3.5-2B [Non-thinking rows],121.13875278735797
82,Qwen3.5-2B [Thinking (default)],130.4896007029401
82,Qwen3.5-35B-A3B [Thinking (default)],144.13597301720742
82,Qwen3.5-4B [Thinking (default)],140.94824737750656
82,Qwen3.5-9B [Thinking (default)],144.24764128812058
82,Qwen3.6-27B [Thinking (default)],147.77938539172632
82,Qwen3.6-35B-A3B [Thinking (default)],145.92481035471553
82,SmolLM-1.7B [Pretrained (PT)],90.01319809855977
82,SmolLM-1.7B-Instruct [Instruct/chat],71.60521545843551
82,SmolLM-135M [Pretrained (PT)],85.17748714763515
82,SmolLM-135M-Instruct [Instruct/chat],76.11868167324207
82,SmolLM-360M [Pretrained (PT)],86.25087788819334
82,SmolLM-360M-Instruct [Instruct/chat],78.18096433393814
82,SmolLM2-1.7B [Pretrained (PT)],93.45527254374093
82,SmolLM2-1.7B-Instruct [Instruct/chat],107.74175387039487
82,SmolLM2-135M [Pretrained (PT)],84.34375766597984
82,SmolLM2-135M-Instruct [Instruct/chat],94.65475832128529
82,SmolLM2-360M [Pretrained (PT)],88.20546011745711
82,SmolLM2-360M-Instruct [Instruct/chat],97.07883035532356
82,phi-1 [Pretrained (PT)],81.32721716929618
82,phi-1_5 [Pretrained (PT)],91.54437933003351
82,phi-2 [Pretrained (PT)],110.18902698024529
82,phi-4 [Pretrained (PT)],129.41601942785118
83,Gemma 1.1 2B IT [Instruction-tuned (IT)],100.34397119015163
83,Gemma 1.1 7B IT [Instruction-tuned (IT)],107.49932551205299
83,Gemma 2 27B IT [Instruction-tuned (IT)],122.8765546287041
83,Gemma 2 27B [Pretrained (PT)],113.62838574780845
83,Gemma 2 2B IT [Instruction-tuned (IT)],116.31336137803777
83,Gemma 2 2B [Pretrained (PT)],100.0536413072646
83,Gemma 2 9B IT [Instruction-tuned (IT)],122.31295615979174
83,Gemma 2 9B [Pretrained (PT)],110.8635491123419
83,Gemma 2B IT [Instruction-tuned (IT)],93.32063942390633
83,Gemma 2B [Pretrained (PT)],96.61047722793516
83,Gemma 3 12B IT [Instruction-tuned (IT)],128.08830267909406
83,Gemma 3 12B [Pretrained (PT)],113.18144055994892
83,Gemma 3 1B IT [Instruction-tuned (IT)],106.31700807713143
83,Gemma 3 1B [Pretrained (PT)],82.73825838754651
83,Gemma 3 27B IT [Instruction-tuned (IT)],131.3022631963932
83,Gemma 3 27B [Pretrained (PT)],117.05403224974263
83,Gemma 3 4B IT [Instruction-tuned (IT)],121.38081297310939
83,Gemma 3 4B [Pretrained (PT)],104.75410433130429
83,Gemma 3n E2B IT [Instruction-tuned (IT)],118.89954624903385
83,Gemma 3n E2B [Pretrained (PT)],99.5822149846897
83,Gemma 3n E4B IT [Instruction-tuned (IT)],121.24125542292592
83,Gemma 3n E4B [Pretrained (PT)],106.22022592233117
83,"Gemma 4 12B [IT, Thinking mode]",140.6468482178271
83,"Gemma 4 26B A4B [IT, Thinking mode]",142.7202079480273
83,"Gemma 4 31B [IT, Thinking mode]",144.94096413997997
83,"Gemma 4 E2B [IT, Thinking mode]",131.07894568877222
83,"Gemma 4 E4B [IT, Thinking mode]",133.63516531255877
83,Gemma 7B IT [Instruction-tuned (IT)],100.57487357866316
83,Gemma 7B [Pretrained (PT)],110.01148173006693
83,Llama-2-13b-chat-hf [Instruct/chat],106.25790844964035
83,Llama-2-13b-hf [Pretrained (PT)],106.24844237763168
83,Llama-2-7b-chat-hf [Instruct/chat],107.72432840628281
83,Llama-2-7b-hf [Pretrained (PT)],99.70503749735217
83,Llama-3.1-8B [Pretrained (PT)],97.01485292437593
83,Llama-3.1-8B-Instruct [Instruct/chat],115.38207986438904
83,Llama-3.2-1B [Pretrained (PT)],89.581737095427
83,Llama-3.2-1B-Instruct [Instruct/chat],111.33720252821446
83,Llama-3.2-3B [Pretrained (PT)],106.76023315664557
83,Llama-3.2-3B-Instruct [Instruct/chat],120.48327175533572
83,Meta-Llama-3-8B [Pretrained (PT)],97.448583597414
83,Meta-Llama-3-8B-Instruct [Instruct/chat],117.85526936799816
83,OLMo-1B-hf [Pretrained (PT)],106.88797409770923
83,OLMo-2-1124-7B-Instruct [Instruct/chat],114.59106122410869
83,OLMo-7B-Instruct-hf [Instruct/chat],100.03864679899202
83,OLMo-7B-hf [Pretrained (PT)],96.52188335914657
83,OLMoE-1B-7B-0125-Instruct [Instruct/chat],104.83900930951344
83,OLMoE-1B-7B-0924 [Pretrained (PT)],97.18779667839719
83,OLMoE-1B-7B-0924-Instruct [Instruct/chat],105.3578358745556
83,Phi-3-medium-128k-instruct [Instruct/chat],122.55744663555839
83,Phi-3-medium-4k-instruct [Instruct/chat],120.19099564240815
83,Phi-3-mini-128k-instruct [Instruct/chat],117.7978957671024
83,Phi-3-mini-4k-instruct [Instruct/chat],119.13332095048261
83,Phi-3-small-128k-instruct [Instruct/chat],122.36333858285354
83,Phi-3-small-8k-instruct [Instruct/chat],122.03993834970727
83,Phi-3.5-mini-instruct [Instruct/chat],119.46031858386618
83,Phi-4-mini-instruct [Instruct/chat],120.66887482724385
83,Qwen-1.8B-Chat [Instruct/chat],100.61269568334936
83,Qwen-14B-Chat [Instruct/chat],108.43773934778935
83,Qwen-7B-Chat [Instruct/chat],105.67591166998727
83,Qwen1.5-0.5B-Chat [Instruct/chat],75.16776880072115
83,Qwen1.5-1.8B [Base (no official chat academic scores)],101.22427594053457
83,Qwen1.5-1.8B-Chat [Instruct/chat],93.24042445415172
83,Qwen1.5-14B [Base (no official chat academic scores)],111.31464131548508
83,Qwen1.5-14B-Chat [Instruct/chat],103.47396162642576
83,Qwen1.5-32B [Base (no official chat academic scores)],111.57702789097684
83,Qwen1.5-32B-Chat [Instruct/chat],118.9695834057405
83,Qwen1.5-4B [Base (no official chat academic scores)],106.73297250159581
83,Qwen1.5-4B-Chat [Instruct/chat],104.55733603907807
83,Qwen1.5-7B [Base (no official chat academic scores)],107.66359092595371
83,Qwen1.5-7B-Chat [Instruct/chat],106.909195754564
83,Qwen2-0.5B-Instruct [Instruct/chat],100.77642183627253
83,Qwen2-1.5B-Instruct [Instruct/chat],107.96963612503427
83,Qwen2-7B-Instruct [Instruct/chat],116.58916350167378
83,Qwen2.5-0.5B-Instruct [Instruct/chat],106.56282781343353
83,Qwen2.5-1.5B-Instruct [Instruct/chat],113.85885881454277
83,Qwen2.5-14B-Instruct [Instruct/chat],127.81750752134741
83,Qwen2.5-32B-Instruct [Instruct/chat],130.58510380737255
83,Qwen2.5-3B-Instruct [Instruct/chat],119.8243807440459
83,Qwen2.5-7B-Instruct [Instruct/chat],124.37951935552988
83,Qwen3-0.6B [Non-thinking mode],110.54941240706485
83,Qwen3-0.6B [Thinking mode],114.93005106490503
83,Qwen3-1.7B [Non-thinking mode],120.40025697208328
83,Qwen3-1.7B [Thinking mode],123.95452248593956
83,Qwen3-14B [Non-thinking mode],130.07240804397546
83,Qwen3-14B [Thinking mode],136.9702483160594
83,Qwen3-30B-A3B [Non-thinking mode],129.74376142879743
83,Qwen3-30B-A3B [Thinking mode],137.0070270739117
83,Qwen3-30B-A3B-Instruct-2507 [Instruct (non-thinking)],135.69837079171185
83,Qwen3-30B-A3B-Thinking-2507 [Thinking],141.72902908805003
83,Qwen3-32B [Non-thinking mode],131.48471922019175
83,Qwen3-32B [Thinking mode],139.38303420857457
83,Qwen3-4B [Non-thinking mode],126.3277177308453
83,Qwen3-4B [Thinking mode],135.6411775549428
83,Qwen3-4B-Instruct-2507 [Instruct (non-thinking)],131.8495792398443
83,Qwen3-4B-Thinking-2507 [Thinking],137.03577272038922
83,Qwen3-8B [Non-thinking mode],128.49874627017678
83,Qwen3-8B [Thinking mode],136.0293840680616
83,Qwen3.5-0.8B [Non-thinking rows],107.79849081738017
83,Qwen3.5-0.8B [Thinking (default)],114.57982970319573
83,Qwen3.5-27B [Thinking (default)],147.57533255331788
83,Qwen3.5-2B [Non-thinking rows],117.62074567658915
83,Qwen3.5-2B [Thinking (default)],128.97623460795333
83,Qwen3.5-35B-A3B [Thinking (default)],145.2955230858666
83,Qwen3.5-4B [Thinking (default)],142.03941730330635
83,Qwen3.5-9B [Thinking (default)],144.35238266071764
83,Qwen3.6-27B [Thinking (default)],149.58350748096004
83,Qwen3.6-35B-A3B [Thinking (default)],146.54616971526022
83,SmolLM-1.7B [Pretrained (PT)],84.28800069077694
83,SmolLM-1.7B-Instruct [Instruct/chat],85.47168856475041
83,SmolLM-135M [Pretrained (PT)],94.76279918722723
83,SmolLM-135M-Instruct [Instruct/chat],87.79609980673516
83,SmolLM-360M [Pretrained (PT)],94.78550704710804
83,SmolLM-360M-Instruct [Instruct/chat],92.76447511595737
83,SmolLM2-1.7B [Pretrained (PT)],99.03129312202768
83,SmolLM2-1.7B-Instruct [Instruct/chat],111.03711996170397
83,SmolLM2-135M [Pretrained (PT)],88.28824277430654
83,SmolLM2-135M-Instruct [Instruct/chat],100.08416423733446
83,SmolLM2-360M [Pretrained (PT)],91.58025967432104
83,SmolLM2-360M-Instruct [Instruct/chat],107.73030706259688
83,phi-1 [Pretrained (PT)],96.1104975389458
83,phi-1_5 [Pretrained (PT)],92.78291138309582
83,phi-2 [Pretrained (PT)],110.2629291869379
83,phi-4 [Pretrained (PT)],128.8210967103309
84,Gemma 1.1 2B IT [Instruction-tuned (IT)],94.98969003328313
84,Gemma 1.1 7B IT [Instruction-tuned (IT)],108.41665110530235
84,Gemma 2 27B IT [Instruction-tuned (IT)],122.89337442781803
84,Gemma 2 27B [Pretrained (PT)],117.11893107019628
84,Gemma 2 2B IT [Instruction-tuned (IT)],110.86452934092333
84,Gemma 2 2B [Pretrained (PT)],100.09894055096906
84,Gemma 2 9B IT [Instruction-tuned (IT)],119.77860552830876
84,Gemma 2 9B [Pretrained (PT)],112.42612888170767
84,Gemma 2B IT [Instruction-tuned (IT)],92.16385080456722
84,Gemma 2B [Pretrained (PT)],96.24728575548018
84,Gemma 3 12B IT [Instruction-tuned (IT)],128.23120351483337
84,Gemma 3 12B [Pretrained (PT)],113.81874972085613
84,Gemma 3 1B IT [Instruction-tuned (IT)],106.75789446711306
84,Gemma 3 1B [Pretrained (PT)],87.18237523866765
84,Gemma 3 27B IT [Instruction-tuned (IT)],130.26456756085753
84,Gemma 3 27B [Pretrained (PT)],116.13020411443938
84,Gemma 3 4B IT [Instruction-tuned (IT)],119.68827773904448
84,Gemma 3 4B [Pretrained (PT)],104.87852429727884
84,Gemma 3n E2B IT [Instruction-tuned (IT)],114.9514700572969
84,Gemma 3n E2B [Pretrained (PT)],102.61100969322726
84,Gemma 3n E4B IT [Instruction-tuned (IT)],119.60423827303094
84,Gemma 3n E4B [Pretrained (PT)],108.3867096246961
84,"Gemma 4 12B [IT, Thinking mode]",141.27017445288487
84,"Gemma 4 26B A4B [IT, Thinking mode]",143.9882146309422
84,"Gemma 4 31B [IT, Thinking mode]",145.5489543641675
84,"Gemma 4 E2B [IT, Thinking mode]",132.5583628158879
84,"Gemma 4 E4B [IT, Thinking mode]",134.81393009227477
84,Gemma 7B IT [Instruction-tuned (IT)],102.13394389006041
84,Gemma 7B [Pretrained (PT)],110.98712874858647
84,Llama-2-13b-chat-hf [Instruct/chat],105.04617327331134
84,Llama-2-13b-hf [Pretrained (PT)],107.59250186053475
84,Llama-2-7b-chat-hf [Instruct/chat],104.51618607109572
84,Llama-2-7b-hf [Pretrained (PT)],100.30724460427955
84,Llama-3.1-8B [Pretrained (PT)],91.3006880130537
84,Llama-3.1-8B-Instruct [Instruct/chat],115.760151330972
84,Llama-3.2-1B [Pretrained (PT)],82.55413290383152
84,Llama-3.2-1B-Instruct [Instruct/chat],96.76997275375574
84,Llama-3.2-3B [Pretrained (PT)],105.1013482349796
84,Llama-3.2-3B-Instruct [Instruct/chat],119.08118327359914
84,Meta-Llama-3-8B [Pretrained (PT)],102.55797875386286
84,Meta-Llama-3-8B-Instruct [Instruct/chat],116.22376397326751
84,OLMo-1B-hf [Pretrained (PT)],82.09144218234616
84,OLMo-2-1124-7B-Instruct [Instruct/chat],114.43618684970704
84,OLMo-7B-Instruct-hf [Instruct/chat],100.34703415879329
84,OLMo-7B-hf [Pretrained (PT)],91.20318030552758
84,OLMoE-1B-7B-0125-Instruct [Instruct/chat],99.86706236659795
84,OLMoE-1B-7B-0924 [Pretrained (PT)],92.88895400718619
84,OLMoE-1B-7B-0924-Instruct [Instruct/chat],105.19936615298062
84,Phi-3-medium-128k-instruct [Instruct/chat],120.04632626447086
84,Phi-3-medium-4k-instruct [Instruct/chat],125.50364839305706
84,Phi-3-mini-128k-instruct [Instruct/chat],117.81620347463263
84,Phi-3-mini-4k-instruct [Instruct/chat],117.25763823215478
84,Phi-3-small-128k-instruct [Instruct/chat],121.4039971457482
84,Phi-3-small-8k-instruct [Instruct/chat],120.60475822506304
84,Phi-3.5-mini-instruct [Instruct/chat],119.25183870874514
84,Phi-4-mini-instruct [Instruct/chat],120.27590938756687
84,Qwen-1.8B-Chat [Instruct/chat],97.78239762079507
84,Qwen-14B-Chat [Instruct/chat],109.69070319550879
84,Qwen-7B-Chat [Instruct/chat],105.8476787183515
84,Qwen1.5-0.5B-Chat [Instruct/chat],84.39221771103162
84,Qwen1.5-1.8B [Base (no official chat academic scores)],101.99174275460993
84,Qwen1.5-1.8B-Chat [Instruct/chat],91.55841183237288
84,Qwen1.5-14B [Base (no official chat academic scores)],110.32343685725634
84,Qwen1.5-14B-Chat [Instruct/chat],111.37765114803219
84,Qwen1.5-32B [Base (no official chat academic scores)],116.71585576042509
84,Qwen1.5-32B-Chat [Instruct/chat],118.00575167462951
84,Qwen1.5-4B [Base (no official chat academic scores)],102.97885211850695
84,Qwen1.5-4B-Chat [Instruct/chat],100.17991365768714
84,Qwen1.5-7B [Base (no official chat academic scores)],107.4974169393293
84,Qwen1.5-7B-Chat [Instruct/chat],102.69572247942389
84,Qwen2-0.5B-Instruct [Instruct/chat],97.98311962443343
84,Qwen2-1.5B-Instruct [Instruct/chat],107.43480039022852
84,Qwen2-7B-Instruct [Instruct/chat],119.74256688405117
84,Qwen2.5-0.5B-Instruct [Instruct/chat],106.72949027162389
84,Qwen2.5-1.5B-Instruct [Instruct/chat],115.4442515421043
84,Qwen2.5-14B-Instruct [Instruct/chat],127.79234757565592
84,Qwen2.5-32B-Instruct [Instruct/chat],130.02384664695498
84,Qwen2.5-3B-Instruct [Instruct/chat],119.77310637862008
84,Qwen2.5-7B-Instruct [Instruct/chat],125.37466101372134
84,Qwen3-0.6B [Non-thinking mode],114.87671552551248
84,Qwen3-0.6B [Thinking mode],117.07915960129729
84,Qwen3-1.7B [Non-thinking mode],119.10021558716079
84,Qwen3-1.7B [Thinking mode],124.64792575711672
84,Qwen3-14B [Non-thinking mode],130.87346710150507
84,Qwen3-14B [Thinking mode],136.93528220478694
84,Qwen3-30B-A3B [Non-thinking mode],130.77479653355263
84,Qwen3-30B-A3B [Thinking mode],137.52859810553554
84,Qwen3-30B-A3B-Instruct-2507 [Instruct (non-thinking)],136.3173616800831
84,Qwen3-30B-A3B-Thinking-2507 [Thinking],140.04178598875666
84,Qwen3-32B [Non-thinking mode],131.09342573348405
84,Qwen3-32B [Thinking mode],137.46651622078858
84,Qwen3-4B [Non-thinking mode],127.83766919013442
84,Qwen3-4B [Thinking mode],134.77388847180072
84,Qwen3-4B-Instruct-2507 [Instruct (non-thinking)],130.90968000170008
84,Qwen3-4B-Thinking-2507 [Thinking],137.7312106558725
84,Qwen3-8B [Non-thinking mode],129.5906326939647
84,Qwen3-8B [Thinking mode],134.05391913150498
84,Qwen3.5-0.8B [Non-thinking rows],112.17304451653935
84,Qwen3.5-0.8B [Thinking (default)],113.86619937522748
84,Qwen3.5-27B [Thinking (default)],146.7490671760778
84,Qwen3.5-2B [Non-thinking rows],121.7316582871427
84,Qwen3.5-2B [Thinking (default)],130.26152113011034
84,Qwen3.5-35B-A3B [Thinking (default)],144.75723613991164
84,Qwen3.5-4B [Thinking (default)],140.90076837713684
84,Qwen3.5-9B [Thinking (default)],144.75310467567164
84,Qwen3.6-27B [Thinking (default)],147.40011474708587
84,Qwen3.6-35B-A3B [Thinking (default)],144.09612930853586
84,SmolLM-1.7B [Pretrained (PT)],89.54446573081997
84,SmolLM-1.7B-Instruct [Instruct/chat],75.72413769121385
84,SmolLM-135M [Pretrained (PT)],91.35397344216742
84,SmolLM-135M-Instruct [Instruct/chat],78.10901141611244
84,SmolLM-360M [Pretrained (PT)],86.79742547402768
84,SmolLM-360M-Instruct [Instruct/chat],86.44952180474228
84,SmolLM2-1.7B [Pretrained (PT)],96.49370587140908
84,SmolLM2-1.7B-Instruct [Instruct/chat],106.51976238767837
84,SmolLM2-135M [Pretrained (PT)],86.97445862377478
84,SmolLM2-135M-Instruct [Instruct/chat],97.99310037436715
84,SmolLM2-360M [Pretrained (PT)],88.68203652384179
84,SmolLM2-360M-Instruct [Instruct/chat],104.68058978926506
84,phi-1 [Pretrained (PT)],88.07977669728578
84,phi-1_5 [Pretrained (PT)],88.66845687045821
84,phi-2 [Pretrained (PT)],103.01437145393075
84,phi-4 [Pretrained (PT)],127.54416806773594
85,Gemma 1.1 2B IT [Instruction-tuned (IT)],103.66524796257494
85,Gemma 1.1 7B IT [Instruction-tuned (IT)],110.09049321397025
85,Gemma 2 27B IT [Instruction-tuned (IT)],122.78119632855741
85,Gemma 2 27B [Pretrained (PT)],112.96941467540296
85,Gemma 2 2B IT [Instruction-tuned (IT)],107.78279459806875
85,Gemma 2 2B [Pretrained (PT)],100.28422344830305
85,Gemma 2 9B IT [Instruction-tuned (IT)],121.42701032120691
85,Gemma 2 9B [Pretrained (PT)],109.26777003987448
85,Gemma 2B IT [Instruction-tuned (IT)],89.19086461496278
85,Gemma 2B [Pretrained (PT)],93.98476406238277
85,Gemma 3 12B IT [Instruction-tuned (IT)],128.3368852412492
85,Gemma 3 12B [Pretrained (PT)],113.99118199532721
85,Gemma 3 1B IT [Instruction-tuned (IT)],108.44081517637524
85,Gemma 3 1B [Pretrained (PT)],76.50718307232421
85,Gemma 3 27B IT [Instruction-tuned (IT)],132.01164751495529
85,Gemma 3 27B [Pretrained (PT)],118.34063462282131
85,Gemma 3 4B IT [Instruction-tuned (IT)],120.10456195720896
85,Gemma 3 4B [Pretrained (PT)],105.46167221384209
85,Gemma 3n E2B IT [Instruction-tuned (IT)],116.68404655044452
85,Gemma 3n E2B [Pretrained (PT)],99.05013608968873
85,Gemma 3n E4B IT [Instruction-tuned (IT)],122.35862943694273
85,Gemma 3n E4B [Pretrained (PT)],107.36448660571254
85,"Gemma 4 12B [IT, Thinking mode]",141.8553379905629
85,"Gemma 4 26B A4B [IT, Thinking mode]",144.01845800954848
85,"Gemma 4 31B [IT, Thinking mode]",145.01010052373883
85,"Gemma 4 E2B [IT, Thinking mode]",132.47373651692686
85,"Gemma 4 E4B [IT, Thinking mode]",134.9085044812032
85,Gemma 7B IT [Instruction-tuned (IT)],101.26152282078722
85,Gemma 7B [Pretrained (PT)],110.41035755611702
85,Llama-2-13b-chat-hf [Instruct/chat],103.3744482853063
85,Llama-2-13b-hf [Pretrained (PT)],103.78686770226427
85,Llama-2-7b-chat-hf [Instruct/chat],84.89143207527616
85,Llama-2-7b-hf [Pretrained (PT)],101.7191638869832
85,Llama-3.1-8B [Pretrained (PT)],101.07521787365194
85,Llama-3.1-8B-Instruct [Instruct/chat],114.85921542251488
85,Llama-3.2-1B [Pretrained (PT)],81.58079122815309
85,Llama-3.2-1B-Instruct [Instruct/chat],110.4106397955665
85,Llama-3.2-3B [Pretrained (PT)],94.47020431929937
85,Llama-3.2-3B-Instruct [Instruct/chat],118.39040340010129
85,Meta-Llama-3-8B [Pretrained (PT)],96.12801457115432
85,Meta-Llama-3-8B-Instruct [Instruct/chat],119.61990653407513
85,OLMo-1B-hf [Pretrained (PT)],84.31985653708847
85,OLMo-2-1124-7B-Instruct [Instruct/chat],113.20911202736039
85,OLMo-7B-Instruct-hf [Instruct/chat],104.79949119212593
85,OLMo-7B-hf [Pretrained (PT)],100.14810319978119
85,OLMoE-1B-7B-0125-Instruct [Instruct/chat],106.71259301139627
85,OLMoE-1B-7B-0924 [Pretrained (PT)],98.03686496042927
85,OLMoE-1B-7B-0924-Instruct [Instruct/chat],108.18685143333072
85,Phi-3-medium-128k-instruct [Instruct/chat],120.48472672113796
85,Phi-3-medium-4k-instruct [Instruct/chat],121.87689148707699
85,Phi-3-mini-128k-instruct [Instruct/chat],118.20672195889995
85,Phi-3-mini-4k-instruct [Instruct/chat],119.56263956561945
85,Phi-3-small-128k-instruct [Instruct/chat],122.11457049619153
85,Phi-3-small-8k-instruct [Instruct/chat],121.35579465268874
85,Phi-3.5-mini-instruct [Instruct/chat],119.18899729284658
85,Phi-4-mini-instruct [Instruct/chat],119.69023145330164
85,Qwen-1.8B-Chat [Instruct/chat],97.8448377343723
85,Qwen-14B-Chat [Instruct/chat],109.75057763960871
85,Qwen-7B-Chat [Instruct/chat],105.20197798879522
85,Qwen1.5-0.5B-Chat [Instruct/chat],65.2218082092796
85,Qwen1.5-1.8B [Base (no official chat academic scores)],99.70423109133718
85,Qwen1.5-1.8B-Chat [Instruct/chat],91.60266630988684
85,Qwen1.5-14B [Base (no official chat academic scores)],112.14379292778827
85,Qwen1.5-14B-Chat [Instruct/chat],107.4839925991522
85,Qwen1.5-32B [Base (no official chat academic scores)],113.08769857710523
85,Qwen1.5-32B-Chat [Instruct/chat],120.75930695492833
85,Qwen1.5-4B [Base (no official chat academic scores)],103.42279045142918
85,Qwen1.5-4B-Chat [Instruct/chat],103.99528369834145
85,Qwen1.5-7B [Base (no official chat academic scores)],107.01018965313082
85,Qwen1.5-7B-Chat [Instruct/chat],106.79876590751816
85,Qwen2-0.5B-Instruct [Instruct/chat],99.1494992070159
85,Qwen2-1.5B-Instruct [Instruct/chat],103.2879355863917
85,Qwen2-7B-Instruct [Instruct/chat],117.6107647879141
85,Qwen2.5-0.5B-Instruct [Instruct/chat],107.99795074867619
85,Qwen2.5-1.5B-Instruct [Instruct/chat],115.94201213039737
85,Qwen2.5-14B-Instruct [Instruct/chat],128.20405420285823
85,Qwen2.5-32B-Instruct [Instruct/chat],130.91078458834681
85,Qwen2.5-3B-Instruct [Instruct/chat],120.59059712826166
85,Qwen2.5-7B-Instruct [Instruct/chat],123.44999285843583
85,Qwen3-0.6B [Non-thinking mode],100.34626162934684
85,Qwen3-0.6B [Thinking mode],115.8223539880994
85,Qwen3-1.7B [Non-thinking mode],117.97542346970252
85,Qwen3-1.7B [Thinking mode],127.1295429199565
85,Qwen3-14B [Non-thinking mode],129.3884782648573
85,Qwen3-14B [Thinking mode],137.8972765548771
85,Qwen3-30B-A3B [Non-thinking mode],129.7483273169052
85,Qwen3-30B-A3B [Thinking mode],138.88529121902073
85,Qwen3-30B-A3B-Instruct-2507 [Instruct (non-thinking)],137.4147452305762
85,Qwen3-30B-A3B-Thinking-2507 [Thinking],142.75469048876133
85,Qwen3-32B [Non-thinking mode],129.63129940492436
85,Qwen3-32B [Thinking mode],140.50014478889986
85,Qwen3-4B [Non-thinking mode],124.48110520928248
85,Qwen3-4B [Thinking mode],136.65714425416363
85,Qwen3-4B-Instruct-2507 [Instruct (non-thinking)],129.7559370348544
85,Qwen3-4B-Thinking-2507 [Thinking],137.59678551897412
85,Qwen3-8B [Non-thinking mode],126.346631577572
85,Qwen3-8B [Thinking mode],137.54255184518243
85,Qwen3.5-0.8B [Non-thinking rows],101.18625315752733
85,Qwen3.5-0.8B [Thinking (default)],112.93741448731626
85,Qwen3.5-27B [Thinking (default)],148.09219830596516
85,Qwen3.5-2B [Non-thinking rows],119.3107527295808
85,Qwen3.5-2B [Thinking (default)],130.2949277490703
85,Qwen3.5-35B-A3B [Thinking (default)],144.56480847713343
85,Qwen3.5-4B [Thinking (default)],141.96706606392453
85,Qwen3.5-9B [Thinking (default)],145.19033626192476
85,Qwen3.6-27B [Thinking (default)],150.17330009325747
85,Qwen3.6-35B-A3B [Thinking (default)],144.89289673541356
85,SmolLM-1.7B [Pretrained (PT)],95.54637116846817
85,SmolLM-1.7B-Instruct [Instruct/chat],95.26875336345371
85,SmolLM-135M [Pretrained (PT)],94.50995933206413
85,SmolLM-135M-Instruct [Instruct/chat],89.97518957047879
85,SmolLM-360M [Pretrained (PT)],84.34649521557031
85,SmolLM-360M-Instruct [Instruct/chat],80.35904092219606
85,SmolLM2-1.7B [Pretrained (PT)],104.03939807601714
85,SmolLM2-1.7B-Instruct [Instruct/chat],100.45315191805773
85,SmolLM2-135M [Pretrained (PT)],94.71371684629459
85,SmolLM2-135M-Instruct [Instruct/chat],88.70286796264816
85,SmolLM2-360M [Pretrained (PT)],88.27866696157758
85,SmolLM2-360M-Instruct [Instruct/chat],101.55487711829146
85,phi-1 [Pretrained (PT)],97.16538573658876
85,phi-1_5 [Pretrained (PT)],92.0340263770062
85,phi-2 [Pretrained (PT)],106.25862561578968
85,phi-4 [Pretrained (PT)],131.25675713471514
86,Gemma 1.1 2B IT [Instruction-tuned (IT)],98.43197398705172
86,Gemma 1.1 7B IT [Instruction-tuned (IT)],105.82338207967126
86,Gemma 2 27B IT [Instruction-tuned (IT)],123.06521074496487
86,Gemma 2 27B [Pretrained (PT)],116.38736500730585
86,Gemma 2 2B IT [Instruction-tuned (IT)],107.60478082718471
86,Gemma 2 2B [Pretrained (PT)],99.82399782733737
86,Gemma 2 9B IT [Instruction-tuned (IT)],120.77252749785886
86,Gemma 2 9B [Pretrained (PT)],114.97181693140224
86,Gemma 2B IT [Instruction-tuned (IT)],87.69172782322755
86,Gemma 2B [Pretrained (PT)],96.78292763686875
86,Gemma 3 12B IT [Instruction-tuned (IT)],128.55164666553645
86,Gemma 3 12B [Pretrained (PT)],116.29384283422633
86,Gemma 3 1B IT [Instruction-tuned (IT)],106.92043618755297
86,Gemma 3 1B [Pretrained (PT)],85.20974434687429
86,Gemma 3 27B IT [Instruction-tuned (IT)],130.0765782449132
86,Gemma 3 27B [Pretrained (PT)],117.78902724753183
86,Gemma 3 4B IT [Instruction-tuned (IT)],119.601275229191
86,Gemma 3 4B [Pretrained (PT)],105.52783034109983
86,Gemma 3n E2B IT [Instruction-tuned (IT)],115.7593928044969
86,Gemma 3n E2B [Pretrained (PT)],102.72955230241496
86,Gemma 3n E4B IT [Instruction-tuned (IT)],118.46524684472628
86,Gemma 3n E4B [Pretrained (PT)],109.1594219825641
86,"Gemma 4 12B [IT, Thinking mode]",139.91395369382306
86,"Gemma 4 26B A4B [IT, Thinking mode]",143.34777744980005
86,"Gemma 4 31B [IT, Thinking mode]",143.13354704514117
86,"Gemma 4 E2B [IT, Thinking mode]",129.4127161452589
86,"Gemma 4 E4B [IT, Thinking mode]",133.4269239031354
86,Gemma 7B IT [Instruction-tuned (IT)],102.84143629032894
86,Gemma 7B [Pretrained (PT)],110.18371659277506
86,Llama-2-13b-chat-hf [Instruct/chat],97.09109161974378
86,Llama-2-13b-hf [Pretrained (PT)],104.89970804860098
86,Llama-2-7b-chat-hf [Instruct/chat],105.61838581899602
86,Llama-2-7b-hf [Pretrained (PT)],99.59928540248667
86,Llama-3.1-8B [Pretrained (PT)],81.86878143381871
86,Llama-3.1-8B-Instruct [Instruct/chat],114.71842377020354
86,Llama-3.2-1B [Pretrained (PT)],85.13324279655711
86,Llama-3.2-1B-Instruct [Instruct/chat],98.96599232437714
86,Llama-3.2-3B [Pretrained (PT)],105.2064449572466
86,Llama-3.2-3B-Instruct [Instruct/chat],116.1754733013261
86,Meta-Llama-3-8B [Pretrained (PT)],94.48978939631051
86,Meta-Llama-3-8B-Instruct [Instruct/chat],115.34295752294344
86,OLMo-1B-hf [Pretrained (PT)],90.67761463155651
86,OLMo-2-1124-7B-Instruct [Instruct/chat],110.89500196935595
86,OLMo-7B-Instruct-hf [Instruct/chat],103.52695572956267
86,OLMo-7B-hf [Pretrained (PT)],82.52826820291786
86,OLMoE-1B-7B-0125-Instruct [Instruct/chat],102.06731219485386
86,OLMoE-1B-7B-0924 [Pretrained (PT)],93.1824589192173
86,OLMoE-1B-7B-0924-Instruct [Instruct/chat],101.49834367867211
86,Phi-3-medium-128k-instruct [Instruct/chat],121.81227383082017
86,Phi-3-medium-4k-instruct [Instruct/chat],121.0622862343392
86,Phi-3-mini-128k-instruct [Instruct/chat],117.4455828980468
86,Phi-3-mini-4k-instruct [Instruct/chat],116.81421682609752
86,Phi-3-small-128k-instruct [Instruct/chat],118.87838665289215
86,Phi-3-small-8k-instruct [Instruct/chat],117.79624249277208
86,Phi-3.5-mini-instruct [Instruct/chat],117.70640264915163
86,Phi-4-mini-instruct [Instruct/chat],120.28319385255314
86,Qwen-1.8B-Chat [Instruct/chat],99.20051020643993
86,Qwen-14B-Chat [Instruct/chat],108.71903241874674
86,Qwen-7B-Chat [Instruct/chat],105.5980670412049
86,Qwen1.5-0.5B-Chat [Instruct/chat],83.35607398431702
86,Qwen1.5-1.8B [Base (no official chat academic scores)],102.93798605697128
86,Qwen1.5-1.8B-Chat [Instruct/chat],91.60965612307893
86,Qwen1.5-14B [Base (no official chat academic scores)],110.52886226786036
86,Qwen1.5-14B-Chat [Instruct/chat],110.33567544088366
86,Qwen1.5-32B [Base (no official chat academic scores)],116.53208422593221
86,Qwen1.5-32B-Chat [Instruct/chat],118.17002144755165
86,Qwen1.5-4B [Base (no official chat academic scores)],105.11724764160974
86,Qwen1.5-4B-Chat [Instruct/chat],98.39006515254692
86,Qwen1.5-7B [Base (no official chat academic scores)],109.11011712669506
86,Qwen1.5-7B-Chat [Instruct/chat],107.5877398928978
86,Qwen2-0.5B-Instruct [Instruct/chat],95.4351474288938
86,Qwen2-1.5B-Instruct [Instruct/chat],105.82029026123072
86,Qwen2-7B-Instruct [Instruct/chat],119.27772098979504
86,Qwen2.5-0.5B-Instruct [Instruct/chat],106.37022574805866
86,Qwen2.5-1.5B-Instruct [Instruct/chat],114.5959711226448
86,Qwen2.5-14B-Instruct [Instruct/chat],126.49569041641219
86,Qwen2.5-32B-Instruct [Instruct/chat],129.8473298702274
86,Qwen2.5-3B-Instruct [Instruct/chat],118.87866237413462
86,Qwen2.5-7B-Instruct [Instruct/chat],124.28147284723192
86,Qwen3-0.6B [Non-thinking mode],109.78948091872994
86,Qwen3-0.6B [Thinking mode],115.65093941954288
86,Qwen3-1.7B [Non-thinking mode],117.95593153773714
86,Qwen3-1.7B [Thinking mode],123.72814329689263
86,Qwen3-14B [Non-thinking mode],128.49514446514095
86,Qwen3-14B [Thinking mode],137.23919721625165
86,Qwen3-30B-A3B [Non-thinking mode],129.29955951097142
86,Qwen3-30B-A3B [Thinking mode],137.58325578430353
86,Qwen3-30B-A3B-Instruct-2507 [Instruct (non-thinking)],136.35703444770496
86,Qwen3-30B-A3B-Thinking-2507 [Thinking],139.04104359775926
86,Qwen3-32B [Non-thinking mode],129.37590075449702
86,Qwen3-32B [Thinking mode],138.52559983050517
86,Qwen3-4B [Non-thinking mode],126.11785853820996
86,Qwen3-4B [Thinking mode],134.25293393517956
86,Qwen3-4B-Instruct-2507 [Instruct (non-thinking)],130.82291510138447
86,Qwen3-4B-Thinking-2507 [Thinking],134.42733026562752
86,Qwen3-8B [Non-thinking mode],127.81275216895477
86,Qwen3-8B [Thinking mode],136.0479705259536
86,Qwen3.5-0.8B [Non-thinking rows],102.95570863658804
86,Qwen3.5-0.8B [Thinking (default)],110.68095393601992
86,Qwen3.5-27B [Thinking (default)],146.84056303333676
86,Qwen3.5-2B [Non-thinking rows],118.6006056598559
86,Qwen3.5-2B [Thinking (default)],129.9728136684374
86,Qwen3.5-35B-A3B [Thinking (default)],144.79477412356783
86,Qwen3.5-4B [Thinking (default)],141.01131331118196
86,Qwen3.5-9B [Thinking (default)],143.69641897510184
86,Qwen3.6-27B [Thinking (default)],147.74563924250805
86,Qwen3.6-35B-A3B [Thinking (default)],145.32786490541332
86,SmolLM-1.7B [Pretrained (PT)],90.39138593313709
86,SmolLM-1.7B-Instruct [Instruct/chat],91.71689554350976
86,SmolLM-135M [Pretrained (PT)],88.47992611008465
86,SmolLM-135M-Instruct [Instruct/chat],85.09091201434083
86,SmolLM-360M [Pretrained (PT)],91.06765624195708
86,SmolLM-360M-Instruct [Instruct/chat],89.06254884766147
86,SmolLM2-1.7B [Pretrained (PT)],97.0719377524499
86,SmolLM2-1.7B-Instruct [Instruct/chat],110.21096940355
86,SmolLM2-135M [Pretrained (PT)],86.99563148603724
86,SmolLM2-135M-Instruct [Instruct/chat],97.31242311652395
86,SmolLM2-360M [Pretrained (PT)],85.367119570061
86,SmolLM2-360M-Instruct [Instruct/chat],78.62198216162142
86,phi-1 [Pretrained (PT)],90.41453431830236
86,phi-1_5 [Pretrained (PT)],88.69811835280211
86,phi-2 [Pretrained (PT)],106.58810370416623
86,phi-4 [Pretrained (PT)],124.37024315871204
87,Gemma 1.1 2B IT [Instruction-tuned (IT)],94.58186420333979
87,Gemma 1.1 7B IT [Instruction-tuned (IT)],106.46702443366743
87,Gemma 2 27B IT [Instruction-tuned (IT)],121.83543725858547
87,Gemma 2 27B [Pretrained (PT)],114.32137445892273
87,Gemma 2 2B IT [Instruction-tuned (IT)],106.03518963191944
87,Gemma 2 2B [Pretrained (PT)],99.25560966982167
87,Gemma 2 9B IT [Instruction-tuned (IT)],120.4215460090211
87,Gemma 2 9B [Pretrained (PT)],111.5198799178448
87,Gemma 2B IT [Instruction-tuned (IT)],89.34941531734165
87,Gemma 2B [Pretrained (PT)],96.021553520934
87,Gemma 3 12B IT [Instruction-tuned (IT)],127.54284617663481
87,Gemma 3 12B [Pretrained (PT)],112.88004213718251
87,Gemma 3 1B IT [Instruction-tuned (IT)],112.64314678595808
87,Gemma 3 1B [Pretrained (PT)],85.65790842031006
87,Gemma 3 27B IT [Instruction-tuned (IT)],131.10030681368508
87,Gemma 3 27B [Pretrained (PT)],119.07572158070371
87,Gemma 3 4B IT [Instruction-tuned (IT)],121.88564550717605
87,Gemma 3 4B [Pretrained (PT)],103.93379373268793
87,Gemma 3n E2B IT [Instruction-tuned (IT)],117.06765657507303
87,Gemma 3n E2B [Pretrained (PT)],100.04659350363627
87,Gemma 3n E4B IT [Instruction-tuned (IT)],115.7883163499095
87,Gemma 3n E4B [Pretrained (PT)],107.8449875767231
87,"Gemma 4 12B [IT, Thinking mode]",141.2894319541033
87,"Gemma 4 26B A4B [IT, Thinking mode]",143.02820771700772
87,"Gemma 4 31B [IT, Thinking mode]",144.99360955150925
87,"Gemma 4 E2B [IT, Thinking mode]",131.59607908808061
87,"Gemma 4 E4B [IT, Thinking mode]",135.6174677006048
87,Gemma 7B IT [Instruction-tuned (IT)],99.62835559698972
87,Gemma 7B [Pretrained (PT)],106.95283211428615
87,Llama-2-13b-chat-hf [Instruct/chat],103.1362219214931
87,Llama-2-13b-hf [Pretrained (PT)],105.03679033541584
87,Llama-2-7b-chat-hf [Instruct/chat],98.3003599526855
87,Llama-2-7b-hf [Pretrained (PT)],102.00462023647574
87,Llama-3.1-8B [Pretrained (PT)],112.06149301734123
87,Llama-3.1-8B-Instruct [Instruct/chat],118.14045440563915
87,Llama-3.2-1B [Pretrained (PT)],80.47262966841274
87,Llama-3.2-1B-Instruct [Instruct/chat],92.36380545158949
87,Llama-3.2-3B [Pretrained (PT)],105.36202479643808
87,Llama-3.2-3B-Instruct [Instruct/chat],115.56063755090761
87,Meta-Llama-3-8B [Pretrained (PT)],105.02725478010599
87,Meta-Llama-3-8B-Instruct [Instruct/chat],115.07726856459489
87,OLMo-1B-hf [Pretrained (PT)],87.68500891982909
87,OLMo-2-1124-7B-Instruct [Instruct/chat],113.48417773745781
87,OLMo-7B-Instruct-hf [Instruct/chat],101.99144529018324
87,OLMo-7B-hf [Pretrained (PT)],83.16064343578547
87,OLMoE-1B-7B-0125-Instruct [Instruct/chat],115.86603314791049
87,OLMoE-1B-7B-0924 [Pretrained (PT)],91.61249069082882
87,OLMoE-1B-7B-0924-Instruct [Instruct/chat],105.62595475977756
87,Phi-3-medium-128k-instruct [Instruct/chat],120.74748834156523
87,Phi-3-medium-4k-instruct [Instruct/chat],120.19772367294478
87,Phi-3-mini-128k-instruct [Instruct/chat],117.43625371707591
87,Phi-3-mini-4k-instruct [Instruct/chat],117.96569589794137
87,Phi-3-small-128k-instruct [Instruct/chat],119.91664944611654
87,Phi-3-small-8k-instruct [Instruct/chat],120.66323517042947
87,Phi-3.5-mini-instruct [Instruct/chat],118.83787957993782
87,Phi-4-mini-instruct [Instruct/chat],120.62538269222227
87,Qwen-1.8B-Chat [Instruct/chat],98.317908715871
87,Qwen-14B-Chat [Instruct/chat],108.55818225503906
87,Qwen-7B-Chat [Instruct/chat],105.55078193361824
87,Qwen1.5-0.5B-Chat [Instruct/chat],76.43081976835214
87,Qwen1.5-1.8B [Base (no official chat academic scores)],101.85853786287186
87,Qwen1.5-1.8B-Chat [Instruct/chat],88.4760652211084
87,Qwen1.5-14B [Base (no official chat academic scores)],112.09695852692974
87,Qwen1.5-14B-Chat [Instruct/chat],112.0407227084714
87,Qwen1.5-32B [Base (no official chat academic scores)],112.05356051133413
87,Qwen1.5-32B-Chat [Instruct/chat],117.74083044393343
87,Qwen1.5-4B [Base (no official chat academic scores)],106.04826775663919
87,Qwen1.5-4B-Chat [Instruct/chat],102.09086927281113
87,Qwen1.5-7B [Base (no official chat academic scores)],108.76040416458657
87,Qwen1.5-7B-Chat [Instruct/chat],98.44018205993571
87,Qwen2-0.5B-Instruct [Instruct/chat],94.65595483848834
87,Qwen2-1.5B-Instruct [Instruct/chat],108.78144440516718
87,Qwen2-7B-Instruct [Instruct/chat],121.00989265967293
87,Qwen2.5-0.5B-Instruct [Instruct/chat],108.72454033353038
87,Qwen2.5-1.5B-Instruct [Instruct/chat],113.23298330910109
87,Qwen2.5-14B-Instruct [Instruct/chat],127.79952290898589
87,Qwen2.5-32B-Instruct [Instruct/chat],130.12015359611496
87,Qwen2.5-3B-Instruct [Instruct/chat],120.65287594043355
87,Qwen2.5-7B-Instruct [Instruct/chat],124.21403146729824
87,Qwen3-0.6B [Non-thinking mode],104.3148431875893
87,Qwen3-0.6B [Thinking mode],108.57202531103655
87,Qwen3-1.7B [Non-thinking mode],118.70574728992672
87,Qwen3-1.7B [Thinking mode],126.8989921083867
87,Qwen3-14B [Non-thinking mode],129.61004488352887
87,Qwen3-14B [Thinking mode],137.40558094639408
87,Qwen3-30B-A3B [Non-thinking mode],128.71624139695905
87,Qwen3-30B-A3B [Thinking mode],137.43291962952787
87,Qwen3-30B-A3B-Instruct-2507 [Instruct (non-thinking)],136.43312638671804
87,Qwen3-30B-A3B-Thinking-2507 [Thinking],140.9585655695856
87,Qwen3-32B [Non-thinking mode],128.28672430255267
87,Qwen3-32B [Thinking mode],138.7024804729274
87,Qwen3-4B [Non-thinking mode],124.95919531481226
87,Qwen3-4B [Thinking mode],135.03721447771778
87,Qwen3-4B-Instruct-2507 [Instruct (non-thinking)],132.12419642538748
87,Qwen3-4B-Thinking-2507 [Thinking],137.13314669297233
87,Qwen3-8B [Non-thinking mode],126.55639193568567
87,Qwen3-8B [Thinking mode],135.79902706069677
87,Qwen3.5-0.8B [Non-thinking rows],108.3734913539043
87,Qwen3.5-0.8B [Thinking (default)],112.04008129799935
87,Qwen3.5-27B [Thinking (default)],147.04561309037246
87,Qwen3.5-2B [Non-thinking rows],120.50985478311715
87,Qwen3.5-2B [Thinking (default)],129.79563948973768
87,Qwen3.5-35B-A3B [Thinking (default)],145.14408035217843
87,Qwen3.5-4B [Thinking (default)],140.54249513385295
87,Qwen3.5-9B [Thinking (default)],144.25838662863677
87,Qwen3.6-27B [Thinking (default)],147.91830788589465
87,Qwen3.6-35B-A3B [Thinking (default)],145.3755090450175
87,SmolLM-1.7B [Pretrained (PT)],88.93371493080346
87,SmolLM-1.7B-Instruct [Instruct/chat],91.3721675116353
87,SmolLM-135M [Pretrained (PT)],88.57233305374753
87,SmolLM-135M-Instruct [Instruct/chat],76.15477762138323
87,SmolLM-360M [Pretrained (PT)],90.83046618953871
87,SmolLM-360M-Instruct [Instruct/chat],79.19069091401549
87,SmolLM2-1.7B [Pretrained (PT)],95.74396820264552
87,SmolLM2-1.7B-Instruct [Instruct/chat],111.92249059370309
87,SmolLM2-135M [Pretrained (PT)],84.08484214065857
87,SmolLM2-135M-Instruct [Instruct/chat],94.33940934386098
87,SmolLM2-360M [Pretrained (PT)],88.65829181204181
87,SmolLM2-360M-Instruct [Instruct/chat],99.76426162690983
87,phi-1 [Pretrained (PT)],86.8246067302804
87,phi-1_5 [Pretrained (PT)],75.92011634583164
87,phi-2 [Pretrained (PT)],105.32069301994474
87,phi-4 [Pretrained (PT)],125.87598478329197
88,Gemma 1.1 2B IT [Instruction-tuned (IT)],93.20280155752755
88,Gemma 1.1 7B IT [Instruction-tuned (IT)],107.04765826863475
88,Gemma 2 27B IT [Instruction-tuned (IT)],122.83443966687567
88,Gemma 2 27B [Pretrained (PT)],116.32089690514402
88,Gemma 2 2B IT [Instruction-tuned (IT)],106.707706740682
88,Gemma 2 2B [Pretrained (PT)],99.88873614155854
88,Gemma 2 9B IT [Instruction-tuned (IT)],119.73324812741723
88,Gemma 2 9B [Pretrained (PT)],110.38729037215137
88,Gemma 2B IT [Instruction-tuned (IT)],93.55952872848098
88,Gemma 2B [Pretrained (PT)],96.49710848405137
88,Gemma 3 12B IT [Instruction-tuned (IT)],126.91762906425181
88,Gemma 3 12B [Pretrained (PT)],115.39084998081628
88,Gemma 3 1B IT [Instruction-tuned (IT)],103.90705920131236
88,Gemma 3 1B [Pretrained (PT)],80.74679267570187
88,Gemma 3 27B IT [Instruction-tuned (IT)],131.46358688976596
88,Gemma 3 27B [Pretrained (PT)],119.27526595362528
88,Gemma 3 4B IT [Instruction-tuned (IT)],122.08677050671929
88,Gemma 3 4B [Pretrained (PT)],108.00044553714804
88,Gemma 3n E2B IT [Instruction-tuned (IT)],111.26964504620956
88,Gemma 3n E2B [Pretrained (PT)],100.3766780611356
88,Gemma 3n E4B IT [Instruction-tuned (IT)],117.39517131938585
88,Gemma 3n E4B [Pretrained (PT)],107.27813115969624
88,"Gemma 4 12B [IT, Thinking mode]",143.28616143820062
88,"Gemma 4 26B A4B [IT, Thinking mode]",144.88943105181187
88,"Gemma 4 31B [IT, Thinking mode]",147.52859588120668
88,"Gemma 4 E2B [IT, Thinking mode]",131.55952520710088
88,"Gemma 4 E4B [IT, Thinking mode]",134.72907766167089
88,Gemma 7B IT [Instruction-tuned (IT)],101.25248146080327
88,Gemma 7B [Pretrained (PT)],107.64107390598716
88,Llama-2-13b-chat-hf [Instruct/chat],106.75630466565146
88,Llama-2-13b-hf [Pretrained (PT)],104.88830689272433
88,Llama-2-7b-chat-hf [Instruct/chat],91.59368058676208
88,Llama-2-7b-hf [Pretrained (PT)],99.35272051818174
88,Llama-3.1-8B [Pretrained (PT)],103.03289118084513
88,Llama-3.1-8B-Instruct [Instruct/chat],115.36476779983461
88,Llama-3.2-1B [Pretrained (PT)],91.97836800023545
88,Llama-3.2-1B-Instruct [Instruct/chat],108.39080263133067
88,Llama-3.2-3B [Pretrained (PT)],97.75852312937518
88,Llama-3.2-3B-Instruct [Instruct/chat],116.41272229542382
88,Meta-Llama-3-8B [Pretrained (PT)],96.54746816022438
88,Meta-Llama-3-8B-Instruct [Instruct/chat],118.09221159534353
88,OLMo-1B-hf [Pretrained (PT)],95.32553427117928
88,OLMo-2-1124-7B-Instruct [Instruct/chat],108.25402015538712
88,OLMo-7B-Instruct-hf [Instruct/chat],103.708560543364
88,OLMo-7B-hf [Pretrained (PT)],90.0160908846193
88,OLMoE-1B-7B-0125-Instruct [Instruct/chat],103.49550665089981
88,OLMoE-1B-7B-0924 [Pretrained (PT)],96.93743610177349
88,OLMoE-1B-7B-0924-Instruct [Instruct/chat],102.86592732160247
88,Phi-3-medium-128k-instruct [Instruct/chat],121.62920664383536
88,Phi-3-medium-4k-instruct [Instruct/chat],118.66759850473018
88,Phi-3-mini-128k-instruct [Instruct/chat],118.1933260357996
88,Phi-3-mini-4k-instruct [Instruct/chat],118.02718234456036
88,Phi-3-small-128k-instruct [Instruct/chat],119.60760880911992
88,Phi-3-small-8k-instruct [Instruct/chat],122.1081643000922
88,Phi-3.5-mini-instruct [Instruct/chat],118.84008184581057
88,Phi-4-mini-instruct [Instruct/chat],120.50720810280683
88,Qwen-1.8B-Chat [Instruct/chat],99.70187878462778
88,Qwen-14B-Chat [Instruct/chat],109.97072185614891
88,Qwen-7B-Chat [Instruct/chat],105.72747314345204
88,Qwen1.5-0.5B-Chat [Instruct/chat],70.60819051625654
88,Qwen1.5-1.8B [Base (no official chat academic scores)],102.55607677579344
88,Qwen1.5-1.8B-Chat [Instruct/chat],95.5428465545018
88,Qwen1.5-14B [Base (no official chat academic scores)],110.88299424650876
88,Qwen1.5-14B-Chat [Instruct/chat],113.2850410147107
88,Qwen1.5-32B [Base (no official chat academic scores)],113.97692461879787
88,Qwen1.5-32B-Chat [Instruct/chat],117.28470133440015
88,Qwen1.5-4B [Base (no official chat academic scores)],107.2631610257039
88,Qwen1.5-4B-Chat [Instruct/chat],99.69102986416756
88,Qwen1.5-7B [Base (no official chat academic scores)],109.2355445005166
88,Qwen1.5-7B-Chat [Instruct/chat],104.21994544726697
88,Qwen2-0.5B-Instruct [Instruct/chat],94.5678105440837
88,Qwen2-1.5B-Instruct [Instruct/chat],109.26442570440943
88,Qwen2-7B-Instruct [Instruct/chat],117.14541373081087
88,Qwen2.5-0.5B-Instruct [Instruct/chat],107.81697035939848
88,Qwen2.5-1.5B-Instruct [Instruct/chat],114.86294951221086
88,Qwen2.5-14B-Instruct [Instruct/chat],126.74852245910708
88,Qwen2.5-32B-Instruct [Instruct/chat],129.42950782520262
88,Qwen2.5-3B-Instruct [Instruct/chat],120.27213714305672
88,Qwen2.5-7B-Instruct [Instruct/chat],124.51295806515049
88,Qwen3-0.6B [Non-thinking mode],102.66213314455356
88,Qwen3-0.6B [Thinking mode],114.60251169029067
88,Qwen3-1.7B [Non-thinking mode],117.18168261087615
88,Qwen3-1.7B [Thinking mode],124.60203317085544
88,Qwen3-14B [Non-thinking mode],128.76235101630235
88,Qwen3-14B [Thinking mode],139.12739080024724
88,Qwen3-30B-A3B [Non-thinking mode],129.80802171492914
88,Qwen3-30B-A3B [Thinking mode],139.335389791269
88,Qwen3-30B-A3B-Instruct-2507 [Instruct (non-thinking)],141.12505487383746
88,Qwen3-30B-A3B-Thinking-2507 [Thinking],140.8964747669477
88,Qwen3-32B [Non-thinking mode],129.73770523892037
88,Qwen3-32B [Thinking mode],139.7447674623207
88,Qwen3-4B [Non-thinking mode],124.99832823834878
88,Qwen3-4B [Thinking mode],137.29417367715544
88,Qwen3-4B-Instruct-2507 [Instruct (non-thinking)],132.44901792945242
88,Qwen3-4B-Thinking-2507 [Thinking],137.57373637506697
88,Qwen3-8B [Non-thinking mode],126.83489473662378
88,Qwen3-8B [Thinking mode],137.48685810880477
88,Qwen3.5-0.8B [Non-thinking rows],111.04829165955576
88,Qwen3.5-0.8B [Thinking (default)],112.28540606005362
88,Qwen3.5-27B [Thinking (default)],148.81241966620752
88,Qwen3.5-2B [Non-thinking rows],122.97870945295048
88,Qwen3.5-2B [Thinking (default)],128.6302795636866
88,Qwen3.5-35B-A3B [Thinking (default)],146.2003336881198
88,Qwen3.5-4B [Thinking (default)],141.6554580448377
88,Qwen3.5-9B [Thinking (default)],144.70221858133388
88,Qwen3.6-27B [Thinking (default)],150.13380134842373
88,Qwen3.6-35B-A3B [Thinking (default)],148.58945002444875
88,SmolLM-1.7B [Pretrained (PT)],95.31149624498188
88,SmolLM-1.7B-Instruct [Instruct/chat],80.61856977350092
88,SmolLM-135M [Pretrained (PT)],97.18547634282919
88,SmolLM-135M-Instruct [Instruct/chat],87.16133416603836
88,SmolLM-360M [Pretrained (PT)],96.14282034603752
88,SmolLM-360M-Instruct [Instruct/chat],94.19782267741896
88,SmolLM2-1.7B [Pretrained (PT)],100.09889250320592
88,SmolLM2-1.7B-Instruct [Instruct/chat],111.79897678620937
88,SmolLM2-135M [Pretrained (PT)],94.99867733913213
88,SmolLM2-135M-Instruct [Instruct/chat],91.70112449245508
88,SmolLM2-360M [Pretrained (PT)],95.29698229277341
88,SmolLM2-360M-Instruct [Instruct/chat],85.33834047713148
88,phi-1 [Pretrained (PT)],93.89694723897327
88,phi-1_5 [Pretrained (PT)],91.18044768082528
88,phi-2 [Pretrained (PT)],107.06298423327812
88,phi-4 [Pretrained (PT)],122.16258628239483
89,Gemma 1.1 2B IT [Instruction-tuned (IT)],100.5987355038665
89,Gemma 1.1 7B IT [Instruction-tuned (IT)],106.1596841143045
89,Gemma 2 27B IT [Instruction-tuned (IT)],123.1446648603275
89,Gemma 2 27B [Pretrained (PT)],116.10302946385906
89,Gemma 2 2B IT [Instruction-tuned (IT)],113.03529108459867
89,Gemma 2 2B [Pretrained (PT)],99.82015824122361
89,Gemma 2 9B IT [Instruction-tuned (IT)],119.96381815448638
89,Gemma 2 9B [Pretrained (PT)],114.66024907416214
89,Gemma 2B IT [Instruction-tuned (IT)],87.00802223992494
89,Gemma 2B [Pretrained (PT)],93.25957024042592
89,Gemma 3 12B IT [Instruction-tuned (IT)],128.59752445833317
89,Gemma 3 12B [Pretrained (PT)],115.09610531189276
89,Gemma 3 1B IT [Instruction-tuned (IT)],107.27215659946418
89,Gemma 3 1B [Pretrained (PT)],84.16095355326954
89,Gemma 3 27B IT [Instruction-tuned (IT)],130.67087054888145
89,Gemma 3 27B [Pretrained (PT)],118.09547426153148
89,Gemma 3 4B IT [Instruction-tuned (IT)],121.62950585804892
89,Gemma 3 4B [Pretrained (PT)],104.34985090594765
89,Gemma 3n E2B IT [Instruction-tuned (IT)],108.71833351363928
89,Gemma 3n E2B [Pretrained (PT)],102.20304845928312
89,Gemma 3n E4B IT [Instruction-tuned (IT)],120.44207127707404
89,Gemma 3n E4B [Pretrained (PT)],108.7545459663512
89,"Gemma 4 12B [IT, Thinking mode]",142.57284706237562
89,"Gemma 4 26B A4B [IT, Thinking mode]",145.7716644050989
89,"Gemma 4 31B [IT, Thinking mode]",145.8057472960802
89,"Gemma 4 E2B [IT, Thinking mode]",129.29681848152902
89,"Gemma 4 E4B [IT, Thinking mode]",136.12279150702275
89,Gemma 7B IT [Instruction-tuned (IT)],98.94443354325061
89,Gemma 7B [Pretrained (PT)],108.5884606856915
89,Llama-2-13b-chat-hf [Instruct/chat],106.20524942989474
89,Llama-2-13b-hf [Pretrained (PT)],105.1606804933447
89,Llama-2-7b-chat-hf [Instruct/chat],104.30253730980208
89,Llama-2-7b-hf [Pretrained (PT)],97.94226263077026
89,Llama-3.1-8B [Pretrained (PT)],113.58922453815832
89,Llama-3.1-8B-Instruct [Instruct/chat],116.11931656209059
89,Llama-3.2-1B [Pretrained (PT)],84.08187433636138
89,Llama-3.2-1B-Instruct [Instruct/chat],96.44513411130612
89,Llama-3.2-3B [Pretrained (PT)],94.49160304074482
89,Llama-3.2-3B-Instruct [Instruct/chat],118.98405013988662
89,Meta-Llama-3-8B [Pretrained (PT)],100.13811816753787
89,Meta-Llama-3-8B-Instruct [Instruct/chat],114.25457241382641
89,OLMo-1B-hf [Pretrained (PT)],79.95630143628523
89,OLMo-2-1124-7B-Instruct [Instruct/chat],117.78045949847626
89,OLMo-7B-Instruct-hf [Instruct/chat],100.03691988013243
89,OLMo-7B-hf [Pretrained (PT)],95.24276504124339
89,OLMoE-1B-7B-0125-Instruct [Instruct/chat],115.25356753254016
89,OLMoE-1B-7B-0924 [Pretrained (PT)],93.18421452992115
89,OLMoE-1B-7B-0924-Instruct [Instruct/chat],106.358692071902
89,Phi-3-medium-128k-instruct [Instruct/chat],122.36128956874902
89,Phi-3-medium-4k-instruct [Instruct/chat],124.33394878736738
89,Phi-3-mini-128k-instruct [Instruct/chat],118.45381656117036
89,Phi-3-mini-4k-instruct [Instruct/chat],118.90519694990326
89,Phi-3-small-128k-instruct [Instruct/chat],120.9637310649279
89,Phi-3-small-8k-instruct [Instruct/chat],121.61997342461461
89,Phi-3.5-mini-instruct [Instruct/chat],119.77822298773253
89,Phi-4-mini-instruct [Instruct/chat],120.89097481922086
89,Qwen-1.8B-Chat [Instruct/chat],96.98270439337486
89,Qwen-14B-Chat [Instruct/chat],109.46204512651694
89,Qwen-7B-Chat [Instruct/chat],105.05042720303445
89,Qwen1.5-0.5B-Chat [Instruct/chat],84.88578914769647
89,Qwen1.5-1.8B [Base (no official chat academic scores)],100.76526816819943
89,Qwen1.5-1.8B-Chat [Instruct/chat],93.83866227420822
89,Qwen1.5-14B [Base (no official chat academic scores)],111.00976910281098
89,Qwen1.5-14B-Chat [Instruct/chat],115.33751758062188
89,Qwen1.5-32B [Base (no official chat academic scores)],114.06735324790246
89,Qwen1.5-32B-Chat [Instruct/chat],119.46732535203617
89,Qwen1.5-4B [Base (no official chat academic scores)],104.28589844532533
89,Qwen1.5-4B-Chat [Instruct/chat],99.50393994341712
89,Qwen1.5-7B [Base (no official chat academic scores)],107.10941592450354
89,Qwen1.5-7B-Chat [Instruct/chat],106.50212404487323
89,Qwen2-0.5B-Instruct [Instruct/chat],99.08997234805872
89,Qwen2-1.5B-Instruct [Instruct/chat],107.44449156455144
89,Qwen2-7B-Instruct [Instruct/chat],119.61280673259245
89,Qwen2.5-0.5B-Instruct [Instruct/chat],107.34176317351726
89,Qwen2.5-1.5B-Instruct [Instruct/chat],116.37213877272922
89,Qwen2.5-14B-Instruct [Instruct/chat],127.58759911108353
89,Qwen2.5-32B-Instruct [Instruct/chat],130.4798202965537
89,Qwen2.5-3B-Instruct [Instruct/chat],119.88180314620334
89,Qwen2.5-7B-Instruct [Instruct/chat],123.58754819814133
89,Qwen3-0.6B [Non-thinking mode],109.42152313242813
89,Qwen3-0.6B [Thinking mode],115.4166429644614
89,Qwen3-1.7B [Non-thinking mode],117.8789091966102
89,Qwen3-1.7B [Thinking mode],126.14859280755552
89,Qwen3-14B [Non-thinking mode],127.12096403460599
89,Qwen3-14B [Thinking mode],138.32096458678714
89,Qwen3-30B-A3B [Non-thinking mode],129.64350373367466
89,Qwen3-30B-A3B [Thinking mode],138.41836413211868
89,Qwen3-30B-A3B-Instruct-2507 [Instruct (non-thinking)],135.78557823576094
89,Qwen3-30B-A3B-Thinking-2507 [Thinking],141.00700025302626
89,Qwen3-32B [Non-thinking mode],130.19209354227524
89,Qwen3-32B [Thinking mode],138.54603243953866
89,Qwen3-4B [Non-thinking mode],125.81961012831798
89,Qwen3-4B [Thinking mode],135.4575824161479
89,Qwen3-4B-Instruct-2507 [Instruct (non-thinking)],132.29690977027337
89,Qwen3-4B-Thinking-2507 [Thinking],138.19065627254315
89,Qwen3-8B [Non-thinking mode],127.63596306539236
89,Qwen3-8B [Thinking mode],136.96402468611907
89,Qwen3.5-0.8B [Non-thinking rows],113.0063917053265
89,Qwen3.5-0.8B [Thinking (default)],115.28543774479566
89,Qwen3.5-27B [Thinking (default)],147.46860447892453
89,Qwen3.5-2B [Non-thinking rows],122.13077694960279
89,Qwen3.5-2B [Thinking (default)],130.55690290991677
89,Qwen3.5-35B-A3B [Thinking (default)],145.14510646510092
89,Qwen3.5-4B [Thinking (default)],141.96396713811052
89,Qwen3.5-9B [Thinking (default)],143.97509842719688
89,Qwen3.6-27B [Thinking (default)],148.76314168451108
89,Qwen3.6-35B-A3B [Thinking (default)],147.38046582259076
89,SmolLM-1.7B [Pretrained (PT)],90.92673156377876
89,SmolLM-1.7B-Instruct [Instruct/chat],75.71570214820866
89,SmolLM-135M [Pretrained (PT)],88.66989208517724
89,SmolLM-135M-Instruct [Instruct/chat],78.28379424214664
89,SmolLM-360M [Pretrained (PT)],90.28214088601193
89,SmolLM-360M-Instruct [Instruct/chat],86.68995431100802
89,SmolLM2-1.7B [Pretrained (PT)],97.59025084158867
89,SmolLM2-1.7B-Instruct [Instruct/chat],108.28746119527675
89,SmolLM2-135M [Pretrained (PT)],86.80464181977794
89,SmolLM2-135M-Instruct [Instruct/chat],91.71240825270627
89,SmolLM2-360M [Pretrained (PT)],90.48528394570464
89,SmolLM2-360M-Instruct [Instruct/chat],81.91776001456233
89,phi-1 [Pretrained (PT)],89.04963734640025
89,phi-1_5 [Pretrained (PT)],68.24855409361658
89,phi-2 [Pretrained (PT)],106.40740516220545
89,phi-4 [Pretrained (PT)],128.98794059088289
90,Gemma 1.1 2B IT [Instruction-tuned (IT)],98.45747900705592
90,Gemma 1.1 7B IT [Instruction-tuned (IT)],105.64149965995061
90,Gemma 2 27B IT [Instruction-tuned (IT)],124.55661011142395
90,Gemma 2 27B [Pretrained (PT)],116.63420724383593
90,Gemma 2 2B IT [Instruction-tuned (IT)],101.10002220902757
90,Gemma 2 2B [Pretrained (PT)],97.60803916783674
90,Gemma 2 9B IT [Instruction-tuned (IT)],119.07473285445002
90,Gemma 2 9B [Pretrained (PT)],110.7283470082003
90,Gemma 2B IT [Instruction-tuned (IT)],91.19267704941396
90,Gemma 2B [Pretrained (PT)],95.0401286270362
90,Gemma 3 12B IT [Instruction-tuned (IT)],125.22878379821482
90,Gemma 3 12B [Pretrained (PT)],114.01554513578363
90,Gemma 3 1B IT [Instruction-tuned (IT)],98.11694915889025
90,Gemma 3 1B [Pretrained (PT)],86.71970177912618
90,Gemma 3 27B IT [Instruction-tuned (IT)],128.930715828439
90,Gemma 3 27B [Pretrained (PT)],118.76078276287608
90,Gemma 3 4B IT [Instruction-tuned (IT)],118.53476390130022
90,Gemma 3 4B [Pretrained (PT)],103.41242476294474
90,Gemma 3n E2B IT [Instruction-tuned (IT)],112.26638640117339
90,Gemma 3n E2B [Pretrained (PT)],99.64279500091081
90,Gemma 3n E4B IT [Instruction-tuned (IT)],115.80830046895458
90,Gemma 3n E4B [Pretrained (PT)],107.46107026001698
90,"Gemma 4 12B [IT, Thinking mode]",142.53491282382788
90,"Gemma 4 26B A4B [IT, Thinking mode]",144.27283837087003
90,"Gemma 4 31B [IT, Thinking mode]",146.02417430902028
90,"Gemma 4 E2B [IT, Thinking mode]",129.42671076366634
90,"Gemma 4 E4B [IT, Thinking mode]",135.275057466659
90,Gemma 7B IT [Instruction-tuned (IT)],101.00122723830543
90,Gemma 7B [Pretrained (PT)],106.6913965622686
90,Llama-2-13b-chat-hf [Instruct/chat],105.32478529476627
90,Llama-2-13b-hf [Pretrained (PT)],104.85293375656488
90,Llama-2-7b-chat-hf [Instruct/chat],93.8840637174053
90,Llama-2-7b-hf [Pretrained (PT)],99.68123389937725
90,Llama-3.1-8B [Pretrained (PT)],98.72196100814435
90,Llama-3.1-8B-Instruct [Instruct/chat],114.23925459292707
90,Llama-3.2-1B [Pretrained (PT)],88.19435325630305
90,Llama-3.2-1B-Instruct [Instruct/chat],111.08501579754896
90,Llama-3.2-3B [Pretrained (PT)],102.26595909351475
90,Llama-3.2-3B-Instruct [Instruct/chat],117.51145225860338
90,Meta-Llama-3-8B [Pretrained (PT)],88.88401227956555
90,Meta-Llama-3-8B-Instruct [Instruct/chat],116.9558819783479
90,OLMo-1B-hf [Pretrained (PT)],90.86117915264616
90,OLMo-2-1124-7B-Instruct [Instruct/chat],118.11248361268287
90,OLMo-7B-Instruct-hf [Instruct/chat],102.12764001382273
90,OLMo-7B-hf [Pretrained (PT)],95.82779565715444
90,OLMoE-1B-7B-0125-Instruct [Instruct/chat],112.5384732406992
90,OLMoE-1B-7B-0924 [Pretrained (PT)],95.20981672984519
90,OLMoE-1B-7B-0924-Instruct [Instruct/chat],107.37838619600348
90,Phi-3-medium-128k-instruct [Instruct/chat],119.22142949687785
90,Phi-3-medium-4k-instruct [Instruct/chat],120.73713375436536
90,Phi-3-mini-128k-instruct [Instruct/chat],117.98097031634472
90,Phi-3-mini-4k-instruct [Instruct/chat],117.0450044593372
90,Phi-3-small-128k-instruct [Instruct/chat],124.5698009547361
90,Phi-3-small-8k-instruct [Instruct/chat],119.44206789814595
90,Phi-3.5-mini-instruct [Instruct/chat],118.84091813698207
90,Phi-4-mini-instruct [Instruct/chat],120.29150410264961
90,Qwen-1.8B-Chat [Instruct/chat],99.23440000780622
90,Qwen-14B-Chat [Instruct/chat],109.00220286127292
90,Qwen-7B-Chat [Instruct/chat],104.18962159995223
90,Qwen1.5-0.5B-Chat [Instruct/chat],77.9847442035351
90,Qwen1.5-1.8B [Base (no official chat academic scores)],101.92365671844793
90,Qwen1.5-1.8B-Chat [Instruct/chat],93.14980672970297
90,Qwen1.5-14B [Base (no official chat academic scores)],110.54833481982419
90,Qwen1.5-14B-Chat [Instruct/chat],106.10300805843511
90,Qwen1.5-32B [Base (no official chat academic scores)],112.16697995308007
90,Qwen1.5-32B-Chat [Instruct/chat],117.59880671933952
90,Qwen1.5-4B [Base (no official chat academic scores)],104.58105524843249
90,Qwen1.5-4B-Chat [Instruct/chat],100.93612172293827
90,Qwen1.5-7B [Base (no official chat academic scores)],105.85819089534553
90,Qwen1.5-7B-Chat [Instruct/chat],102.0883031342343
90,Qwen2-0.5B-Instruct [Instruct/chat],95.08767415990114
90,Qwen2-1.5B-Instruct [Instruct/chat],107.79967819503474
90,Qwen2-7B-Instruct [Instruct/chat],118.12697709282904
90,Qwen2.5-0.5B-Instruct [Instruct/chat],108.97025732108054
90,Qwen2.5-1.5B-Instruct [Instruct/chat],115.31948112889296
90,Qwen2.5-14B-Instruct [Instruct/chat],127.25863520252392
90,Qwen2.5-32B-Instruct [Instruct/chat],129.59089858084073
90,Qwen2.5-3B-Instruct [Instruct/chat],120.23770600978614
90,Qwen2.5-7B-Instruct [Instruct/chat],121.77665340677876
90,Qwen3-0.6B [Non-thinking mode],108.88238637125619
90,Qwen3-0.6B [Thinking mode],114.6720490842168
90,Qwen3-1.7B [Non-thinking mode],118.54240431138874
90,Qwen3-1.7B [Thinking mode],125.2722049267953
90,Qwen3-14B [Non-thinking mode],127.60545021299198
90,Qwen3-14B [Thinking mode],138.05809790050535
90,Qwen3-30B-A3B [Non-thinking mode],129.50922365166758
90,Qwen3-30B-A3B [Thinking mode],138.5601371497052
90,Qwen3-30B-A3B-Instruct-2507 [Instruct (non-thinking)],136.38709911198472
90,Qwen3-30B-A3B-Thinking-2507 [Thinking],141.8544043047156
90,Qwen3-32B [Non-thinking mode],133.25234296116437
90,Qwen3-32B [Thinking mode],138.94949932217435
90,Qwen3-4B [Non-thinking mode],125.41317447747909
90,Qwen3-4B [Thinking mode],135.08996078362145
90,Qwen3-4B-Instruct-2507 [Instruct (non-thinking)],131.271348665268
90,Qwen3-4B-Thinking-2507 [Thinking],137.06742087269495
90,Qwen3-8B [Non-thinking mode],127.59578761366251
90,Qwen3-8B [Thinking mode],136.96005157444012
90,Qwen3.5-0.8B [Non-thinking rows],111.81783052041362
90,Qwen3.5-0.8B [Thinking (default)],116.2207391426379
90,Qwen3.5-27B [Thinking (default)],148.00012052613374
90,Qwen3.5-2B [Non-thinking rows],122.25895595911231
90,Qwen3.5-2B [Thinking (default)],130.1446375586089
90,Qwen3.5-35B-A3B [Thinking (default)],146.20560825331484
90,Qwen3.5-4B [Thinking (default)],141.54480145681256
90,Qwen3.5-9B [Thinking (default)],144.85828965872926
90,Qwen3.6-27B [Thinking (default)],149.23366244972416
90,Qwen3.6-35B-A3B [Thinking (default)],147.9098659608577
90,SmolLM-1.7B [Pretrained (PT)],80.9081372916271
90,SmolLM-1.7B-Instruct [Instruct/chat],92.20113925538357
90,SmolLM-135M [Pretrained (PT)],93.82258506502527
90,SmolLM-135M-Instruct [Instruct/chat],84.31715809697857
90,SmolLM-360M [Pretrained (PT)],92.54465009557879
90,SmolLM-360M-Instruct [Instruct/chat],92.08183441178551
90,SmolLM2-1.7B [Pretrained (PT)],96.80793228863318
90,SmolLM2-1.7B-Instruct [Instruct/chat],112.03250250141082
90,SmolLM2-135M [Pretrained (PT)],90.34283732426513
90,SmolLM2-135M-Instruct [Instruct/chat],84.04310559299014
90,SmolLM2-360M [Pretrained (PT)],93.60361043717387
90,SmolLM2-360M-Instruct [Instruct/chat],101.01244780572691
90,phi-1 [Pretrained (PT)],84.17988633486615
90,phi-1_5 [Pretrained (PT)],88.68354643615865
90,phi-2 [Pretrained (PT)],106.12226720733331
90,phi-4 [Pretrained (PT)],129.1045744886384
91,Gemma 1.1 2B IT [Instruction-tuned (IT)],98.7687647523776
91,Gemma 1.1 7B IT [Instruction-tuned (IT)],108.95654422422894
91,Gemma 2 27B IT [Instruction-tuned (IT)],123.0952853462704
91,Gemma 2 27B [Pretrained (PT)],117.03153493923912
91,Gemma 2 2B IT [Instruction-tuned (IT)],109.48354949068934
91,Gemma 2 2B [Pretrained (PT)],100.98775485141587
91,Gemma 2 9B IT [Instruction-tuned (IT)],120.33977946195935
91,Gemma 2 9B [Pretrained (PT)],112.44682690406891
91,Gemma 2B IT [Instruction-tuned (IT)],90.24241331276113
91,Gemma 2B [Pretrained (PT)],96.84010935156681
91,Gemma 3 12B IT [Instruction-tuned (IT)],127.52696377898127
91,Gemma 3 12B [Pretrained (PT)],116.21754577179011
91,Gemma 3 1B IT [Instruction-tuned (IT)],110.72858538450102
91,Gemma 3 1B [Pretrained (PT)],82.7609824111384
91,Gemma 3 27B IT [Instruction-tuned (IT)],131.03334309469352
91,Gemma 3 27B [Pretrained (PT)],119.8780316974138
91,Gemma 3 4B IT [Instruction-tuned (IT)],123.30599728092459
91,Gemma 3 4B [Pretrained (PT)],105.74771255588797
91,Gemma 3n E2B IT [Instruction-tuned (IT)],111.80371492037344
91,Gemma 3n E2B [Pretrained (PT)],100.19916651806281
91,Gemma 3n E4B IT [Instruction-tuned (IT)],120.18635869165217
91,Gemma 3n E4B [Pretrained (PT)],107.09367618849174
91,"Gemma 4 12B [IT, Thinking mode]",143.43816265177588
91,"Gemma 4 26B A4B [IT, Thinking mode]",146.98561786355026
91,"Gemma 4 31B [IT, Thinking mode]",147.6858807460036
91,"Gemma 4 E2B [IT, Thinking mode]",130.20842246257794
91,"Gemma 4 E4B [IT, Thinking mode]",135.52108405578113
91,Gemma 7B IT [Instruction-tuned (IT)],100.3375635363244
91,Gemma 7B [Pretrained (PT)],109.96576124594742
91,Llama-2-13b-chat-hf [Instruct/chat],104.32527148093477
91,Llama-2-13b-hf [Pretrained (PT)],103.91359374971108
91,Llama-2-7b-chat-hf [Instruct/chat],97.83889111380799
91,Llama-2-7b-hf [Pretrained (PT)],98.3090758861383
91,Llama-3.1-8B [Pretrained (PT)],97.71772127850204
91,Llama-3.1-8B-Instruct [Instruct/chat],119.00304840332879
91,Llama-3.2-1B [Pretrained (PT)],85.53851440489103
91,Llama-3.2-1B-Instruct [Instruct/chat],112.47417252730102
91,Llama-3.2-3B [Pretrained (PT)],91.59818468767297
91,Llama-3.2-3B-Instruct [Instruct/chat],118.30198716848258
91,Meta-Llama-3-8B [Pretrained (PT)],109.62773913606595
91,Meta-Llama-3-8B-Instruct [Instruct/chat],113.33413888509098
91,OLMo-1B-hf [Pretrained (PT)],92.02589975017293
91,OLMo-2-1124-7B-Instruct [Instruct/chat],116.37881955781877
91,OLMo-7B-Instruct-hf [Instruct/chat],98.05116126758176
91,OLMo-7B-hf [Pretrained (PT)],94.96476252464909
91,OLMoE-1B-7B-0125-Instruct [Instruct/chat],115.97063749433904
91,OLMoE-1B-7B-0924 [Pretrained (PT)],93.23764671193477
91,OLMoE-1B-7B-0924-Instruct [Instruct/chat],108.04066881595551
91,Phi-3-medium-128k-instruct [Instruct/chat],118.59554038508267
91,Phi-3-medium-4k-instruct [Instruct/chat],121.4614931837456
91,Phi-3-mini-128k-instruct [Instruct/chat],116.83152346932418
91,Phi-3-mini-4k-instruct [Instruct/chat],117.58938599786755
91,Phi-3-small-128k-instruct [Instruct/chat],121.23314857394784
91,Phi-3-small-8k-instruct [Instruct/chat],119.35043496762903
91,Phi-3.5-mini-instruct [Instruct/chat],118.82329731961102
91,Phi-4-mini-instruct [Instruct/chat],122.10663965989421
91,Qwen-1.8B-Chat [Instruct/chat],100.02284637622812
91,Qwen-14B-Chat [Instruct/chat],108.46830220767934
91,Qwen-7B-Chat [Instruct/chat],106.06790502191778
91,Qwen1.5-0.5B-Chat [Instruct/chat],71.521333592035
91,Qwen1.5-1.8B [Base (no official chat academic scores)],101.78395543695797
91,Qwen1.5-1.8B-Chat [Instruct/chat],90.89214097225326
91,Qwen1.5-14B [Base (no official chat academic scores)],112.4254909700061
91,Qwen1.5-14B-Chat [Instruct/chat],108.91188625177539
91,Qwen1.5-32B [Base (no official chat academic scores)],113.33114561536902
91,Qwen1.5-32B-Chat [Instruct/chat],115.76212842143559
91,Qwen1.5-4B [Base (no official chat academic scores)],102.12701073801442
91,Qwen1.5-4B-Chat [Instruct/chat],100.89865290767398
91,Qwen1.5-7B [Base (no official chat academic scores)],108.38571812849415
91,Qwen1.5-7B-Chat [Instruct/chat],100.54919981531646
91,Qwen2-0.5B-Instruct [Instruct/chat],90.62540164366237
91,Qwen2-1.5B-Instruct [Instruct/chat],106.93188143630944
91,Qwen2-7B-Instruct [Instruct/chat],119.3499023811564
91,Qwen2.5-0.5B-Instruct [Instruct/chat],108.22448645654009
91,Qwen2.5-1.5B-Instruct [Instruct/chat],112.9640969344199
91,Qwen2.5-14B-Instruct [Instruct/chat],127.51403917271071
91,Qwen2.5-32B-Instruct [Instruct/chat],130.1374768924342
91,Qwen2.5-3B-Instruct [Instruct/chat],119.77623145386589
91,Qwen2.5-7B-Instruct [Instruct/chat],124.67702506478282
91,Qwen3-0.6B [Non-thinking mode],107.44510209475911
91,Qwen3-0.6B [Thinking mode],113.85650719579914
91,Qwen3-1.7B [Non-thinking mode],119.84376367469166
91,Qwen3-1.7B [Thinking mode],129.65973131473896
91,Qwen3-14B [Non-thinking mode],129.12639728583164
91,Qwen3-14B [Thinking mode],138.409971304098
91,Qwen3-30B-A3B [Non-thinking mode],129.63981897214293
91,Qwen3-30B-A3B [Thinking mode],138.1122364854242
91,Qwen3-30B-A3B-Instruct-2507 [Instruct (non-thinking)],137.62055946810113
91,Qwen3-30B-A3B-Thinking-2507 [Thinking],141.6540146500187
91,Qwen3-32B [Non-thinking mode],131.04291226047297
91,Qwen3-32B [Thinking mode],139.00150467150317
91,Qwen3-4B [Non-thinking mode],126.58272386783966
91,Qwen3-4B [Thinking mode],136.08007796152853
91,Qwen3-4B-Instruct-2507 [Instruct (non-thinking)],133.07120016482085
91,Qwen3-4B-Thinking-2507 [Thinking],138.9833682059886
91,Qwen3-8B [Non-thinking mode],129.0859843384505
91,Qwen3-8B [Thinking mode],136.57486556503807
91,Qwen3.5-0.8B [Non-thinking rows],110.76410931619333
91,Qwen3.5-0.8B [Thinking (default)],112.11041921029076
91,Qwen3.5-27B [Thinking (default)],148.22804641982486
91,Qwen3.5-2B [Non-thinking rows],122.98965429862197
91,Qwen3.5-2B [Thinking (default)],132.943596845803
91,Qwen3.5-35B-A3B [Thinking (default)],144.0632583058325
91,Qwen3.5-4B [Thinking (default)],142.4517167693768
91,Qwen3.5-9B [Thinking (default)],144.50663371365866
91,Qwen3.6-27B [Thinking (default)],150.98821240149312
91,Qwen3.6-35B-A3B [Thinking (default)],149.17595588244575
91,SmolLM-1.7B [Pretrained (PT)],89.61737251117898
91,SmolLM-1.7B-Instruct [Instruct/chat],91.56685439328643
91,SmolLM-135M [Pretrained (PT)],85.12295420581208
91,SmolLM-135M-Instruct [Instruct/chat],81.27403445011319
91,SmolLM-360M [Pretrained (PT)],84.63728168202698
91,SmolLM-360M-Instruct [Instruct/chat],74.93794342796875
91,SmolLM2-1.7B [Pretrained (PT)],94.84311041381471
91,SmolLM2-1.7B-Instruct [Instruct/chat],100.18187139239548
91,SmolLM2-135M [Pretrained (PT)],85.4119623729365
91,SmolLM2-135M-Instruct [Instruct/chat],96.16699568517451
91,SmolLM2-360M [Pretrained (PT)],91.88865925454624
91,SmolLM2-360M-Instruct [Instruct/chat],79.11737334126173
91,phi-1 [Pretrained (PT)],83.3135390550463
91,phi-1_5 [Pretrained (PT)],85.13516975149383
91,phi-2 [Pretrained (PT)],110.37278714829807
91,phi-4 [Pretrained (PT)],130.83446669956743
92,Gemma 1.1 2B IT [Instruction-tuned (IT)],100.86052940196133
92,Gemma 1.1 7B IT [Instruction-tuned (IT)],104.38267953801753
92,Gemma 2 27B IT [Instruction-tuned (IT)],123.39810256963057
92,Gemma 2 27B [Pretrained (PT)],111.61585877335399
92,Gemma 2 2B IT [Instruction-tuned (IT)],105.08851612892688
92,Gemma 2 2B [Pretrained (PT)],98.31812001877176
92,Gemma 2 9B IT [Instruction-tuned (IT)],119.60205487849012
92,Gemma 2 9B [Pretrained (PT)],112.26895135165756
92,Gemma 2B IT [Instruction-tuned (IT)],90.28823298926287
92,Gemma 2B [Pretrained (PT)],95.04746960355487
92,Gemma 3 12B IT [Instruction-tuned (IT)],126.10523032073002
92,Gemma 3 12B [Pretrained (PT)],117.51936588720723
92,Gemma 3 1B IT [Instruction-tuned (IT)],106.70327236291612
92,Gemma 3 1B [Pretrained (PT)],85.59307241159033
92,Gemma 3 27B IT [Instruction-tuned (IT)],129.75298115290508
92,Gemma 3 27B [Pretrained (PT)],119.713990578705
92,Gemma 3 4B IT [Instruction-tuned (IT)],118.67724032303053
92,Gemma 3 4B [Pretrained (PT)],103.50441899474968
92,Gemma 3n E2B IT [Instruction-tuned (IT)],114.2797156024251
92,Gemma 3n E2B [Pretrained (PT)],100.65648314259957
92,Gemma 3n E4B IT [Instruction-tuned (IT)],122.24274154027425
92,Gemma 3n E4B [Pretrained (PT)],107.69261007812621
92,"Gemma 4 12B [IT, Thinking mode]",142.65158559837062
92,"Gemma 4 26B A4B [IT, Thinking mode]",144.84504253862406
92,"Gemma 4 31B [IT, Thinking mode]",148.3826316300385
92,"Gemma 4 E2B [IT, Thinking mode]",126.620020280145
92,"Gemma 4 E4B [IT, Thinking mode]",133.75047607297822
92,Gemma 7B IT [Instruction-tuned (IT)],105.85803975818983
92,Gemma 7B [Pretrained (PT)],108.13138184392982
92,Llama-2-13b-chat-hf [Instruct/chat],96.51087638526582
92,Llama-2-13b-hf [Pretrained (PT)],105.42803626943186
92,Llama-2-7b-chat-hf [Instruct/chat],106.68251715059246
92,Llama-2-7b-hf [Pretrained (PT)],98.17815369550597
92,Llama-3.1-8B [Pretrained (PT)],104.58377992956486
92,Llama-3.1-8B-Instruct [Instruct/chat],117.38546602879143
92,Llama-3.2-1B [Pretrained (PT)],89.07059509206877
92,Llama-3.2-1B-Instruct [Instruct/chat],115.52057785381055
92,Llama-3.2-3B [Pretrained (PT)],92.06449965293913
92,Llama-3.2-3B-Instruct [Instruct/chat],120.1128626742007
92,Meta-Llama-3-8B [Pretrained (PT)],104.6668517840647
92,Meta-Llama-3-8B-Instruct [Instruct/chat],116.75020787118834
92,OLMo-1B-hf [Pretrained (PT)],96.26773599787589
92,OLMo-2-1124-7B-Instruct [Instruct/chat],114.82348505961154
92,OLMo-7B-Instruct-hf [Instruct/chat],95.86858363882985
92,OLMo-7B-hf [Pretrained (PT)],98.83103747853133
92,OLMoE-1B-7B-0125-Instruct [Instruct/chat],103.09335971036295
92,OLMoE-1B-7B-0924 [Pretrained (PT)],94.71169481831438
92,OLMoE-1B-7B-0924-Instruct [Instruct/chat],108.64829187978096
92,Phi-3-medium-128k-instruct [Instruct/chat],120.05569412699538
92,Phi-3-medium-4k-instruct [Instruct/chat],126.26536642709314
92,Phi-3-mini-128k-instruct [Instruct/chat],118.38791897182206
92,Phi-3-mini-4k-instruct [Instruct/chat],120.66947327321995
92,Phi-3-small-128k-instruct [Instruct/chat],121.80380537053144
92,Phi-3-small-8k-instruct [Instruct/chat],123.25156196688502
92,Phi-3.5-mini-instruct [Instruct/chat],119.52235104669077
92,Phi-4-mini-instruct [Instruct/chat],120.94050645285336
92,Qwen-1.8B-Chat [Instruct/chat],93.75237640397398
92,Qwen-14B-Chat [Instruct/chat],108.87709681131842
92,Qwen-7B-Chat [Instruct/chat],102.20342016233236
92,Qwen1.5-0.5B-Chat [Instruct/chat],84.56407156574883
92,Qwen1.5-1.8B [Base (no official chat academic scores)],96.40481797843829
92,Qwen1.5-1.8B-Chat [Instruct/chat],91.77397693396881
92,Qwen1.5-14B [Base (no official chat academic scores)],111.56367619548986
92,Qwen1.5-14B-Chat [Instruct/chat],111.9087114160208
92,Qwen1.5-32B [Base (no official chat academic scores)],114.65735451228652
92,Qwen1.5-32B-Chat [Instruct/chat],116.93207485690837
92,Qwen1.5-4B [Base (no official chat academic scores)],100.14679562064659
92,Qwen1.5-4B-Chat [Instruct/chat],102.67790438461194
92,Qwen1.5-7B [Base (no official chat academic scores)],106.01066125772965
92,Qwen1.5-7B-Chat [Instruct/chat],101.55813522945438
92,Qwen2-0.5B-Instruct [Instruct/chat],83.40315641214505
92,Qwen2-1.5B-Instruct [Instruct/chat],107.90133796653112
92,Qwen2-7B-Instruct [Instruct/chat],119.76362410460925
92,Qwen2.5-0.5B-Instruct [Instruct/chat],106.69091113866423
92,Qwen2.5-1.5B-Instruct [Instruct/chat],115.72172894802725
92,Qwen2.5-14B-Instruct [Instruct/chat],128.45217159490164
92,Qwen2.5-32B-Instruct [Instruct/chat],130.6891050030576
92,Qwen2.5-3B-Instruct [Instruct/chat],118.95235636968252
92,Qwen2.5-7B-Instruct [Instruct/chat],124.45274709331518
92,Qwen3-0.6B [Non-thinking mode],108.9539209077017
92,Qwen3-0.6B [Thinking mode],117.0442493869175
92,Qwen3-1.7B [Non-thinking mode],117.85455348474541
92,Qwen3-1.7B [Thinking mode],129.27137960838309
92,Qwen3-14B [Non-thinking mode],129.34236054045957
92,Qwen3-14B [Thinking mode],136.9245555318703
92,Qwen3-30B-A3B [Non-thinking mode],130.2228066093761
92,Qwen3-30B-A3B [Thinking mode],138.46469215568345
92,Qwen3-30B-A3B-Instruct-2507 [Instruct (non-thinking)],137.42452068598828
92,Qwen3-30B-A3B-Thinking-2507 [Thinking],140.97845010796112
92,Qwen3-32B [Non-thinking mode],129.71281568341368
92,Qwen3-32B [Thinking mode],138.30811204904333
92,Qwen3-4B [Non-thinking mode],126.64321384533247
92,Qwen3-4B [Thinking mode],135.22997590025602
92,Qwen3-4B-Instruct-2507 [Instruct (non-thinking)],133.0803511241265
92,Qwen3-4B-Thinking-2507 [Thinking],137.7681707203329
92,Qwen3-8B [Non-thinking mode],127.73643293068484
92,Qwen3-8B [Thinking mode],136.30131430039066
92,Qwen3.5-0.8B [Non-thinking rows],113.18384538721843
92,Qwen3.5-0.8B [Thinking (default)],115.13794537771254
92,Qwen3.5-27B [Thinking (default)],147.51927027589701
92,Qwen3.5-2B [Non-thinking rows],121.72053193015883
92,Qwen3.5-2B [Thinking (default)],130.92125253769893
92,Qwen3.5-35B-A3B [Thinking (default)],143.77966022780265
92,Qwen3.5-4B [Thinking (default)],141.6606264129321
92,Qwen3.5-9B [Thinking (default)],143.3202538950628
92,Qwen3.6-27B [Thinking (default)],149.69113449267567
92,Qwen3.6-35B-A3B [Thinking (default)],146.1458955734062
92,SmolLM-1.7B [Pretrained (PT)],84.28978239907806
92,SmolLM-1.7B-Instruct [Instruct/chat],94.05056064618759
92,SmolLM-135M [Pretrained (PT)],106.37865484266406
92,SmolLM-135M-Instruct [Instruct/chat],87.64942533220292
92,SmolLM-360M [Pretrained (PT)],96.0777683882683
92,SmolLM-360M-Instruct [Instruct/chat],93.91825117850306
92,SmolLM2-1.7B [Pretrained (PT)],101.31711716783656
92,SmolLM2-1.7B-Instruct [Instruct/chat],114.53833648651833
92,SmolLM2-135M [Pretrained (PT)],80.22266480341852
92,SmolLM2-135M-Instruct [Instruct/chat],100.34247083638915
92,SmolLM2-360M [Pretrained (PT)],81.34815957509693
92,SmolLM2-360M-Instruct [Instruct/chat],85.62905695809494
92,phi-1 [Pretrained (PT)],81.95307600870521
92,phi-1_5 [Pretrained (PT)],83.08566723815429
92,phi-2 [Pretrained (PT)],112.52381785830127
92,phi-4 [Pretrained (PT)],114.95643512782884
93,Gemma 1.1 2B IT [Instruction-tuned (IT)],99.16006395410362
93,Gemma 1.1 7B IT [Instruction-tuned (IT)],106.78890325228167
93,Gemma 2 27B IT [Instruction-tuned (IT)],122.42173255878625
93,Gemma 2 27B [Pretrained (PT)],114.41855447267879
93,Gemma 2 2B IT [Instruction-tuned (IT)],109.41386171676761
93,Gemma 2 2B [Pretrained (PT)],99.7831533516411
93,Gemma 2 9B IT [Instruction-tuned (IT)],119.04922417160236
93,Gemma 2 9B [Pretrained (PT)],113.2020106799057
93,Gemma 2B IT [Instruction-tuned (IT)],92.73166143971963
93,Gemma 2B [Pretrained (PT)],97.08325532191434
93,Gemma 3 12B IT [Instruction-tuned (IT)],126.03948762115681
93,Gemma 3 12B [Pretrained (PT)],113.97782628124574
93,Gemma 3 1B IT [Instruction-tuned (IT)],105.2939643135339
93,Gemma 3 1B [Pretrained (PT)],91.02061059196689
93,Gemma 3 27B IT [Instruction-tuned (IT)],128.2456959683359
93,Gemma 3 27B [Pretrained (PT)],117.8003391053534
93,Gemma 3 4B IT [Instruction-tuned (IT)],121.05102444825019
93,Gemma 3 4B [Pretrained (PT)],108.94858159302551
93,Gemma 3n E2B IT [Instruction-tuned (IT)],111.83478749628236
93,Gemma 3n E2B [Pretrained (PT)],101.32029053570665
93,Gemma 3n E4B IT [Instruction-tuned (IT)],114.78158440921402
93,Gemma 3n E4B [Pretrained (PT)],106.82494047149004
93,"Gemma 4 12B [IT, Thinking mode]",143.43182592102374
93,"Gemma 4 26B A4B [IT, Thinking mode]",145.72492592630127
93,"Gemma 4 31B [IT, Thinking mode]",148.997097642975
93,"Gemma 4 E2B [IT, Thinking mode]",129.11673631305803
93,"Gemma 4 E4B [IT, Thinking mode]",134.03297784870327
93,Gemma 7B IT [Instruction-tuned (IT)],100.89249379126211
93,Gemma 7B [Pretrained (PT)],110.00157670715451
93,Llama-2-13b-chat-hf [Instruct/chat],104.71504529057881
93,Llama-2-13b-hf [Pretrained (PT)],103.19292255753726
93,Llama-2-7b-chat-hf [Instruct/chat],103.55953675931994
93,Llama-2-7b-hf [Pretrained (PT)],100.58897594093173
93,Llama-3.1-8B [Pretrained (PT)],113.2644372903933
93,Llama-3.1-8B-Instruct [Instruct/chat],113.50924650009115
93,Llama-3.2-1B [Pretrained (PT)],85.70567472692161
93,Llama-3.2-1B-Instruct [Instruct/chat],96.66309609596351
93,Llama-3.2-3B [Pretrained (PT)],93.80186382871827
93,Llama-3.2-3B-Instruct [Instruct/chat],117.50821752197224
93,Meta-Llama-3-8B [Pretrained (PT)],95.12683573213172
93,Meta-Llama-3-8B-Instruct [Instruct/chat],117.0192998041819
93,OLMo-1B-hf [Pretrained (PT)],94.37475679281836
93,OLMo-2-1124-7B-Instruct [Instruct/chat],115.55044975601427
93,OLMo-7B-Instruct-hf [Instruct/chat],101.47948383775068
93,OLMo-7B-hf [Pretrained (PT)],98.21468029155047
93,OLMoE-1B-7B-0125-Instruct [Instruct/chat],116.34736176087357
93,OLMoE-1B-7B-0924 [Pretrained (PT)],95.43843780131428
93,OLMoE-1B-7B-0924-Instruct [Instruct/chat],106.12137818729765
93,Phi-3-medium-128k-instruct [Instruct/chat],119.39361170366155
93,Phi-3-medium-4k-instruct [Instruct/chat],119.16886551312993
93,Phi-3-mini-128k-instruct [Instruct/chat],116.47907044838455
93,Phi-3-mini-4k-instruct [Instruct/chat],116.26855011600013
93,Phi-3-small-128k-instruct [Instruct/chat],120.45699522429197
93,Phi-3-small-8k-instruct [Instruct/chat],120.69471894852592
93,Phi-3.5-mini-instruct [Instruct/chat],118.22266202222903
93,Phi-4-mini-instruct [Instruct/chat],120.89464580113895
93,Qwen-1.8B-Chat [Instruct/chat],98.03652354860654
93,Qwen-14B-Chat [Instruct/chat],107.44591374188794
93,Qwen-7B-Chat [Instruct/chat],104.25927256383702
93,Qwen1.5-0.5B-Chat [Instruct/chat],85.71355047787358
93,Qwen1.5-1.8B [Base (no official chat academic scores)],100.98182364997763
93,Qwen1.5-1.8B-Chat [Instruct/chat],92.66548347152573
93,Qwen1.5-14B [Base (no official chat academic scores)],110.13247703048437
93,Qwen1.5-14B-Chat [Instruct/chat],106.82394898675275
93,Qwen1.5-32B [Base (no official chat academic scores)],115.54147832072825
93,Qwen1.5-32B-Chat [Instruct/chat],113.8019056880591
93,Qwen1.5-4B [Base (no official chat academic scores)],105.94201563707358
93,Qwen1.5-4B-Chat [Instruct/chat],99.58814345797036
93,Qwen1.5-7B [Base (no official chat academic scores)],108.03378236483063
93,Qwen1.5-7B-Chat [Instruct/chat],108.54752977278173
93,Qwen2-0.5B-Instruct [Instruct/chat],99.12683806625301
93,Qwen2-1.5B-Instruct [Instruct/chat],106.91777890585502
93,Qwen2-7B-Instruct [Instruct/chat],118.43943134754431
93,Qwen2.5-0.5B-Instruct [Instruct/chat],105.82296118107921
93,Qwen2.5-1.5B-Instruct [Instruct/chat],111.39755680290479
93,Qwen2.5-14B-Instruct [Instruct/chat],126.37103743143973
93,Qwen2.5-32B-Instruct [Instruct/chat],129.0500915251067
93,Qwen2.5-3B-Instruct [Instruct/chat],117.13476937045345
93,Qwen2.5-7B-Instruct [Instruct/chat],124.70197735709765
93,Qwen3-0.6B [Non-thinking mode],99.61032999938297
93,Qwen3-0.6B [Thinking mode],107.67219312926085
93,Qwen3-1.7B [Non-thinking mode],116.65536533193095
93,Qwen3-1.7B [Thinking mode],125.84141855188919
93,Qwen3-14B [Non-thinking mode],126.62086045016274
93,Qwen3-14B [Thinking mode],137.50943586272635
93,Qwen3-30B-A3B [Non-thinking mode],127.23831286357891
93,Qwen3-30B-A3B [Thinking mode],138.2019095392001
93,Qwen3-30B-A3B-Instruct-2507 [Instruct (non-thinking)],136.60144743977642
93,Qwen3-30B-A3B-Thinking-2507 [Thinking],140.6479560799248
93,Qwen3-32B [Non-thinking mode],127.94513313215799
93,Qwen3-32B [Thinking mode],138.79999867119312
93,Qwen3-4B [Non-thinking mode],123.70057795797712
93,Qwen3-4B [Thinking mode],135.2891494121722
93,Qwen3-4B-Instruct-2507 [Instruct (non-thinking)],131.61597534013043
93,Qwen3-4B-Thinking-2507 [Thinking],137.4298228804443
93,Qwen3-8B [Non-thinking mode],124.93829477251315
93,Qwen3-8B [Thinking mode],135.87286554624333
93,Qwen3.5-0.8B [Non-thinking rows],108.55271552465753
93,Qwen3.5-0.8B [Thinking (default)],107.76678584560896
93,Qwen3.5-27B [Thinking (default)],147.38875200162659
93,Qwen3.5-2B [Non-thinking rows],117.38659865536725
93,Qwen3.5-2B [Thinking (default)],129.99304416317824
93,Qwen3.5-35B-A3B [Thinking (default)],145.61969274453372
93,Qwen3.5-4B [Thinking (default)],142.62502691789305
93,Qwen3.5-9B [Thinking (default)],145.8111129653056
93,Qwen3.6-27B [Thinking (default)],150.04622732902976
93,Qwen3.6-35B-A3B [Thinking (default)],145.1784097297777
93,SmolLM-1.7B [Pretrained (PT)],94.69336453238537
93,SmolLM-1.7B-Instruct [Instruct/chat],95.29480896251644
93,SmolLM-135M [Pretrained (PT)],95.56918380512425
93,SmolLM-135M-Instruct [Instruct/chat],87.17661392160157
93,SmolLM-360M [Pretrained (PT)],94.8867371014132
93,SmolLM-360M-Instruct [Instruct/chat],91.64967210043758
93,SmolLM2-1.7B [Pretrained (PT)],97.60059010156483
93,SmolLM2-1.7B-Instruct [Instruct/chat],100.85878202219882
93,SmolLM2-135M [Pretrained (PT)],91.49299282862381
93,SmolLM2-135M-Instruct [Instruct/chat],88.41434135786307
93,SmolLM2-360M [Pretrained (PT)],93.73035679843571
93,SmolLM2-360M-Instruct [Instruct/chat],102.40787055955214
93,phi-1 [Pretrained (PT)],89.82139955033963
93,phi-1_5 [Pretrained (PT)],89.95774638689223
93,phi-2 [Pretrained (PT)],109.89665373377555
93,phi-4 [Pretrained (PT)],89.79320480977385
94,Gemma 1.1 2B IT [Instruction-tuned (IT)],90.52414075504512
94,Gemma 1.1 7B IT [Instruction-tuned (IT)],108.10325688605437
94,Gemma 2 27B IT [Instruction-tuned (IT)],122.18898659627718
94,Gemma 2 27B [Pretrained (PT)],116.82675159733718
94,Gemma 2 2B IT [Instruction-tuned (IT)],109.37072881815311
94,Gemma 2 2B [Pretrained (PT)],98.89758679516538
94,Gemma 2 9B IT [Instruction-tuned (IT)],117.29994994217583
94,Gemma 2 9B [Pretrained (PT)],111.85202783579822
94,Gemma 2B IT [Instruction-tuned (IT)],89.31418029553447
94,Gemma 2B [Pretrained (PT)],94.31002955782266
94,Gemma 3 12B IT [Instruction-tuned (IT)],129.5914968889484
94,Gemma 3 12B [Pretrained (PT)],115.85475119433148
94,Gemma 3 1B IT [Instruction-tuned (IT)],108.05631114855441
94,Gemma 3 1B [Pretrained (PT)],85.34484499881594
94,Gemma 3 27B IT [Instruction-tuned (IT)],128.58938746715077
94,Gemma 3 27B [Pretrained (PT)],121.60746653889137
94,Gemma 3 4B IT [Instruction-tuned (IT)],118.76491444305569
94,Gemma 3 4B [Pretrained (PT)],104.37815993440823
94,Gemma 3n E2B IT [Instruction-tuned (IT)],114.92940175593994
94,Gemma 3n E2B [Pretrained (PT)],99.47448721957417
94,Gemma 3n E4B IT [Instruction-tuned (IT)],119.75867733833235
94,Gemma 3n E4B [Pretrained (PT)],110.26584328753056
94,"Gemma 4 12B [IT, Thinking mode]",140.0941838455191
94,"Gemma 4 26B A4B [IT, Thinking mode]",144.50769024437653
94,"Gemma 4 31B [IT, Thinking mode]",142.69907367626337
94,"Gemma 4 E2B [IT, Thinking mode]",130.2639030251151
94,"Gemma 4 E4B [IT, Thinking mode]",133.88883570988114
94,Gemma 7B IT [Instruction-tuned (IT)],99.54136476760618
94,Gemma 7B [Pretrained (PT)],109.05509058054838
94,Llama-2-13b-chat-hf [Instruct/chat],104.48543054115459
94,Llama-2-13b-hf [Pretrained (PT)],104.78943028656963
94,Llama-2-7b-chat-hf [Instruct/chat],100.73890299054091
94,Llama-2-7b-hf [Pretrained (PT)],97.22420872803765
94,Llama-3.1-8B [Pretrained (PT)],93.10792558416671
94,Llama-3.1-8B-Instruct [Instruct/chat],112.04767912613771
94,Llama-3.2-1B [Pretrained (PT)],84.31852313258537
94,Llama-3.2-1B-Instruct [Instruct/chat],97.7939911388481
94,Llama-3.2-3B [Pretrained (PT)],85.75594325719446
94,Llama-3.2-3B-Instruct [Instruct/chat],113.79209582837952
94,Meta-Llama-3-8B [Pretrained (PT)],99.75197990898023
94,Meta-Llama-3-8B-Instruct [Instruct/chat],117.07242017371577
94,OLMo-1B-hf [Pretrained (PT)],85.59627816821043
94,OLMo-2-1124-7B-Instruct [Instruct/chat],110.49478118401757
94,OLMo-7B-Instruct-hf [Instruct/chat],101.44919099649066
94,OLMo-7B-hf [Pretrained (PT)],95.93862364301678
94,OLMoE-1B-7B-0125-Instruct [Instruct/chat],112.65209462391147
94,OLMoE-1B-7B-0924 [Pretrained (PT)],92.60929684167291
94,OLMoE-1B-7B-0924-Instruct [Instruct/chat],108.32426177364839
94,Phi-3-medium-128k-instruct [Instruct/chat],122.53251241173164
94,Phi-3-medium-4k-instruct [Instruct/chat],122.94237609892197
94,Phi-3-mini-128k-instruct [Instruct/chat],117.57649272557815
94,Phi-3-mini-4k-instruct [Instruct/chat],116.1138775645142
94,Phi-3-small-128k-instruct [Instruct/chat],120.8218888629159
94,Phi-3-small-8k-instruct [Instruct/chat],119.88439231638476
94,Phi-3.5-mini-instruct [Instruct/chat],117.82886121117592
94,Phi-4-mini-instruct [Instruct/chat],118.51070629136858
94,Qwen-1.8B-Chat [Instruct/chat],97.31650038132878
94,Qwen-14B-Chat [Instruct/chat],107.82484687699005
94,Qwen-7B-Chat [Instruct/chat],106.30029797395991
94,Qwen1.5-0.5B-Chat [Instruct/chat],75.42354997426094
94,Qwen1.5-1.8B [Base (no official chat academic scores)],101.7421276496371
94,Qwen1.5-1.8B-Chat [Instruct/chat],90.87792956597292
94,Qwen1.5-14B [Base (no official chat academic scores)],109.44464276866138
94,Qwen1.5-14B-Chat [Instruct/chat],103.26272068017272
94,Qwen1.5-32B [Base (no official chat academic scores)],113.12465269421583
94,Qwen1.5-32B-Chat [Instruct/chat],116.58300214827807
94,Qwen1.5-4B [Base (no official chat academic scores)],102.76645333276272
94,Qwen1.5-4B-Chat [Instruct/chat],101.32636706217161
94,Qwen1.5-7B [Base (no official chat academic scores)],106.19971717673167
94,Qwen1.5-7B-Chat [Instruct/chat],98.38794390303303
94,Qwen2-0.5B-Instruct [Instruct/chat],93.72640720116317
94,Qwen2-1.5B-Instruct [Instruct/chat],104.84487615933527
94,Qwen2-7B-Instruct [Instruct/chat],118.77635212659605
94,Qwen2.5-0.5B-Instruct [Instruct/chat],102.8795752676126
94,Qwen2.5-1.5B-Instruct [Instruct/chat],113.01857622575093
94,Qwen2.5-14B-Instruct [Instruct/chat],126.16404722665106
94,Qwen2.5-32B-Instruct [Instruct/chat],129.03886799386578
94,Qwen2.5-3B-Instruct [Instruct/chat],116.80835319404075
94,Qwen2.5-7B-Instruct [Instruct/chat],122.12397465215184
94,Qwen3-0.6B [Non-thinking mode],104.08019127066524
94,Qwen3-0.6B [Thinking mode],110.90590261068307
94,Qwen3-1.7B [Non-thinking mode],116.55863225393503
94,Qwen3-1.7B [Thinking mode],125.48318275370391
94,Qwen3-14B [Non-thinking mode],130.78925085789155
94,Qwen3-14B [Thinking mode],137.85613020106973
94,Qwen3-30B-A3B [Non-thinking mode],130.24132027487823
94,Qwen3-30B-A3B [Thinking mode],137.44176077402807
94,Qwen3-30B-A3B-Instruct-2507 [Instruct (non-thinking)],136.20373539402283
94,Qwen3-30B-A3B-Thinking-2507 [Thinking],140.81065655219015
94,Qwen3-32B [Non-thinking mode],130.25532455108814
94,Qwen3-32B [Thinking mode],138.10312226514094
94,Qwen3-4B [Non-thinking mode],124.62849777926698
94,Qwen3-4B [Thinking mode],135.01789514972003
94,Qwen3-4B-Instruct-2507 [Instruct (non-thinking)],132.58139703223858
94,Qwen3-4B-Thinking-2507 [Thinking],139.11358947474295
94,Qwen3-8B [Non-thinking mode],127.30016623017968
94,Qwen3-8B [Thinking mode],136.3945545958761
94,Qwen3.5-0.8B [Non-thinking rows],106.77200219544453
94,Qwen3.5-0.8B [Thinking (default)],108.78718408800935
94,Qwen3.5-27B [Thinking (default)],148.21003380488347
94,Qwen3.5-2B [Non-thinking rows],120.58030889343878
94,Qwen3.5-2B [Thinking (default)],130.44783792912784
94,Qwen3.5-35B-A3B [Thinking (default)],146.63116722424118
94,Qwen3.5-4B [Thinking (default)],142.00513068097825
94,Qwen3.5-9B [Thinking (default)],145.06212008010323
94,Qwen3.6-27B [Thinking (default)],150.18744283259122
94,Qwen3.6-35B-A3B [Thinking (default)],147.73927167500295
94,SmolLM-1.7B [Pretrained (PT)],92.93739823187573
94,SmolLM-1.7B-Instruct [Instruct/chat],91.7051853772789
94,SmolLM-135M [Pretrained (PT)],88.767914577386
94,SmolLM-135M-Instruct [Instruct/chat],80.95935013775718
94,SmolLM-360M [Pretrained (PT)],91.54382576573141
94,SmolLM-360M-Instruct [Instruct/chat],88.51221499931154
94,SmolLM2-1.7B [Pretrained (PT)],99.17255363281043
94,SmolLM2-1.7B-Instruct [Instruct/chat],112.64466732429145
94,SmolLM2-135M [Pretrained (PT)],88.65565372838779
94,SmolLM2-135M-Instruct [Instruct/chat],97.8559107845238
94,SmolLM2-360M [Pretrained (PT)],90.23001513096597
94,SmolLM2-360M-Instruct [Instruct/chat],102.32317419348112
94,phi-1 [Pretrained (PT)],84.77591750881598
94,phi-1_5 [Pretrained (PT)],80.41390852608039
94,phi-2 [Pretrained (PT)],102.38415984650845
94,phi-4 [Pretrained (PT)],121.43246660417852
95,Gemma 1.1 2B IT [Instruction-tuned (IT)],98.22930921595751
95,Gemma 1.1 7B IT [Instruction-tuned (IT)],107.97663590411017
95,Gemma 2 27B IT [Instruction-tuned (IT)],122.40252906818901
95,Gemma 2 27B [Pretrained (PT)],114.71240192257994
95,Gemma 2 2B IT [Instruction-tuned (IT)],106.35386728656118
95,Gemma 2 2B [Pretrained (PT)],101.66444743793423
95,Gemma 2 9B IT [Instruction-tuned (IT)],118.58695468954933
95,Gemma 2 9B [Pretrained (PT)],111.06757689098448
95,Gemma 2B IT [Instruction-tuned (IT)],93.4890734371087
95,Gemma 2B [Pretrained (PT)],95.31922100549617
95,Gemma 3 12B IT [Instruction-tuned (IT)],126.96168654302049
95,Gemma 3 12B [Pretrained (PT)],113.98197966516766
95,Gemma 3 1B IT [Instruction-tuned (IT)],111.22895828226356
95,Gemma 3 1B [Pretrained (PT)],86.41138993554793
95,Gemma 3 27B IT [Instruction-tuned (IT)],129.52873309311602
95,Gemma 3 27B [Pretrained (PT)],117.48479009332306
95,Gemma 3 4B IT [Instruction-tuned (IT)],121.19974577363979
95,Gemma 3 4B [Pretrained (PT)],105.84621911762977
95,Gemma 3n E2B IT [Instruction-tuned (IT)],112.61718392526186
95,Gemma 3n E2B [Pretrained (PT)],100.51423850348115
95,Gemma 3n E4B IT [Instruction-tuned (IT)],120.65122553061983
95,Gemma 3n E4B [Pretrained (PT)],107.4313053090677
95,"Gemma 4 12B [IT, Thinking mode]",142.5708283634317
95,"Gemma 4 26B A4B [IT, Thinking mode]",144.8446535158172
95,"Gemma 4 31B [IT, Thinking mode]",147.44451213353233
95,"Gemma 4 E2B [IT, Thinking mode]",131.9418550863139
95,"Gemma 4 E4B [IT, Thinking mode]",134.52080670961587
95,Gemma 7B IT [Instruction-tuned (IT)],100.52933276205057
95,Gemma 7B [Pretrained (PT)],108.54076746993675
95,Llama-2-13b-chat-hf [Instruct/chat],102.79004441016912
95,Llama-2-13b-hf [Pretrained (PT)],105.52090190950231
95,Llama-2-7b-chat-hf [Instruct/chat],93.16933103964487
95,Llama-2-7b-hf [Pretrained (PT)],97.34315206283827
95,Llama-3.1-8B [Pretrained (PT)],100.07818242117877
95,Llama-3.1-8B-Instruct [Instruct/chat],113.93488889506905
95,Llama-3.2-1B [Pretrained (PT)],86.57658321471187
95,Llama-3.2-1B-Instruct [Instruct/chat],107.08281410042461
95,Llama-3.2-3B [Pretrained (PT)],105.2650131567666
95,Llama-3.2-3B-Instruct [Instruct/chat],118.33475762809289
95,Meta-Llama-3-8B [Pretrained (PT)],105.40672324347241
95,Meta-Llama-3-8B-Instruct [Instruct/chat],116.00044559684848
95,OLMo-1B-hf [Pretrained (PT)],87.16242489355932
95,OLMo-2-1124-7B-Instruct [Instruct/chat],107.76910295678542
95,OLMo-7B-Instruct-hf [Instruct/chat],102.41450980974874
95,OLMo-7B-hf [Pretrained (PT)],96.97011186196418
95,OLMoE-1B-7B-0125-Instruct [Instruct/chat],111.69726936145116
95,OLMoE-1B-7B-0924 [Pretrained (PT)],95.10649889806483
95,OLMoE-1B-7B-0924-Instruct [Instruct/chat],108.76589754201493
95,Phi-3-medium-128k-instruct [Instruct/chat],120.74417806190115
95,Phi-3-medium-4k-instruct [Instruct/chat],122.6888132040577
95,Phi-3-mini-128k-instruct [Instruct/chat],117.25967879561217
95,Phi-3-mini-4k-instruct [Instruct/chat],117.58238382493879
95,Phi-3-small-128k-instruct [Instruct/chat],121.3896883582705
95,Phi-3-small-8k-instruct [Instruct/chat],120.54152210324168
95,Phi-3.5-mini-instruct [Instruct/chat],117.62528347210349
95,Phi-4-mini-instruct [Instruct/chat],119.32700843806538
95,Qwen-1.8B-Chat [Instruct/chat],98.9261508953655
95,Qwen-14B-Chat [Instruct/chat],108.59160303702274
95,Qwen-7B-Chat [Instruct/chat],106.29100543474557
95,Qwen1.5-0.5B-Chat [Instruct/chat],81.43192915037412
95,Qwen1.5-1.8B [Base (no official chat academic scores)],101.0600068187276
95,Qwen1.5-1.8B-Chat [Instruct/chat],91.66052384893119
95,Qwen1.5-14B [Base (no official chat academic scores)],109.6221966970342
95,Qwen1.5-14B-Chat [Instruct/chat],108.79347984467286
95,Qwen1.5-32B [Base (no official chat academic scores)],112.21818674268077
95,Qwen1.5-32B-Chat [Instruct/chat],117.65998722919782
95,Qwen1.5-4B [Base (no official chat academic scores)],103.56560824127357
95,Qwen1.5-4B-Chat [Instruct/chat],97.50622675781096
95,Qwen1.5-7B [Base (no official chat academic scores)],107.67813420242922
95,Qwen1.5-7B-Chat [Instruct/chat],107.37625515107844
95,Qwen2-0.5B-Instruct [Instruct/chat],98.96564015213765
95,Qwen2-1.5B-Instruct [Instruct/chat],106.86617735069906
95,Qwen2-7B-Instruct [Instruct/chat],119.08040845451228
95,Qwen2.5-0.5B-Instruct [Instruct/chat],105.32557143763582
95,Qwen2.5-1.5B-Instruct [Instruct/chat],114.60442667269146
95,Qwen2.5-14B-Instruct [Instruct/chat],127.5772507425629
95,Qwen2.5-32B-Instruct [Instruct/chat],129.81880784450075
95,Qwen2.5-3B-Instruct [Instruct/chat],117.96062488931682
95,Qwen2.5-7B-Instruct [Instruct/chat],122.87469986124482
95,Qwen3-0.6B [Non-thinking mode],102.85951362264294
95,Qwen3-0.6B [Thinking mode],105.47513398705824
95,Qwen3-1.7B [Non-thinking mode],116.16432211393682
95,Qwen3-1.7B [Thinking mode],124.80074431838982
95,Qwen3-14B [Non-thinking mode],127.60589885571811
95,Qwen3-14B [Thinking mode],136.76338523156028
95,Qwen3-30B-A3B [Non-thinking mode],127.29359748147155
95,Qwen3-30B-A3B [Thinking mode],137.10191181420197
95,Qwen3-30B-A3B-Instruct-2507 [Instruct (non-thinking)],136.81378700939143
95,Qwen3-30B-A3B-Thinking-2507 [Thinking],141.3225851883347
95,Qwen3-32B [Non-thinking mode],127.44195679672406
95,Qwen3-32B [Thinking mode],138.5586936367156
95,Qwen3-4B [Non-thinking mode],123.76614376346095
95,Qwen3-4B [Thinking mode],133.97142422150506
95,Qwen3-4B-Instruct-2507 [Instruct (non-thinking)],131.8782102106876
95,Qwen3-4B-Thinking-2507 [Thinking],136.8209109519601
95,Qwen3-8B [Non-thinking mode],125.91237353274825
95,Qwen3-8B [Thinking mode],135.63136116474715
95,Qwen3.5-0.8B [Non-thinking rows],94.08430652832021
95,Qwen3.5-0.8B [Thinking (default)],110.30081602858598
95,Qwen3.5-27B [Thinking (default)],146.54677796614425
95,Qwen3.5-2B [Non-thinking rows],119.3298775667491
95,Qwen3.5-2B [Thinking (default)],129.40594748805083
95,Qwen3.5-35B-A3B [Thinking (default)],143.70701874385566
95,Qwen3.5-4B [Thinking (default)],140.5707034089991
95,Qwen3.5-9B [Thinking (default)],144.1627574655829
95,Qwen3.6-27B [Thinking (default)],148.8477443856805
95,Qwen3.6-35B-A3B [Thinking (default)],145.86560142818007
95,SmolLM-1.7B [Pretrained (PT)],92.02022515667716
95,SmolLM-1.7B-Instruct [Instruct/chat],94.42679163163031
95,SmolLM-135M [Pretrained (PT)],85.88065334076573
95,SmolLM-135M-Instruct [Instruct/chat],83.47715849828262
95,SmolLM-360M [Pretrained (PT)],102.22004035881372
95,SmolLM-360M-Instruct [Instruct/chat],83.6336069042857
95,SmolLM2-1.7B [Pretrained (PT)],95.72993425595294
95,SmolLM2-1.7B-Instruct [Instruct/chat],105.63158424957354
95,SmolLM2-135M [Pretrained (PT)],86.36103413533067
95,SmolLM2-135M-Instruct [Instruct/chat],86.5808074271049
95,SmolLM2-360M [Pretrained (PT)],90.53789662187094
95,SmolLM2-360M-Instruct [Instruct/chat],97.55825015252924
95,phi-1 [Pretrained (PT)],91.7315209685392
95,phi-1_5 [Pretrained (PT)],90.69099668923988
95,phi-2 [Pretrained (PT)],106.18104356983808
95,phi-4 [Pretrained (PT)],119.26762320135988
96,Gemma 1.1 2B IT [Instruction-tuned (IT)],97.75409560078282
96,Gemma 1.1 7B IT [Instruction-tuned (IT)],110.10763989771999
96,Gemma 2 27B IT [Instruction-tuned (IT)],123.85320998904206
96,Gemma 2 27B [Pretrained (PT)],118.91486322087684
96,Gemma 2 2B IT [Instruction-tuned (IT)],112.63239694807746
96,Gemma 2 2B [Pretrained (PT)],98.67830749520972
96,Gemma 2 9B IT [Instruction-tuned (IT)],121.88511277548515
96,Gemma 2 9B [Pretrained (PT)],112.11385903884474
96,Gemma 2B IT [Instruction-tuned (IT)],89.02872355554727
96,Gemma 2B [Pretrained (PT)],94.94533224211207
96,Gemma 3 12B IT [Instruction-tuned (IT)],126.93381847478095
96,Gemma 3 12B [Pretrained (PT)],116.57948000776264
96,Gemma 3 1B IT [Instruction-tuned (IT)],106.7490245272092
96,Gemma 3 1B [Pretrained (PT)],80.07329536352036
96,Gemma 3 27B IT [Instruction-tuned (IT)],131.10271124882055
96,Gemma 3 27B [Pretrained (PT)],121.40138710089637
96,Gemma 3 4B IT [Instruction-tuned (IT)],122.76690121058924
96,Gemma 3 4B [Pretrained (PT)],109.56072513977173
96,Gemma 3n E2B IT [Instruction-tuned (IT)],114.83056583647101
96,Gemma 3n E2B [Pretrained (PT)],98.96488904902404
96,Gemma 3n E4B IT [Instruction-tuned (IT)],120.35639494607922
96,Gemma 3n E4B [Pretrained (PT)],107.58934108610347
96,"Gemma 4 12B [IT, Thinking mode]",141.4879002432852
96,"Gemma 4 26B A4B [IT, Thinking mode]",144.10337850490203
96,"Gemma 4 31B [IT, Thinking mode]",145.56404408200137
96,"Gemma 4 E2B [IT, Thinking mode]",131.93515667951488
96,"Gemma 4 E4B [IT, Thinking mode]",134.5136111553104
96,Gemma 7B IT [Instruction-tuned (IT)],102.01090878376498
96,Gemma 7B [Pretrained (PT)],111.36618414722436
96,Llama-2-13b-chat-hf [Instruct/chat],98.05008535994345
96,Llama-2-13b-hf [Pretrained (PT)],103.37833717097239
96,Llama-2-7b-chat-hf [Instruct/chat],97.03280814850831
96,Llama-2-7b-hf [Pretrained (PT)],96.4009586078639
96,Llama-3.1-8B [Pretrained (PT)],113.87423296860656
96,Llama-3.1-8B-Instruct [Instruct/chat],115.20385925489904
96,Llama-3.2-1B [Pretrained (PT)],83.70712609973566
96,Llama-3.2-1B-Instruct [Instruct/chat],110.0231856575316
96,Llama-3.2-3B [Pretrained (PT)],104.10816881795114
96,Llama-3.2-3B-Instruct [Instruct/chat],115.20735750102024
96,Meta-Llama-3-8B [Pretrained (PT)],112.39389417002906
96,Meta-Llama-3-8B-Instruct [Instruct/chat],117.58240392488375
96,OLMo-1B-hf [Pretrained (PT)],91.17074824485397
96,OLMo-2-1124-7B-Instruct [Instruct/chat],113.69582095453889
96,OLMo-7B-Instruct-hf [Instruct/chat],102.66620281334536
96,OLMo-7B-hf [Pretrained (PT)],81.10095548983804
96,OLMoE-1B-7B-0125-Instruct [Instruct/chat],116.81612465617476
96,OLMoE-1B-7B-0924 [Pretrained (PT)],97.5338518400083
96,OLMoE-1B-7B-0924-Instruct [Instruct/chat],103.36031475559665
96,Phi-3-medium-128k-instruct [Instruct/chat],121.76826537028863
96,Phi-3-medium-4k-instruct [Instruct/chat],123.51821870586434
96,Phi-3-mini-128k-instruct [Instruct/chat],119.40404758059717
96,Phi-3-mini-4k-instruct [Instruct/chat],120.5121645768798
96,Phi-3-small-128k-instruct [Instruct/chat],121.53363891463214
96,Phi-3-small-8k-instruct [Instruct/chat],122.45687799751953
96,Phi-3.5-mini-instruct [Instruct/chat],119.90982731977427
96,Phi-4-mini-instruct [Instruct/chat],121.36053422217864
96,Qwen-1.8B-Chat [Instruct/chat],98.25950505262165
96,Qwen-14B-Chat [Instruct/chat],109.26784487304738
96,Qwen-7B-Chat [Instruct/chat],104.47994886572832
96,Qwen1.5-0.5B-Chat [Instruct/chat],86.45814840040435
96,Qwen1.5-1.8B [Base (no official chat academic scores)],101.20440080819372
96,Qwen1.5-1.8B-Chat [Instruct/chat],89.84920398663931
96,Qwen1.5-14B [Base (no official chat academic scores)],111.02854720578418
96,Qwen1.5-14B-Chat [Instruct/chat],108.70557562166213
96,Qwen1.5-32B [Base (no official chat academic scores)],112.55620928324433
96,Qwen1.5-32B-Chat [Instruct/chat],121.33688078234977
96,Qwen1.5-4B [Base (no official chat academic scores)],103.92713514999717
96,Qwen1.5-4B-Chat [Instruct/chat],96.98495222350302
96,Qwen1.5-7B [Base (no official chat academic scores)],106.95912614289914
96,Qwen1.5-7B-Chat [Instruct/chat],101.59356373936986
96,Qwen2-0.5B-Instruct [Instruct/chat],97.29001176742892
96,Qwen2-1.5B-Instruct [Instruct/chat],109.83997947607742
96,Qwen2-7B-Instruct [Instruct/chat],119.73763142255625
96,Qwen2.5-0.5B-Instruct [Instruct/chat],103.8538737883782
96,Qwen2.5-1.5B-Instruct [Instruct/chat],114.78390338605598
96,Qwen2.5-14B-Instruct [Instruct/chat],127.6025117041805
96,Qwen2.5-32B-Instruct [Instruct/chat],130.63083185604052
96,Qwen2.5-3B-Instruct [Instruct/chat],119.28095993003748
96,Qwen2.5-7B-Instruct [Instruct/chat],125.68037150811485
96,Qwen3-0.6B [Non-thinking mode],98.73510369329077
96,Qwen3-0.6B [Thinking mode],109.20555563058797
96,Qwen3-1.7B [Non-thinking mode],118.6214714982341
96,Qwen3-1.7B [Thinking mode],126.10737106871451
96,Qwen3-14B [Non-thinking mode],128.9161885032922
96,Qwen3-14B [Thinking mode],138.5395374672758
96,Qwen3-30B-A3B [Non-thinking mode],129.23197277617822
96,Qwen3-30B-A3B [Thinking mode],138.02418087523074
96,Qwen3-30B-A3B-Instruct-2507 [Instruct (non-thinking)],137.493250099468
96,Qwen3-30B-A3B-Thinking-2507 [Thinking],142.54769695173155
96,Qwen3-32B [Non-thinking mode],130.42428473718545
96,Qwen3-32B [Thinking mode],140.09724144615336
96,Qwen3-4B [Non-thinking mode],124.77143486215677
96,Qwen3-4B [Thinking mode],137.21279788200187
96,Qwen3-4B-Instruct-2507 [Instruct (non-thinking)],132.04151492985744
96,Qwen3-4B-Thinking-2507 [Thinking],137.36521093139459
96,Qwen3-8B [Non-thinking mode],127.37322792197702
96,Qwen3-8B [Thinking mode],137.4238249366957
96,Qwen3.5-0.8B [Non-thinking rows],109.1757431899859
96,Qwen3.5-0.8B [Thinking (default)],113.22606913844841
96,Qwen3.5-27B [Thinking (default)],147.5773758112607
96,Qwen3.5-2B [Non-thinking rows],120.27940612380795
96,Qwen3.5-2B [Thinking (default)],130.71417195312924
96,Qwen3.5-35B-A3B [Thinking (default)],145.65401838319684
96,Qwen3.5-4B [Thinking (default)],142.3857105620366
96,Qwen3.5-9B [Thinking (default)],144.07688248997889
96,Qwen3.6-27B [Thinking (default)],150.78442901617439
96,Qwen3.6-35B-A3B [Thinking (default)],147.04648776834375
96,SmolLM-1.7B [Pretrained (PT)],93.09242625667838
96,SmolLM-1.7B-Instruct [Instruct/chat],81.83094160588756
96,SmolLM-135M [Pretrained (PT)],90.6509102932327
96,SmolLM-135M-Instruct [Instruct/chat],80.30097253063542
96,SmolLM-360M [Pretrained (PT)],91.39451531221468
96,SmolLM-360M-Instruct [Instruct/chat],89.07058190668553
96,SmolLM2-1.7B [Pretrained (PT)],94.8213497795068
96,SmolLM2-1.7B-Instruct [Instruct/chat],102.55835589224789
96,SmolLM2-135M [Pretrained (PT)],86.7612992660035
96,SmolLM2-135M-Instruct [Instruct/chat],97.20581337682673
96,SmolLM2-360M [Pretrained (PT)],89.3836514845907
96,SmolLM2-360M-Instruct [Instruct/chat],81.82114183060878
96,phi-1 [Pretrained (PT)],90.33220067025675
96,phi-1_5 [Pretrained (PT)],93.76116629156625
96,phi-2 [Pretrained (PT)],108.9753399104622
96,phi-4 [Pretrained (PT)],129.6345761542544
97,Gemma 1.1 2B IT [Instruction-tuned (IT)],96.72371584829048
97,Gemma 1.1 7B IT [Instruction-tuned (IT)],105.11708004993626
97,Gemma 2 27B IT [Instruction-tuned (IT)],124.14454964745711
97,Gemma 2 27B [Pretrained (PT)],113.5795711705894
97,Gemma 2 2B IT [Instruction-tuned (IT)],104.8831832999015
97,Gemma 2 2B [Pretrained (PT)],97.97938105947642
97,Gemma 2 9B IT [Instruction-tuned (IT)],120.27944614121826
97,Gemma 2 9B [Pretrained (PT)],114.83763777608763
97,Gemma 2B IT [Instruction-tuned (IT)],92.22790922450423
97,Gemma 2B [Pretrained (PT)],96.0508430867485
97,Gemma 3 12B IT [Instruction-tuned (IT)],127.27466014513008
97,Gemma 3 12B [Pretrained (PT)],114.79513969703862
97,Gemma 3 1B IT [Instruction-tuned (IT)],94.55800231903292
97,Gemma 3 1B [Pretrained (PT)],83.81941949203328
97,Gemma 3 27B IT [Instruction-tuned (IT)],129.48251451109883
97,Gemma 3 27B [Pretrained (PT)],117.38680600375233
97,Gemma 3 4B IT [Instruction-tuned (IT)],120.33910139487621
97,Gemma 3 4B [Pretrained (PT)],104.47547923187855
97,Gemma 3n E2B IT [Instruction-tuned (IT)],110.49315718394979
97,Gemma 3n E2B [Pretrained (PT)],101.15248307094171
97,Gemma 3n E4B IT [Instruction-tuned (IT)],114.8824461755773
97,Gemma 3n E4B [Pretrained (PT)],107.97583556446969
97,"Gemma 4 12B [IT, Thinking mode]",141.761114223809
97,"Gemma 4 26B A4B [IT, Thinking mode]",144.37826258743553
97,"Gemma 4 31B [IT, Thinking mode]",146.71652493341776
97,"Gemma 4 E2B [IT, Thinking mode]",130.9056138514233
97,"Gemma 4 E4B [IT, Thinking mode]",135.24213655101616
97,Gemma 7B IT [Instruction-tuned (IT)],100.31390374763531
97,Gemma 7B [Pretrained (PT)],108.44101404825754
97,Llama-2-13b-chat-hf [Instruct/chat],94.74392668327859
97,Llama-2-13b-hf [Pretrained (PT)],104.62475664884275
97,Llama-2-7b-chat-hf [Instruct/chat],100.03838855717129
97,Llama-2-7b-hf [Pretrained (PT)],97.47252326868323
97,Llama-3.1-8B [Pretrained (PT)],88.95971550656427
97,Llama-3.1-8B-Instruct [Instruct/chat],114.44156373162551
97,Llama-3.2-1B [Pretrained (PT)],85.82828497289773
97,Llama-3.2-1B-Instruct [Instruct/chat],108.70026947248438
97,Llama-3.2-3B [Pretrained (PT)],92.22364116479062
97,Llama-3.2-3B-Instruct [Instruct/chat],117.08931162372963
97,Meta-Llama-3-8B [Pretrained (PT)],88.45576146658549
97,Meta-Llama-3-8B-Instruct [Instruct/chat],117.84896534083313
97,OLMo-1B-hf [Pretrained (PT)],91.9374561371325
97,OLMo-2-1124-7B-Instruct [Instruct/chat],104.99161189384797
97,OLMo-7B-Instruct-hf [Instruct/chat],101.54246476746921
97,OLMo-7B-hf [Pretrained (PT)],91.27381032153714
97,OLMoE-1B-7B-0125-Instruct [Instruct/chat],113.54280386441404
97,OLMoE-1B-7B-0924 [Pretrained (PT)],93.20512947469277
97,OLMoE-1B-7B-0924-Instruct [Instruct/chat],105.96149267882038
97,Phi-3-medium-128k-instruct [Instruct/chat],123.809301417911
97,Phi-3-medium-4k-instruct [Instruct/chat],120.27014570188989
97,Phi-3-mini-128k-instruct [Instruct/chat],116.78286346379988
97,Phi-3-mini-4k-instruct [Instruct/chat],116.23227691463043
97,Phi-3-small-128k-instruct [Instruct/chat],120.34142603828342
97,Phi-3-small-8k-instruct [Instruct/chat],121.11747097846796
97,Phi-3.5-mini-instruct [Instruct/chat],119.25276908666046
97,Phi-4-mini-instruct [Instruct/chat],119.93268473714414
97,Qwen-1.8B-Chat [Instruct/chat],99.86500715158107
97,Qwen-14B-Chat [Instruct/chat],110.05299049745705
97,Qwen-7B-Chat [Instruct/chat],105.18485766072503
97,Qwen1.5-0.5B-Chat [Instruct/chat],74.26291339291139
97,Qwen1.5-1.8B [Base (no official chat academic scores)],102.22971549164322
97,Qwen1.5-1.8B-Chat [Instruct/chat],89.31535969797817
97,Qwen1.5-14B [Base (no official chat academic scores)],110.3307867699743
97,Qwen1.5-14B-Chat [Instruct/chat],105.18387481579312
97,Qwen1.5-32B [Base (no official chat academic scores)],115.09418978520083
97,Qwen1.5-32B-Chat [Instruct/chat],119.86496418934155
97,Qwen1.5-4B [Base (no official chat academic scores)],106.4836840430733
97,Qwen1.5-4B-Chat [Instruct/chat],96.6990301118234
97,Qwen1.5-7B [Base (no official chat academic scores)],106.96711793136956
97,Qwen1.5-7B-Chat [Instruct/chat],101.45931458773123
97,Qwen2-0.5B-Instruct [Instruct/chat],99.9146092214337
97,Qwen2-1.5B-Instruct [Instruct/chat],104.98653892855216
97,Qwen2-7B-Instruct [Instruct/chat],117.87879655467418
97,Qwen2.5-0.5B-Instruct [Instruct/chat],106.24681657827759
97,Qwen2.5-1.5B-Instruct [Instruct/chat],112.9873284472789
97,Qwen2.5-14B-Instruct [Instruct/chat],128.3290793830735
97,Qwen2.5-32B-Instruct [Instruct/chat],130.5181534796544
97,Qwen2.5-3B-Instruct [Instruct/chat],120.63722804535315
97,Qwen2.5-7B-Instruct [Instruct/chat],123.69796089201594
97,Qwen3-0.6B [Non-thinking mode],108.56509463152591
97,Qwen3-0.6B [Thinking mode],110.4804524520637
97,Qwen3-1.7B [Non-thinking mode],119.41576939265057
97,Qwen3-1.7B [Thinking mode],124.7151425605838
97,Qwen3-14B [Non-thinking mode],129.1682971977126
97,Qwen3-14B [Thinking mode],137.6461190927888
97,Qwen3-30B-A3B [Non-thinking mode],128.7321677425247
97,Qwen3-30B-A3B [Thinking mode],137.76123376987525
97,Qwen3-30B-A3B-Instruct-2507 [Instruct (non-thinking)],136.78622633904106
97,Qwen3-30B-A3B-Thinking-2507 [Thinking],141.58270263111189
97,Qwen3-32B [Non-thinking mode],129.62874081182585
97,Qwen3-32B [Thinking mode],138.76073101793435
97,Qwen3-4B [Non-thinking mode],125.62100359966273
97,Qwen3-4B [Thinking mode],134.2399722779594
97,Qwen3-4B-Instruct-2507 [Instruct (non-thinking)],132.03855281448884
97,Qwen3-4B-Thinking-2507 [Thinking],137.89972007700038
97,Qwen3-8B [Non-thinking mode],127.2474108216329
97,Qwen3-8B [Thinking mode],136.4673513609415
97,Qwen3.5-0.8B [Non-thinking rows],103.55660468790362
97,Qwen3.5-0.8B [Thinking (default)],113.05432194907783
97,Qwen3.5-27B [Thinking (default)],147.5939753987772
97,Qwen3.5-2B [Non-thinking rows],122.36646081311603
97,Qwen3.5-2B [Thinking (default)],130.61759473024966
97,Qwen3.5-35B-A3B [Thinking (default)],146.7579126434547
97,Qwen3.5-4B [Thinking (default)],141.8822417322377
97,Qwen3.5-9B [Thinking (default)],144.5879403026179
97,Qwen3.6-27B [Thinking (default)],150.1287609623792
97,Qwen3.6-35B-A3B [Thinking (default)],143.66622407037815
97,SmolLM-1.7B [Pretrained (PT)],92.44964178843489
97,SmolLM-1.7B-Instruct [Instruct/chat],79.19581196088399
97,SmolLM-135M [Pretrained (PT)],84.12196545740478
97,SmolLM-135M-Instruct [Instruct/chat],83.08462730388453
97,SmolLM-360M [Pretrained (PT)],84.13985751104534
97,SmolLM-360M-Instruct [Instruct/chat],89.95306686714586
97,SmolLM2-1.7B [Pretrained (PT)],102.88571841014576
97,SmolLM2-1.7B-Instruct [Instruct/chat],108.29078468049275
97,SmolLM2-135M [Pretrained (PT)],88.4551615168775
97,SmolLM2-135M-Instruct [Instruct/chat],82.34056384649854
97,SmolLM2-360M [Pretrained (PT)],92.7210676205501
97,SmolLM2-360M-Instruct [Instruct/chat],102.75337097422579
97,phi-1 [Pretrained (PT)],89.82275024155356
97,phi-1_5 [Pretrained (PT)],81.1112727436444
97,phi-2 [Pretrained (PT)],107.12850750886341
97,phi-4 [Pretrained (PT)],130.27408107863812
98,Gemma 1.1 2B IT [Instruction-tuned (IT)],102.60351386598323
98,Gemma 1.1 7B IT [Instruction-tuned (IT)],105.55051075673579
98,Gemma 2 27B IT [Instruction-tuned (IT)],123.69569631441549
98,Gemma 2 27B [Pretrained (PT)],113.13208447918147
98,Gemma 2 2B IT [Instruction-tuned (IT)],110.96089776213564
98,Gemma 2 2B [Pretrained (PT)],100.2959903687705
98,Gemma 2 9B IT [Instruction-tuned (IT)],120.70045102955602
98,Gemma 2 9B [Pretrained (PT)],108.85015885334985
98,Gemma 2B IT [Instruction-tuned (IT)],91.41808977939021
98,Gemma 2B [Pretrained (PT)],96.16992936646515
98,Gemma 3 12B IT [Instruction-tuned (IT)],126.01120333491534
98,Gemma 3 12B [Pretrained (PT)],113.1037263110187
98,Gemma 3 1B IT [Instruction-tuned (IT)],107.72557013210232
98,Gemma 3 1B [Pretrained (PT)],91.1102335082807
98,Gemma 3 27B IT [Instruction-tuned (IT)],130.12197064167094
98,Gemma 3 27B [Pretrained (PT)],115.89990148304554
98,Gemma 3 4B IT [Instruction-tuned (IT)],120.75296432363575
98,Gemma 3 4B [Pretrained (PT)],104.18705411073915
98,Gemma 3n E2B IT [Instruction-tuned (IT)],118.05337366772146
98,Gemma 3n E2B [Pretrained (PT)],100.74216914377942
98,Gemma 3n E4B IT [Instruction-tuned (IT)],121.07660201369661
98,Gemma 3n E4B [Pretrained (PT)],108.76769602929461
98,"Gemma 4 12B [IT, Thinking mode]",142.97533030002518
98,"Gemma 4 26B A4B [IT, Thinking mode]",146.50419751030003
98,"Gemma 4 31B [IT, Thinking mode]",148.51198794843907
98,"Gemma 4 E2B [IT, Thinking mode]",127.18838223020413
98,"Gemma 4 E4B [IT, Thinking mode]",134.60205330268954
98,Gemma 7B IT [Instruction-tuned (IT)],99.81335529268401
98,Gemma 7B [Pretrained (PT)],108.28828938116084
98,Llama-2-13b-chat-hf [Instruct/chat],107.26112682426556
98,Llama-2-13b-hf [Pretrained (PT)],104.47858830754657
98,Llama-2-7b-chat-hf [Instruct/chat],108.91804360611448
98,Llama-2-7b-hf [Pretrained (PT)],99.3664176062615
98,Llama-3.1-8B [Pretrained (PT)],100.59176564342548
98,Llama-3.1-8B-Instruct [Instruct/chat],113.16268485801011
98,Llama-3.2-1B [Pretrained (PT)],93.7788859783091
98,Llama-3.2-1B-Instruct [Instruct/chat],114.54247329239851
98,Llama-3.2-3B [Pretrained (PT)],103.41574487198943
98,Llama-3.2-3B-Instruct [Instruct/chat],116.9897592462644
98,Meta-Llama-3-8B [Pretrained (PT)],102.06586662232255
98,Meta-Llama-3-8B-Instruct [Instruct/chat],116.52658895675486
98,OLMo-1B-hf [Pretrained (PT)],99.2935270897004
98,OLMo-2-1124-7B-Instruct [Instruct/chat],115.5660908469342
98,OLMo-7B-Instruct-hf [Instruct/chat],98.33027045224179
98,OLMo-7B-hf [Pretrained (PT)],103.04789207783261
98,OLMoE-1B-7B-0125-Instruct [Instruct/chat],113.81164297523411
98,OLMoE-1B-7B-0924 [Pretrained (PT)],92.85230333455051
98,OLMoE-1B-7B-0924-Instruct [Instruct/chat],109.45089633590437
98,Phi-3-medium-128k-instruct [Instruct/chat],120.24167760947401
98,Phi-3-medium-4k-instruct [Instruct/chat],120.73195053443487
98,Phi-3-mini-128k-instruct [Instruct/chat],117.59222047796455
98,Phi-3-mini-4k-instruct [Instruct/chat],117.70322668648751
98,Phi-3-small-128k-instruct [Instruct/chat],122.0016772375837
98,Phi-3-small-8k-instruct [Instruct/chat],120.69109943333275
98,Phi-3.5-mini-instruct [Instruct/chat],117.94643100515549
98,Phi-4-mini-instruct [Instruct/chat],120.42054250183264
98,Qwen-1.8B-Chat [Instruct/chat],97.53539624553531
98,Qwen-14B-Chat [Instruct/chat],109.17317091615887
98,Qwen-7B-Chat [Instruct/chat],105.69768259256725
98,Qwen1.5-0.5B-Chat [Instruct/chat],77.78188563576174
98,Qwen1.5-1.8B [Base (no official chat academic scores)],101.1681014489936
98,Qwen1.5-1.8B-Chat [Instruct/chat],92.43604105968988
98,Qwen1.5-14B [Base (no official chat academic scores)],112.11695213408834
98,Qwen1.5-14B-Chat [Instruct/chat],105.77944443860342
98,Qwen1.5-32B [Base (no official chat academic scores)],112.08791863113117
98,Qwen1.5-32B-Chat [Instruct/chat],117.56762591343544
98,Qwen1.5-4B [Base (no official chat academic scores)],103.90065437462869
98,Qwen1.5-4B-Chat [Instruct/chat],100.74925056578067
98,Qwen1.5-7B [Base (no official chat academic scores)],107.81356565788639
98,Qwen1.5-7B-Chat [Instruct/chat],100.52280966305054
98,Qwen2-0.5B-Instruct [Instruct/chat],95.93324063478502
98,Qwen2-1.5B-Instruct [Instruct/chat],108.11638935235136
98,Qwen2-7B-Instruct [Instruct/chat],118.42803120402179
98,Qwen2.5-0.5B-Instruct [Instruct/chat],107.85488190331856
98,Qwen2.5-1.5B-Instruct [Instruct/chat],115.59013417350896
98,Qwen2.5-14B-Instruct [Instruct/chat],127.6663697813164
98,Qwen2.5-32B-Instruct [Instruct/chat],129.34965604620254
98,Qwen2.5-3B-Instruct [Instruct/chat],119.34689843505988
98,Qwen2.5-7B-Instruct [Instruct/chat],123.10683102118792
98,Qwen3-0.6B [Non-thinking mode],109.8497543454362
98,Qwen3-0.6B [Thinking mode],115.39104767045592
98,Qwen3-1.7B [Non-thinking mode],121.3854836202716
98,Qwen3-1.7B [Thinking mode],126.4985709560194
98,Qwen3-14B [Non-thinking mode],130.0871618226422
98,Qwen3-14B [Thinking mode],137.7443890931244
98,Qwen3-30B-A3B [Non-thinking mode],129.7827202759831
98,Qwen3-30B-A3B [Thinking mode],137.73066455450268
98,Qwen3-30B-A3B-Instruct-2507 [Instruct (non-thinking)],137.31055951669575
98,Qwen3-30B-A3B-Thinking-2507 [Thinking],141.5182529987674
98,Qwen3-32B [Non-thinking mode],129.812618376109
98,Qwen3-32B [Thinking mode],139.10511269592203
98,Qwen3-4B [Non-thinking mode],127.11015486595294
98,Qwen3-4B [Thinking mode],134.74931754365915
98,Qwen3-4B-Instruct-2507 [Instruct (non-thinking)],133.2085407747991
98,Qwen3-4B-Thinking-2507 [Thinking],137.51838791700456
98,Qwen3-8B [Non-thinking mode],129.09123165168077
98,Qwen3-8B [Thinking mode],136.6589834444971
98,Qwen3.5-0.8B [Non-thinking rows],110.12108801737926
98,Qwen3.5-0.8B [Thinking (default)],114.93696512599968
98,Qwen3.5-27B [Thinking (default)],147.50846527620854
98,Qwen3.5-2B [Non-thinking rows],123.1786489772682
98,Qwen3.5-2B [Thinking (default)],130.43333206842428
98,Qwen3.5-35B-A3B [Thinking (default)],144.47813291226464
98,Qwen3.5-4B [Thinking (default)],141.58794122644383
98,Qwen3.5-9B [Thinking (default)],144.17597066554765
98,Qwen3.6-27B [Thinking (default)],148.33713284711553
98,Qwen3.6-35B-A3B [Thinking (default)],147.05763536056793
98,SmolLM-1.7B [Pretrained (PT)],96.91259967070654
98,SmolLM-1.7B-Instruct [Instruct/chat],71.91731591560642
98,SmolLM-135M [Pretrained (PT)],100.24176264018637
98,SmolLM-135M-Instruct [Instruct/chat],88.7390425600245
98,SmolLM-360M [Pretrained (PT)],97.7389468714256
98,SmolLM-360M-Instruct [Instruct/chat],73.15854059201972
98,SmolLM2-1.7B [Pretrained (PT)],95.55637758145434
98,SmolLM2-1.7B-Instruct [Instruct/chat],108.9313322013333
98,SmolLM2-135M [Pretrained (PT)],98.48366991870178
98,SmolLM2-135M-Instruct [Instruct/chat],102.80450180913658
98,SmolLM2-360M [Pretrained (PT)],97.69619477782913
98,SmolLM2-360M-Instruct [Instruct/chat],78.7883270031127
98,phi-1 [Pretrained (PT)],77.98409375850623
98,phi-1_5 [Pretrained (PT)],90.3358241294512
98,phi-2 [Pretrained (PT)],106.67639218075438
98,phi-4 [Pretrained (PT)],113.11473794585814
99,Gemma 1.1 2B IT [Instruction-tuned (IT)],98.32612214396072
99,Gemma 1.1 7B IT [Instruction-tuned (IT)],106.88017235103803
99,Gemma 2 27B IT [Instruction-tuned (IT)],124.79999870461236
99,Gemma 2 27B [Pretrained (PT)],114.60024424653365
99,Gemma 2 2B IT [Instruction-tuned (IT)],112.79671602487717
99,Gemma 2 2B [Pretrained (PT)],100.97787273174578
99,Gemma 2 9B IT [Instruction-tuned (IT)],120.17911182788684
99,Gemma 2 9B [Pretrained (PT)],112.53207039670248
99,Gemma 2B IT [Instruction-tuned (IT)],90.33504976343912
99,Gemma 2B [Pretrained (PT)],94.75945091773151
99,Gemma 3 12B IT [Instruction-tuned (IT)],127.36966770455477
99,Gemma 3 12B [Pretrained (PT)],113.49354520042465
99,Gemma 3 1B IT [Instruction-tuned (IT)],105.64408182419167
99,Gemma 3 1B [Pretrained (PT)],78.3320830564825
99,Gemma 3 27B IT [Instruction-tuned (IT)],130.0091885431681
99,Gemma 3 27B [Pretrained (PT)],115.69692096302201
99,Gemma 3 4B IT [Instruction-tuned (IT)],121.11941252376751
99,Gemma 3 4B [Pretrained (PT)],104.90106438598386
99,Gemma 3n E2B IT [Instruction-tuned (IT)],112.27930892411892
99,Gemma 3n E2B [Pretrained (PT)],100.85496219864946
99,Gemma 3n E4B IT [Instruction-tuned (IT)],118.79868174718804
99,Gemma 3n E4B [Pretrained (PT)],108.46443813249012
99,"Gemma 4 12B [IT, Thinking mode]",141.7868722515275
99,"Gemma 4 26B A4B [IT, Thinking mode]",142.8265289157115
99,"Gemma 4 31B [IT, Thinking mode]",144.8633137096865
99,"Gemma 4 E2B [IT, Thinking mode]",128.96552390761573
99,"Gemma 4 E4B [IT, Thinking mode]",134.45798604435595
99,Gemma 7B IT [Instruction-tuned (IT)],101.13409973303536
99,Gemma 7B [Pretrained (PT)],107.30506354506232
99,Llama-2-13b-chat-hf [Instruct/chat],94.84613183889708
99,Llama-2-13b-hf [Pretrained (PT)],104.77614372493093
99,Llama-2-7b-chat-hf [Instruct/chat],92.42110971700359
99,Llama-2-7b-hf [Pretrained (PT)],99.03659909829668
99,Llama-3.1-8B [Pretrained (PT)],113.77493787325488
99,Llama-3.1-8B-Instruct [Instruct/chat],117.53886198001278
99,Llama-3.2-1B [Pretrained (PT)],83.02745537364072
99,Llama-3.2-1B-Instruct [Instruct/chat],95.90062031373351
99,Llama-3.2-3B [Pretrained (PT)],104.9695007163773
99,Llama-3.2-3B-Instruct [Instruct/chat],112.67646947448563
99,Meta-Llama-3-8B [Pretrained (PT)],111.98947324089218
99,Meta-Llama-3-8B-Instruct [Instruct/chat],117.42060062389785
99,OLMo-1B-hf [Pretrained (PT)],81.6379401300992
99,OLMo-2-1124-7B-Instruct [Instruct/chat],118.14666652703993
99,OLMo-7B-Instruct-hf [Instruct/chat],101.6303433434258
99,OLMo-7B-hf [Pretrained (PT)],93.02029205606522
99,OLMoE-1B-7B-0125-Instruct [Instruct/chat],105.27084443045915
99,OLMoE-1B-7B-0924 [Pretrained (PT)],92.69222986764962
99,OLMoE-1B-7B-0924-Instruct [Instruct/chat],105.32576951550651
99,Phi-3-medium-128k-instruct [Instruct/chat],120.39373004305044
99,Phi-3-medium-4k-instruct [Instruct/chat],124.28391107495946
99,Phi-3-mini-128k-instruct [Instruct/chat],118.67104767815889
99,Phi-3-mini-4k-instruct [Instruct/chat],119.35530000421888
99,Phi-3-small-128k-instruct [Instruct/chat],121.5323922755584
99,Phi-3-small-8k-instruct [Instruct/chat],122.28189098294577
99,Phi-3.5-mini-instruct [Instruct/chat],119.25201787970387
99,Phi-4-mini-instruct [Instruct/chat],119.57722188314658
99,Qwen-1.8B-Chat [Instruct/chat],100.23760705081682
99,Qwen-14B-Chat [Instruct/chat],110.15127727620867
99,Qwen-7B-Chat [Instruct/chat],107.18567339362696
99,Qwen1.5-0.5B-Chat [Instruct/chat],76.41691028416241
99,Qwen1.5-1.8B [Base (no official chat academic scores)],102.610505070357
99,Qwen1.5-1.8B-Chat [Instruct/chat],91.2311432573893
99,Qwen1.5-14B [Base (no official chat academic scores)],112.1162766742391
99,Qwen1.5-14B-Chat [Instruct/chat],114.73733190672584
99,Qwen1.5-32B [Base (no official chat academic scores)],113.50354759369021
99,Qwen1.5-32B-Chat [Instruct/chat],117.44776762687454
99,Qwen1.5-4B [Base (no official chat academic scores)],106.97498443714561
99,Qwen1.5-4B-Chat [Instruct/chat],97.1186795629814
99,Qwen1.5-7B [Base (no official chat academic scores)],109.36306673397617
99,Qwen1.5-7B-Chat [Instruct/chat],102.42879278474939
99,Qwen2-0.5B-Instruct [Instruct/chat],103.24112686696755
99,Qwen2-1.5B-Instruct [Instruct/chat],109.61215983880466
99,Qwen2-7B-Instruct [Instruct/chat],119.0286197150985
99,Qwen2.5-0.5B-Instruct [Instruct/chat],110.09852996749355
99,Qwen2.5-1.5B-Instruct [Instruct/chat],117.09170787204994
99,Qwen2.5-14B-Instruct [Instruct/chat],126.883409122437
99,Qwen2.5-32B-Instruct [Instruct/chat],129.56941155174772
99,Qwen2.5-3B-Instruct [Instruct/chat],116.29593159474597
99,Qwen2.5-7B-Instruct [Instruct/chat],124.5476068028569
99,Qwen3-0.6B [Non-thinking mode],106.61961625129172
99,Qwen3-0.6B [Thinking mode],116.16021620377497
99,Qwen3-1.7B [Non-thinking mode],116.6946155719806
99,Qwen3-1.7B [Thinking mode],128.73506967378972
99,Qwen3-14B [Non-thinking mode],128.34352929074728
99,Qwen3-14B [Thinking mode],136.6570191807595
99,Qwen3-30B-A3B [Non-thinking mode],128.76993981739628
99,Qwen3-30B-A3B [Thinking mode],137.00641756268845
99,Qwen3-30B-A3B-Instruct-2507 [Instruct (non-thinking)],136.36468979851583
99,Qwen3-30B-A3B-Thinking-2507 [Thinking],140.14740097033362
99,Qwen3-32B [Non-thinking mode],129.4395944113002
99,Qwen3-32B [Thinking mode],137.7682071514432
99,Qwen3-4B [Non-thinking mode],125.22319073600038
99,Qwen3-4B [Thinking mode],134.22901519063635
99,Qwen3-4B-Instruct-2507 [Instruct (non-thinking)],132.7943516144741
99,Qwen3-4B-Thinking-2507 [Thinking],138.10280986962337
99,Qwen3-8B [Non-thinking mode],127.45198867348778
99,Qwen3-8B [Thinking mode],135.3698689686773
99,Qwen3.5-0.8B [Non-thinking rows],106.11405967959138
99,Qwen3.5-0.8B [Thinking (default)],112.40766070410089
99,Qwen3.5-27B [Thinking (default)],146.74664354868085
99,Qwen3.5-2B [Non-thinking rows],120.26561003070196
99,Qwen3.5-2B [Thinking (default)],130.62709052930845
99,Qwen3.5-35B-A3B [Thinking (default)],144.1755294297991
99,Qwen3.5-4B [Thinking (default)],141.363869569459
99,Qwen3.5-9B [Thinking (default)],144.31300516545485
99,Qwen3.6-27B [Thinking (default)],147.6833134714113
99,Qwen3.6-35B-A3B [Thinking (default)],144.75883821977138
99,SmolLM-1.7B [Pretrained (PT)],91.18103197710788
99,SmolLM-1.7B-Instruct [Instruct/chat],78.46597935834922
99,SmolLM-135M [Pretrained (PT)],82.28887240296982
99,SmolLM-135M-Instruct [Instruct/chat],79.27484651410026
99,SmolLM-360M [Pretrained (PT)],85.1297079869803
99,SmolLM-360M-Instruct [Instruct/chat],87.67652611161144
99,SmolLM2-1.7B [Pretrained (PT)],93.99126362418971
99,SmolLM2-1.7B-Instruct [Instruct/chat],107.081658405204
99,SmolLM2-135M [Pretrained (PT)],82.11485192699999
99,SmolLM2-135M-Instruct [Instruct/chat],90.30070274226779
99,SmolLM2-360M [Pretrained (PT)],89.9132937484434
99,SmolLM2-360M-Instruct [Instruct/chat],82.33034750221483
99,phi-1 [Pretrained (PT)],84.3718143601599
99,phi-1_5 [Pretrained (PT)],97.81986572241053
99,phi-2 [Pretrained (PT)],108.14185754148441
99,phi-4 [Pretrained (PT)],127.86242799924798
